AccountNumber,Balance
ACC100000,287901.76
ACC100001,196202.84
ACC100002,991765.45
ACC100003,88700.97
ACC100004,473088.46
ACC100005,372697.34
ACC100006,523308.61
ACC100007,879718.69
ACC100008,198465.13
ACC100009,813700.39
ACC100010,68579.97
ACC100011,542784.07
ACC100012,536722.28
ACC100013,83732.75
ACC100014,294096.41
ACC100015,812594.00
ACC100016,361467.74
ACC100017,803000.84
ACC100018,665531.09
ACC100019,819361.85
ACC100020,520059.10
ACC100021,356575.57
ACC100022,484933.48
ACC100023,850449.59
ACC100024,68521.18
ACC100025,190068.26
ACC100026,272839.61
ACC100027,585510.20
ACC100028,562057.69
ACC100029,263865.35
ACC100030,219070.84
ACC100031,444951.34
ACC100032,256101.92
ACC100033,423715.41
ACC100034,872921.54
ACC100035,221481.61
ACC100036,462724.09
ACC100037,27132.44
ACC100038,663780.12
ACC100039,465389.71
ACC100040,845523.99
ACC100041,832686.95
ACC100042,777005.52
ACC100043,656033.45
ACC100044,392885.03
ACC100045,672800.35
ACC100046,67098.76
ACC100047,544777.97
ACC100048,654651.80
ACC100049,940141.92
ACC100050,960863.41
ACC100051,668325.46
ACC100052,820916.20
ACC100053,823146.25
ACC100054,217340.69
ACC100055,546015.66
ACC100056,163657.56
ACC100057,657527.59
ACC100058,998833.63
ACC100059,570253.60
ACC100060,82480.27
ACC100061,587961.43
ACC100062,538302.48
ACC100063,335734.64
ACC100064,734628.42
ACC100065,527337.12
ACC100066,532817.09
ACC100067,640587.41
ACC100068,146829.12
ACC100069,990154.11
ACC100070,830593.99
ACC100071,220944.78
ACC100072,72327.67
ACC100073,471743.02
ACC100074,680425.37
ACC100075,749778.37
ACC100076,690725.15
ACC100077,476036.55
ACC100078,257023.80
ACC100079,691096.49
ACC100080,790914.75
ACC100081,701598.58
ACC100082,33960.73
ACC100083,931805.96
ACC100084,448536.34
ACC100085,208538.93
ACC100086,217468.90
ACC100087,355677.37
ACC100088,688929.00
ACC100089,767799.62
ACC100090,939407.78
ACC100091,926929.15
ACC100092,304559.65
ACC100093,389092.08
ACC100094,196158.21
ACC100095,124960.06
ACC100096,902341.35
ACC100097,904498.70
ACC100098,412116.43
ACC100099,926709.94
ACC100100,861127.48
ACC100101,791420.94
ACC100102,661799.84
ACC100103,149018.48
ACC100104,42979.29
ACC100105,161163.77
ACC100106,683355.79
ACC100107,60176.61
ACC100108,333551.91
ACC100109,127991.71
ACC100110,618481.61
ACC100111,37629.87
ACC100112,97129.16
ACC100113,917973.73
ACC100114,369418.70
ACC100115,297493.69
ACC100116,850461.47
ACC100117,997353.87
ACC100118,422774.53
ACC100119,261179.36
ACC100120,606620.80
ACC100121,916542.94
ACC100122,762456.69
ACC100123,925005.71
ACC100124,795584.99
ACC100125,678120.11
ACC100126,929969.05
ACC100127,900184.85
ACC100128,472199.45
ACC100129,715466.99
ACC100130,609724.94
ACC100131,673022.19
ACC100132,574537.24
ACC100133,752825.89
ACC100134,179873.74
ACC100135,98558.75
ACC100136,236488.83
ACC100137,277681.60
ACC100138,515416.88
ACC100139,75210.74
ACC100140,927661.16
ACC100141,482411.02
ACC100142,960105.78
ACC100143,763224.35
ACC100144,921351.09
ACC100145,224127.30
ACC100146,726768.35
ACC100147,845965.72
ACC100148,877481.33
ACC100149,479565.23
ACC100150,262303.50
ACC100151,640203.63
ACC100152,691947.49
ACC100153,765711.69
ACC100154,73610.69
ACC100155,299619.66
ACC100156,666823.16
ACC100157,906680.32
ACC100158,204190.22
ACC100159,544793.79
ACC100160,767304.91
ACC100161,483061.71
ACC100162,118052.76
ACC100163,862864.25
ACC100164,441152.91
ACC100165,451650.48
ACC100166,47919.25
ACC100167,430949.85
ACC100168,564692.79
ACC100169,341057.90
ACC100170,998471.38
ACC100171,529248.57
ACC100172,526192.74
ACC100173,602263.64
ACC100174,472629.60
ACC100175,752490.15
ACC100176,922615.22
ACC100177,752643.06
ACC100178,449489.87
ACC100179,642121.50
ACC100180,489365.88
ACC100181,187425.50
ACC100182,26642.37
ACC100183,86242.43
ACC100184,834722.68
ACC100185,543897.42
ACC100186,797124.49
ACC100187,319885.45
ACC100188,361126.32
ACC100189,50958.66
ACC100190,562227.21
ACC100191,34747.06
ACC100192,104448.52
ACC100193,979872.31
ACC100194,265778.47
ACC100195,544928.76
ACC100196,709728.01
ACC100197,351219.14
ACC100198,93368.72
ACC100199,953635.38
ACC100200,777674.38
ACC100201,438174.78
ACC100202,621263.18
ACC100203,595103.85
ACC100204,490487.89
ACC100205,947272.15
ACC100206,274462.33
ACC100207,16299.51
ACC100208,458229.56
ACC100209,214795.33
ACC100210,61526.13
ACC100211,434118.31
ACC100212,748097.68
ACC100213,729869.63
ACC100214,505369.52
ACC100215,405971.46
ACC100216,558528.98
ACC100217,614170.84
ACC100218,904265.84
ACC100219,154706.18
ACC100220,718039.15
ACC100221,912971.62
ACC100222,415761.98
ACC100223,82828.42
ACC100224,315154.34
ACC100225,382974.73
ACC100226,488112.73
ACC100227,685946.54
ACC100228,840657.35
ACC100229,719053.52
ACC100230,59184.33
ACC100231,101241.41
ACC100232,116683.17
ACC100233,914626.98
ACC100234,281556.03
ACC100235,323596.66
ACC100236,718946.69
ACC100237,868941.74
ACC100238,264765.21
ACC100239,429784.72
ACC100240,318570.54
ACC100241,69015.89
ACC100242,131296.49
ACC100243,699806.83
ACC100244,98604.46
ACC100245,834419.49
ACC100246,892006.31
ACC100247,974122.95
ACC100248,777388.04
ACC100249,299423.65
ACC100250,269204.26
ACC100251,416084.09
ACC100252,306406.45
ACC100253,809345.42
ACC100254,921579.18
ACC100255,10393.22
ACC100256,644224.83
ACC100257,586148.22
ACC100258,284561.96
ACC100259,350872.06
ACC100260,860459.52
ACC100261,792526.73
ACC100262,602559.43
ACC100263,304199.48
ACC100264,184555.24
ACC100265,333813.62
ACC100266,355772.33
ACC100267,350614.07
ACC100268,73385.43
ACC100269,313089.54
ACC100270,184027.79
ACC100271,767836.18
ACC100272,699377.82
ACC100273,76860.66
ACC100274,383210.37
ACC100275,920666.75
ACC100276,796991.29
ACC100277,596588.07
ACC100278,896468.22
ACC100279,265858.52
ACC100280,849930.32
ACC100281,915210.27
ACC100282,832399.62
ACC100283,19931.18
ACC100284,924480.45
ACC100285,327595.42
ACC100286,235892.25
ACC100287,826616.44
ACC100288,805785.64
ACC100289,889592.14
ACC100290,434192.06
ACC100291,60569.05
ACC100292,983759.29
ACC100293,172017.70
ACC100294,581119.49
ACC100295,734869.64
ACC100296,143633.02
ACC100297,613529.99
ACC100298,986131.66
ACC100299,861670.63
ACC100300,22894.16
ACC100301,779873.94
ACC100302,922144.00
ACC100303,898100.45
ACC100304,421549.27
ACC100305,36476.57
ACC100306,46681.04
ACC100307,93242.23
ACC100308,736273.28
ACC100309,26783.76
ACC100310,135016.16
ACC100311,606642.34
ACC100312,831065.10
ACC100313,140089.78
ACC100314,81490.87
ACC100315,224379.73
ACC100316,477528.28
ACC100317,449905.37
ACC100318,886169.67
ACC100319,635240.73
ACC100320,326830.59
ACC100321,847142.69
ACC100322,498391.97
ACC100323,446996.01
ACC100324,492770.10
ACC100325,461565.44
ACC100326,526623.50
ACC100327,201163.46
ACC100328,81185.11
ACC100329,530059.29
ACC100330,635289.48
ACC100331,803968.93
ACC100332,615193.93
ACC100333,591323.84
ACC100334,133988.36
ACC100335,281478.31
ACC100336,358435.92
ACC100337,773568.38
ACC100338,432639.11
ACC100339,458077.47
ACC100340,369607.75
ACC100341,814714.76
ACC100342,737707.42
ACC100343,299614.27
ACC100344,11150.41
ACC100345,493467.57
ACC100346,619684.71
ACC100347,995592.76
ACC100348,952939.33
ACC100349,914406.64
ACC100350,560461.04
ACC100351,188824.48
ACC100352,118266.57
ACC100353,390989.84
ACC100354,531137.50
ACC100355,165891.73
ACC100356,824276.38
ACC100357,227023.30
ACC100358,426164.98
ACC100359,287667.24
ACC100360,662326.39
ACC100361,359764.57
ACC100362,828475.92
ACC100363,315960.15
ACC100364,655494.38
ACC100365,306368.02
ACC100366,972492.13
ACC100367,680122.73
ACC100368,180636.76
ACC100369,429865.41
ACC100370,827546.38
ACC100371,586152.31
ACC100372,971026.85
ACC100373,421293.24
ACC100374,303347.05
ACC100375,850462.68
ACC100376,652662.89
ACC100377,240937.20
ACC100378,181644.26
ACC100379,591074.73
ACC100380,802832.80
ACC100381,803957.72
ACC100382,964223.33
ACC100383,770489.85
ACC100384,333458.49
ACC100385,203894.00
ACC100386,66754.84
ACC100387,986960.97
ACC100388,984116.05
ACC100389,101713.38
ACC100390,720873.23
ACC100391,824264.81
ACC100392,60437.78
ACC100393,828180.35
ACC100394,253134.26
ACC100395,434404.61
ACC100396,112851.07
ACC100397,463364.34
ACC100398,279219.52
ACC100399,202937.07
ACC100400,298293.81
ACC100401,899088.35
ACC100402,574909.47
ACC100403,592817.69
ACC100404,173669.84
ACC100405,278039.73
ACC100406,941938.90
ACC100407,579797.72
ACC100408,94367.76
ACC100409,387122.21
ACC100410,706877.72
ACC100411,340481.98
ACC100412,444164.94
ACC100413,372423.22
ACC100414,94647.02
ACC100415,343170.80
ACC100416,454274.16
ACC100417,358902.84
ACC100418,325184.39
ACC100419,261559.82
ACC100420,139162.87
ACC100421,219580.74
ACC100422,582114.48
ACC100423,552260.80
ACC100424,45086.28
ACC100425,326604.60
ACC100426,986059.74
ACC100427,78932.30
ACC100428,794022.87
ACC100429,560129.10
ACC100430,782443.81
ACC100431,468572.98
ACC100432,90886.91
ACC100433,650416.12
ACC100434,414293.41
ACC100435,669231.31
ACC100436,625515.64
ACC100437,373987.37
ACC100438,744636.86
ACC100439,363024.19
ACC100440,922988.74
ACC100441,36017.85
ACC100442,830627.02
ACC100443,763933.29
ACC100444,86336.67
ACC100445,148453.41
ACC100446,602482.26
ACC100447,836361.20
ACC100448,614629.21
ACC100449,196568.20
ACC100450,724744.28
ACC100451,467881.38
ACC100452,456808.93
ACC100453,865847.67
ACC100454,395193.04
ACC100455,18003.56
ACC100456,437444.80
ACC100457,296190.39
ACC100458,118038.20
ACC100459,214103.46
ACC100460,334829.50
ACC100461,261466.34
ACC100462,772723.62
ACC100463,155928.51
ACC100464,344528.79
ACC100465,669452.57
ACC100466,107835.35
ACC100467,851293.04
ACC100468,82615.13
ACC100469,30086.24
ACC100470,351195.99
ACC100471,707714.77
ACC100472,602377.93
ACC100473,908833.00
ACC100474,502256.56
ACC100475,907820.46
ACC100476,776300.87
ACC100477,286763.47
ACC100478,581365.09
ACC100479,830362.81
ACC100480,201532.13
ACC100481,429662.71
ACC100482,592394.13
ACC100483,193641.23
ACC100484,291947.03
ACC100485,405168.11
ACC100486,530552.54
ACC100487,754008.24
ACC100488,743212.13
ACC100489,959537.79
ACC100490,435984.76
ACC100491,338969.08
ACC100492,299008.89
ACC100493,854197.14
ACC100494,855978.89
ACC100495,682146.12
ACC100496,986759.82
ACC100497,746693.39
ACC100498,274258.30
ACC100499,46080.59
ACC100500,559823.62
ACC100501,901107.61
ACC100502,854923.72
ACC100503,68482.88
ACC100504,160185.80
ACC100505,229331.81
ACC100506,901141.83
ACC100507,898118.85
ACC100508,741169.79
ACC100509,166912.63
ACC100510,444643.52
ACC100511,368033.34
ACC100512,663628.98
ACC100513,545396.70
ACC100514,131498.70
ACC100515,216263.04
ACC100516,491453.16
ACC100517,387281.78
ACC100518,362477.01
ACC100519,747579.84
ACC100520,53032.87
ACC100521,269785.53
ACC100522,562582.41
ACC100523,174131.50
ACC100524,664574.51
ACC100525,19688.82
ACC100526,64067.29
ACC100527,248110.81
ACC100528,58843.06
ACC100529,963492.75
ACC100530,510384.73
ACC100531,255784.99
ACC100532,899033.35
ACC100533,325048.35
ACC100534,965131.00
ACC100535,339355.84
ACC100536,252031.05
ACC100537,686675.65
ACC100538,640058.08
ACC100539,781197.90
ACC100540,888322.56
ACC100541,219583.70
ACC100542,149703.85
ACC100543,74034.54
ACC100544,647248.55
ACC100545,415135.00
ACC100546,647091.62
ACC100547,920564.10
ACC100548,56168.83
ACC100549,10168.63
ACC100550,505292.12
ACC100551,56936.25
ACC100552,160417.31
ACC100553,37202.98
ACC100554,193420.85
ACC100555,606304.89
ACC100556,497672.99
ACC100557,713884.41
ACC100558,132860.21
ACC100559,11448.08
ACC100560,855559.14
ACC100561,455530.29
ACC100562,730150.26
ACC100563,159146.09
ACC100564,474905.73
ACC100565,760035.01
ACC100566,357083.54
ACC100567,713647.89
ACC100568,443170.54
ACC100569,845764.77
ACC100570,136069.01
ACC100571,602131.69
ACC100572,653012.60
ACC100573,40362.20
ACC100574,629796.65
ACC100575,521580.16
ACC100576,289947.00
ACC100577,171613.68
ACC100578,68638.92
ACC100579,953940.83
ACC100580,960383.54
ACC100581,730703.04
ACC100582,347066.34
ACC100583,734831.34
ACC100584,17161.39
ACC100585,423281.81
ACC100586,631634.95
ACC100587,920375.90
ACC100588,853941.35
ACC100589,494831.80
ACC100590,127819.04
ACC100591,607021.99
ACC100592,502501.17
ACC100593,383777.77
ACC100594,771117.33
ACC100595,820388.30
ACC100596,178103.97
ACC100597,658728.37
ACC100598,299452.83
ACC100599,701333.22
ACC100600,717669.29
ACC100601,655080.22
ACC100602,288915.42
ACC100603,730509.48
ACC100604,33474.94
ACC100605,711015.72
ACC100606,523363.12
ACC100607,856684.15
ACC100608,811553.12
ACC100609,333656.89
ACC100610,600302.85
ACC100611,89054.35
ACC100612,348817.24
ACC100613,232808.19
ACC100614,780812.08
ACC100615,69677.91
ACC100616,336266.64
ACC100617,622327.87
ACC100618,620043.62
ACC100619,238964.09
ACC100620,997364.55
ACC100621,897713.07
ACC100622,227071.28
ACC100623,894933.28
ACC100624,560869.70
ACC100625,222965.90
ACC100626,248488.88
ACC100627,755655.89
ACC100628,676025.34
ACC100629,440227.56
ACC100630,569267.51
ACC100631,423919.07
ACC100632,265070.25
ACC100633,272025.57
ACC100634,416903.93
ACC100635,453746.31
ACC100636,883533.78
ACC100637,438273.20
ACC100638,80861.13
ACC100639,639908.50
ACC100640,392712.99
ACC100641,198393.65
ACC100642,778705.45
ACC100643,354016.02
ACC100644,801102.68
ACC100645,503110.25
ACC100646,253186.89
ACC100647,904170.84
ACC100648,522359.98
ACC100649,780552.87
ACC100650,340788.37
ACC100651,199482.54
ACC100652,806632.85
ACC100653,227373.88
ACC100654,801986.72
ACC100655,916017.32
ACC100656,59767.58
ACC100657,237551.17
ACC100658,636622.03
ACC100659,156948.70
ACC100660,921033.70
ACC100661,789474.42
ACC100662,574364.35
ACC100663,166818.69
ACC100664,474564.39
ACC100665,125768.66
ACC100666,400295.60
ACC100667,777893.48
ACC100668,532709.81
ACC100669,340104.26
ACC100670,369091.44
ACC100671,945611.46
ACC100672,200934.96
ACC100673,440974.60
ACC100674,648192.34
ACC100675,480073.05
ACC100676,53767.90
ACC100677,314092.83
ACC100678,960694.65
ACC100679,421410.06
ACC100680,799613.83
ACC100681,202666.33
ACC100682,712471.97
ACC100683,948698.42
ACC100684,458999.21
ACC100685,458352.59
ACC100686,755253.63
ACC100687,144842.21
ACC100688,655994.95
ACC100689,245182.64
ACC100690,668041.69
ACC100691,413557.61
ACC100692,866191.84
ACC100693,214157.83
ACC100694,723339.58
ACC100695,179224.50
ACC100696,256660.52
ACC100697,237583.59
ACC100698,102194.66
ACC100699,545949.12
ACC100700,503827.65
ACC100701,579498.44
ACC100702,743023.89
ACC100703,758695.51
ACC100704,764134.63
ACC100705,21788.90
ACC100706,253596.20
ACC100707,496793.95
ACC100708,769718.56
ACC100709,824751.10
ACC100710,443386.68
ACC100711,958523.66
ACC100712,627165.91
ACC100713,755967.23
ACC100714,954797.19
ACC100715,354793.45
ACC100716,361636.80
ACC100717,522409.75
ACC100718,66454.95
ACC100719,940206.80
ACC100720,161344.11
ACC100721,607668.71
ACC100722,889954.34
ACC100723,911000.18
ACC100724,468493.95
ACC100725,769117.90
ACC100726,82999.95
ACC100727,721480.98
ACC100728,522355.21
ACC100729,778692.29
ACC100730,26937.07
ACC100731,723668.70
ACC100732,628123.35
ACC100733,705744.55
ACC100734,525123.52
ACC100735,548855.42
ACC100736,571679.76
ACC100737,271180.89
ACC100738,360500.65
ACC100739,634754.09
ACC100740,755220.50
ACC100741,538746.23
ACC100742,256062.97
ACC100743,277790.90
ACC100744,332039.14
ACC100745,621935.97
ACC100746,360705.46
ACC100747,396924.54
ACC100748,340496.36
ACC100749,733557.27
ACC100750,605144.42
ACC100751,363138.79
ACC100752,177394.46
ACC100753,499443.94
ACC100754,548261.63
ACC100755,37456.03
ACC100756,919598.07
ACC100757,168250.41
ACC100758,223313.97
ACC100759,379957.91
ACC100760,989802.76
ACC100761,895606.43
ACC100762,245979.32
ACC100763,22875.69
ACC100764,337851.68
ACC100765,243209.91
ACC100766,932176.79
ACC100767,152326.30
ACC100768,862935.15
ACC100769,311667.04
ACC100770,453003.80
ACC100771,475721.35
ACC100772,254382.01
ACC100773,410059.61
ACC100774,36973.32
ACC100775,895265.25
ACC100776,19561.66
ACC100777,175326.01
ACC100778,316015.45
ACC100779,932284.28
ACC100780,66663.61
ACC100781,530587.74
ACC100782,261422.73
ACC100783,62392.72
ACC100784,117807.44
ACC100785,383535.80
ACC100786,659074.03
ACC100787,397702.61
ACC100788,184058.37
ACC100789,973910.95
ACC100790,399863.04
ACC100791,569423.25
ACC100792,208485.10
ACC100793,752969.26
ACC100794,561287.02
ACC100795,672271.98
ACC100796,206393.69
ACC100797,517619.73
ACC100798,319617.77
ACC100799,861131.61
ACC100800,763307.60
ACC100801,647652.60
ACC100802,938981.93
ACC100803,330341.52
ACC100804,581136.36
ACC100805,286147.22
ACC100806,734018.57
ACC100807,846897.45
ACC100808,711286.67
ACC100809,190755.72
ACC100810,626561.93
ACC100811,640661.56
ACC100812,720216.73
ACC100813,427103.76
ACC100814,194013.82
ACC100815,567448.04
ACC100816,388121.44
ACC100817,775031.61
ACC100818,397724.57
ACC100819,414550.52
ACC100820,665057.83
ACC100821,233819.38
ACC100822,903792.67
ACC100823,382916.28
ACC100824,780881.71
ACC100825,853897.27
ACC100826,916223.64
ACC100827,575748.46
ACC100828,765864.02
ACC100829,789836.34
ACC100830,563354.22
ACC100831,829831.30
ACC100832,587790.76
ACC100833,72648.50
ACC100834,652853.22
ACC100835,883323.99
ACC100836,28724.18
ACC100837,548593.80
ACC100838,158451.66
ACC100839,542158.56
ACC100840,780412.38
ACC100841,296800.23
ACC100842,52834.17
ACC100843,196501.93
ACC100844,961583.71
ACC100845,249047.21
ACC100846,445840.91
ACC100847,779007.13
ACC100848,863046.68
ACC100849,262045.08
ACC100850,665282.47
ACC100851,37779.24
ACC100852,287640.34
ACC100853,155464.01
ACC100854,719263.58
ACC100855,599120.60
ACC100856,971639.53
ACC100857,617822.13
ACC100858,73939.11
ACC100859,568195.68
ACC100860,582218.37
ACC100861,577138.47
ACC100862,819093.84
ACC100863,629769.73
ACC100864,442010.22
ACC100865,743988.12
ACC100866,545841.37
ACC100867,116127.17
ACC100868,916675.89
ACC100869,41267.30
ACC100870,666078.87
ACC100871,955163.03
ACC100872,554701.98
ACC100873,647583.18
ACC100874,62114.93
ACC100875,738468.45
ACC100876,80399.80
ACC100877,589728.53
ACC100878,757102.67
ACC100879,676993.40
ACC100880,601260.20
ACC100881,704183.40
ACC100882,972566.81
ACC100883,760572.54
ACC100884,659443.40
ACC100885,218005.92
ACC100886,378402.94
ACC100887,17237.24
ACC100888,424242.92
ACC100889,175832.40
ACC100890,483258.51
ACC100891,38814.17
ACC100892,517860.93
ACC100893,242000.64
ACC100894,439170.46
ACC100895,140823.86
ACC100896,60768.21
ACC100897,635044.05
ACC100898,693739.23
ACC100899,377144.11
ACC100900,55294.09
ACC100901,185973.04
ACC100902,255961.06
ACC100903,83291.69
ACC100904,236903.47
ACC100905,871868.49
ACC100906,908118.83
ACC100907,606501.90
ACC100908,401865.00
ACC100909,552356.12
ACC100910,635849.58
ACC100911,316049.32
ACC100912,777700.76
ACC100913,798513.81
ACC100914,531660.24
ACC100915,933454.15
ACC100916,628930.41
ACC100917,421683.28
ACC100918,113755.50
ACC100919,949357.63
ACC100920,185183.52
ACC100921,433515.33
ACC100922,522070.80
ACC100923,721925.24
ACC100924,321751.82
ACC100925,838372.36
ACC100926,156870.09
ACC100927,640651.14
ACC100928,874088.71
ACC100929,94944.88
ACC100930,522172.64
ACC100931,849388.05
ACC100932,247636.05
ACC100933,435608.10
ACC100934,746614.71
ACC100935,543314.84
ACC100936,52669.61
ACC100937,259652.21
ACC100938,928131.29
ACC100939,246381.64
ACC100940,40601.34
ACC100941,690065.46
ACC100942,666059.86
ACC100943,58534.38
ACC100944,933363.72
ACC100945,783030.52
ACC100946,584922.59
ACC100947,235723.20
ACC100948,981123.08
ACC100949,824715.66
ACC100950,238234.79
ACC100951,110336.68
ACC100952,995630.21
ACC100953,411298.72
ACC100954,848217.40
ACC100955,835281.30
ACC100956,417014.40
ACC100957,245457.48
ACC100958,548257.25
ACC100959,211437.72
ACC100960,400762.20
ACC100961,735792.16
ACC100962,269363.90
ACC100963,165677.91
ACC100964,258996.10
ACC100965,904815.60
ACC100966,359713.15
ACC100967,585015.26
ACC100968,645977.93
ACC100969,176254.31
ACC100970,47646.93
ACC100971,431785.89
ACC100972,752010.48
ACC100973,253448.55
ACC100974,103215.77
ACC100975,65023.33
ACC100976,422596.02
ACC100977,457621.47
ACC100978,51504.57
ACC100979,434389.79
ACC100980,470833.90
ACC100981,337708.28
ACC100982,782574.27
ACC100983,545165.83
ACC100984,840599.11
ACC100985,772292.64
ACC100986,107880.95
ACC100987,355876.62
ACC100988,966042.86
ACC100989,438993.46
ACC100990,741501.03
ACC100991,284146.34
ACC100992,749390.79
ACC100993,607376.93
ACC100994,716395.55
ACC100995,261323.91
ACC100996,873888.00
ACC100997,298138.93
ACC100998,411287.76
ACC100999,202311.32
ACC101000,752050.52
ACC101001,783910.44
ACC101002,562508.54
ACC101003,733852.46
ACC101004,191130.92
ACC101005,625583.16
ACC101006,657379.81
ACC101007,32304.00
ACC101008,107891.08
ACC101009,422535.11
ACC101010,331361.51
ACC101011,450610.63
ACC101012,23398.56
ACC101013,715556.32
ACC101014,390278.51
ACC101015,43846.11
ACC101016,665623.31
ACC101017,667631.27
ACC101018,791473.89
ACC101019,603257.67
ACC101020,193109.51
ACC101021,160030.71
ACC101022,343701.34
ACC101023,550264.51
ACC101024,536932.95
ACC101025,509396.71
ACC101026,194974.06
ACC101027,574313.08
ACC101028,310527.42
ACC101029,25676.14
ACC101030,370429.13
ACC101031,561879.96
ACC101032,67774.04
ACC101033,980863.77
ACC101034,248545.46
ACC101035,218239.23
ACC101036,258995.64
ACC101037,94562.13
ACC101038,623770.79
ACC101039,168875.53
ACC101040,342183.69
ACC101041,594347.23
ACC101042,456766.91
ACC101043,583624.45
ACC101044,252908.33
ACC101045,896849.23
ACC101046,410074.40
ACC101047,593761.17
ACC101048,440922.99
ACC101049,769314.73
ACC101050,487027.24
ACC101051,110333.83
ACC101052,874472.27
ACC101053,701211.81
ACC101054,625214.95
ACC101055,61052.43
ACC101056,914748.56
ACC101057,651172.27
ACC101058,752693.42
ACC101059,412994.79
ACC101060,772814.36
ACC101061,646234.21
ACC101062,95488.15
ACC101063,709279.79
ACC101064,389619.59
ACC101065,567956.75
ACC101066,568712.45
ACC101067,369684.68
ACC101068,846489.37
ACC101069,753522.66
ACC101070,150840.07
ACC101071,437946.26
ACC101072,188644.99
ACC101073,949427.72
ACC101074,411326.19
ACC101075,52187.65
ACC101076,217942.55
ACC101077,500775.07
ACC101078,325862.19
ACC101079,259550.31
ACC101080,423075.18
ACC101081,610550.74
ACC101082,211079.18
ACC101083,641687.85
ACC101084,245982.06
ACC101085,60550.90
ACC101086,11481.86
ACC101087,554291.21
ACC101088,952143.71
ACC101089,528864.35
ACC101090,705798.89
ACC101091,581266.31
ACC101092,399815.59
ACC101093,537983.29
ACC101094,337777.36
ACC101095,462574.09
ACC101096,69062.71
ACC101097,682722.92
ACC101098,277728.33
ACC101099,344068.46
ACC101100,755706.06
ACC101101,798175.61
ACC101102,815847.75
ACC101103,47931.95
ACC101104,847977.33
ACC101105,534907.40
ACC101106,736490.34
ACC101107,723509.78
ACC101108,384800.96
ACC101109,601524.71
ACC101110,364166.88
ACC101111,160481.55
ACC101112,684183.83
ACC101113,133596.60
ACC101114,117063.76
ACC101115,589386.44
ACC101116,948190.23
ACC101117,212712.90
ACC101118,712351.29
ACC101119,128530.70
ACC101120,197415.78
ACC101121,40190.57
ACC101122,309450.63
ACC101123,301258.37
ACC101124,312746.98
ACC101125,756611.05
ACC101126,522771.89
ACC101127,583453.91
ACC101128,595503.17
ACC101129,520978.71
ACC101130,164214.57
ACC101131,387971.96
ACC101132,848806.31
ACC101133,931834.81
ACC101134,497938.77
ACC101135,160453.71
ACC101136,423209.26
ACC101137,687144.83
ACC101138,405569.60
ACC101139,199689.14
ACC101140,888236.22
ACC101141,790196.19
ACC101142,389089.15
ACC101143,805324.70
ACC101144,888549.62
ACC101145,495100.87
ACC101146,401199.57
ACC101147,496290.73
ACC101148,438955.96
ACC101149,767792.85
ACC101150,748907.96
ACC101151,34837.72
ACC101152,496398.21
ACC101153,846642.06
ACC101154,745487.36
ACC101155,323520.73
ACC101156,29456.03
ACC101157,240976.99
ACC101158,738810.83
ACC101159,225861.02
ACC101160,556685.05
ACC101161,245915.27
ACC101162,120334.03
ACC101163,555738.79
ACC101164,514374.79
ACC101165,127946.31
ACC101166,378719.14
ACC101167,905835.99
ACC101168,811990.43
ACC101169,577693.04
ACC101170,885247.13
ACC101171,991648.26
ACC101172,39686.26
ACC101173,444199.01
ACC101174,34756.72
ACC101175,654724.34
ACC101176,316839.96
ACC101177,168945.18
ACC101178,475878.42
ACC101179,906867.00
ACC101180,453553.76
ACC101181,797595.18
ACC101182,87798.23
ACC101183,826044.00
ACC101184,138505.51
ACC101185,63200.45
ACC101186,387690.10
ACC101187,344707.65
ACC101188,56404.22
ACC101189,176266.70
ACC101190,13298.34
ACC101191,572111.09
ACC101192,736616.54
ACC101193,184690.19
ACC101194,418929.63
ACC101195,664035.38
ACC101196,321277.65
ACC101197,550117.78
ACC101198,310332.10
ACC101199,626104.83
ACC101200,986386.42
ACC101201,926766.38
ACC101202,544592.68
ACC101203,140569.59
ACC101204,13006.74
ACC101205,244158.43
ACC101206,75275.47
ACC101207,871072.93
ACC101208,117758.78
ACC101209,206586.07
ACC101210,370554.01
ACC101211,465497.00
ACC101212,872280.81
ACC101213,909413.04
ACC101214,93056.22
ACC101215,733494.30
ACC101216,130278.16
ACC101217,35554.57
ACC101218,224545.74
ACC101219,632763.47
ACC101220,768149.47
ACC101221,684646.15
ACC101222,776404.75
ACC101223,796516.65
ACC101224,550989.88
ACC101225,272519.38
ACC101226,268162.99
ACC101227,493911.53
ACC101228,960019.96
ACC101229,839647.65
ACC101230,371034.27
ACC101231,315485.71
ACC101232,420173.80
ACC101233,44207.32
ACC101234,201576.23
ACC101235,866830.81
ACC101236,897703.40
ACC101237,968319.73
ACC101238,82180.52
ACC101239,415883.82
ACC101240,857216.66
ACC101241,834896.73
ACC101242,400130.54
ACC101243,202288.67
ACC101244,765564.40
ACC101245,617307.57
ACC101246,255430.12
ACC101247,231294.39
ACC101248,816427.55
ACC101249,544817.19
ACC101250,619510.82
ACC101251,929608.26
ACC101252,544328.55
ACC101253,733416.04
ACC101254,702267.80
ACC101255,216510.14
ACC101256,670101.37
ACC101257,734268.80
ACC101258,573653.12
ACC101259,240360.96
ACC101260,451603.10
ACC101261,540554.57
ACC101262,688271.87
ACC101263,388401.72
ACC101264,783635.00
ACC101265,17953.23
ACC101266,997081.75
ACC101267,706440.59
ACC101268,939664.67
ACC101269,554452.58
ACC101270,289387.53
ACC101271,304664.33
ACC101272,315000.58
ACC101273,281508.87
ACC101274,90851.51
ACC101275,146386.61
ACC101276,676569.36
ACC101277,910887.22
ACC101278,119208.18
ACC101279,908059.13
ACC101280,728380.84
ACC101281,169741.97
ACC101282,298775.08
ACC101283,591323.18
ACC101284,94139.49
ACC101285,270666.04
ACC101286,637693.85
ACC101287,691267.00
ACC101288,939271.20
ACC101289,43546.28
ACC101290,18115.11
ACC101291,219381.77
ACC101292,513882.22
ACC101293,812106.63
ACC101294,519256.78
ACC101295,664971.53
ACC101296,955853.22
ACC101297,280003.16
ACC101298,536420.75
ACC101299,684974.08
ACC101300,989393.85
ACC101301,319255.25
ACC101302,735643.80
ACC101303,189288.78
ACC101304,438943.89
ACC101305,777654.40
ACC101306,323688.25
ACC101307,146782.64
ACC101308,201305.49
ACC101309,141586.97
ACC101310,466545.05
ACC101311,626160.53
ACC101312,630325.93
ACC101313,866440.08
ACC101314,536525.26
ACC101315,955836.14
ACC101316,98324.06
ACC101317,628429.12
ACC101318,898358.95
ACC101319,357828.64
ACC101320,526763.39
ACC101321,59293.34
ACC101322,298498.77
ACC101323,822537.10
ACC101324,305423.62
ACC101325,438850.59
ACC101326,549042.91
ACC101327,604007.43
ACC101328,204507.29
ACC101329,329884.66
ACC101330,168346.11
ACC101331,879008.38
ACC101332,287741.64
ACC101333,535258.98
ACC101334,654479.47
ACC101335,137871.47
ACC101336,686596.27
ACC101337,948507.38
ACC101338,775228.71
ACC101339,940626.32
ACC101340,766234.99
ACC101341,56447.76
ACC101342,789287.82
ACC101343,808475.76
ACC101344,882756.45
ACC101345,915597.15
ACC101346,677708.71
ACC101347,38107.38
ACC101348,88650.07
ACC101349,223335.85
ACC101350,782510.09
ACC101351,484725.62
ACC101352,299205.71
ACC101353,519876.98
ACC101354,720627.32
ACC101355,739015.64
ACC101356,316862.22
ACC101357,998141.33
ACC101358,486102.13
ACC101359,773513.51
ACC101360,623166.75
ACC101361,725620.59
ACC101362,631565.51
ACC101363,185058.18
ACC101364,419138.68
ACC101365,215232.22
ACC101366,91658.66
ACC101367,682139.89
ACC101368,524393.59
ACC101369,331025.68
ACC101370,576066.08
ACC101371,519035.58
ACC101372,733379.85
ACC101373,199395.72
ACC101374,968302.31
ACC101375,112635.22
ACC101376,43516.49
ACC101377,987189.95
ACC101378,838297.05
ACC101379,342814.93
ACC101380,544893.92
ACC101381,404768.65
ACC101382,312166.37
ACC101383,693100.54
ACC101384,494509.65
ACC101385,714681.45
ACC101386,961336.07
ACC101387,375192.16
ACC101388,569758.97
ACC101389,395171.01
ACC101390,865400.67
ACC101391,608683.55
ACC101392,906086.61
ACC101393,362195.90
ACC101394,918755.42
ACC101395,296011.25
ACC101396,602327.72
ACC101397,114084.97
ACC101398,780130.68
ACC101399,142307.59
ACC101400,194327.91
ACC101401,179292.87
ACC101402,206687.42
ACC101403,640407.18
ACC101404,652929.30
ACC101405,480021.38
ACC101406,230299.12
ACC101407,232770.61
ACC101408,646345.74
ACC101409,552703.29
ACC101410,893049.84
ACC101411,94540.18
ACC101412,289322.96
ACC101413,660516.17
ACC101414,241820.08
ACC101415,365331.18
ACC101416,622290.27
ACC101417,413200.04
ACC101418,118111.03
ACC101419,571688.05
ACC101420,52958.24
ACC101421,505498.43
ACC101422,148975.13
ACC101423,377399.09
ACC101424,270502.38
ACC101425,927524.39
ACC101426,358074.46
ACC101427,25064.00
ACC101428,158596.27
ACC101429,38273.03
ACC101430,332481.19
ACC101431,119447.33
ACC101432,738117.33
ACC101433,557359.97
ACC101434,670862.40
ACC101435,721227.29
ACC101436,843347.22
ACC101437,29859.13
ACC101438,312159.90
ACC101439,68762.90
ACC101440,376924.27
ACC101441,484846.72
ACC101442,700778.29
ACC101443,555453.49
ACC101444,68677.93
ACC101445,999927.47
ACC101446,334637.99
ACC101447,301153.55
ACC101448,601786.21
ACC101449,51626.94
ACC101450,956227.70
ACC101451,577931.87
ACC101452,366445.22
ACC101453,215078.37
ACC101454,984008.69
ACC101455,423227.60
ACC101456,646424.95
ACC101457,715915.60
ACC101458,942177.31
ACC101459,767157.08
ACC101460,237508.91
ACC101461,362702.40
ACC101462,540883.35
ACC101463,345364.11
ACC101464,308875.90
ACC101465,649587.24
ACC101466,936531.97
ACC101467,884382.06
ACC101468,208979.51
ACC101469,266166.40
ACC101470,952763.45
ACC101471,42990.49
ACC101472,326417.49
ACC101473,954771.39
ACC101474,577108.91
ACC101475,720499.63
ACC101476,443655.32
ACC101477,624566.48
ACC101478,856162.51
ACC101479,661284.90
ACC101480,167279.49
ACC101481,176948.93
ACC101482,543389.62
ACC101483,234219.98
ACC101484,702703.47
ACC101485,587790.74
ACC101486,868407.38
ACC101487,655920.39
ACC101488,203935.47
ACC101489,569041.49
ACC101490,994728.27
ACC101491,327910.83
ACC101492,840139.72
ACC101493,825133.42
ACC101494,84549.02
ACC101495,709968.17
ACC101496,630283.67
ACC101497,308486.01
ACC101498,574196.95
ACC101499,304968.07
ACC101500,255161.66
ACC101501,283202.97
ACC101502,582311.98
ACC101503,724577.14
ACC101504,622521.07
ACC101505,566786.85
ACC101506,34747.17
ACC101507,180083.43
ACC101508,915889.91
ACC101509,806366.10
ACC101510,355512.71
ACC101511,148546.78
ACC101512,501015.54
ACC101513,148537.35
ACC101514,931867.10
ACC101515,421276.92
ACC101516,995572.18
ACC101517,380470.05
ACC101518,883876.08
ACC101519,289410.72
ACC101520,987980.38
ACC101521,164403.36
ACC101522,964414.87
ACC101523,860060.93
ACC101524,69804.73
ACC101525,558085.21
ACC101526,354679.91
ACC101527,566148.16
ACC101528,833256.45
ACC101529,860060.45
ACC101530,662806.85
ACC101531,753603.06
ACC101532,440826.00
ACC101533,411010.35
ACC101534,229157.19
ACC101535,711140.12
ACC101536,268005.92
ACC101537,690577.78
ACC101538,731241.18
ACC101539,250255.25
ACC101540,292437.11
ACC101541,93282.67
ACC101542,624085.75
ACC101543,386488.07
ACC101544,173623.09
ACC101545,57239.70
ACC101546,288135.92
ACC101547,787316.14
ACC101548,366603.72
ACC101549,715434.57
ACC101550,816494.87
ACC101551,797311.83
ACC101552,960666.26
ACC101553,491298.51
ACC101554,556461.71
ACC101555,217393.82
ACC101556,560294.30
ACC101557,348239.85
ACC101558,636918.78
ACC101559,262143.98
ACC101560,450115.82
ACC101561,216649.42
ACC101562,983148.36
ACC101563,487236.25
ACC101564,708609.26
ACC101565,81691.00
ACC101566,744126.49
ACC101567,698038.15
ACC101568,196762.98
ACC101569,140920.85
ACC101570,754245.38
ACC101571,400396.57
ACC101572,267755.37
ACC101573,652450.18
ACC101574,21757.78
ACC101575,645508.10
ACC101576,242034.07
ACC101577,911971.57
ACC101578,110015.97
ACC101579,692600.41
ACC101580,768920.97
ACC101581,100515.74
ACC101582,464795.04
ACC101583,205915.00
ACC101584,151054.69
ACC101585,634287.16
ACC101586,71644.01
ACC101587,386182.41
ACC101588,311605.64
ACC101589,193346.79
ACC101590,471300.58
ACC101591,941420.08
ACC101592,676259.04
ACC101593,117268.16
ACC101594,428734.15
ACC101595,267459.11
ACC101596,302459.82
ACC101597,893187.59
ACC101598,272349.16
ACC101599,865119.57
ACC101600,637348.28
ACC101601,994901.53
ACC101602,44284.21
ACC101603,868405.54
ACC101604,343188.65
ACC101605,10834.55
ACC101606,910585.31
ACC101607,736479.57
ACC101608,684903.53
ACC101609,123808.35
ACC101610,811309.85
ACC101611,401502.41
ACC101612,978574.79
ACC101613,586587.40
ACC101614,205335.37
ACC101615,504687.58
ACC101616,122457.34
ACC101617,744159.23
ACC101618,12801.32
ACC101619,324121.43
ACC101620,603175.08
ACC101621,76627.06
ACC101622,279703.65
ACC101623,630038.26
ACC101624,929328.97
ACC101625,745450.19
ACC101626,634191.56
ACC101627,716315.72
ACC101628,792745.39
ACC101629,20562.39
ACC101630,882582.52
ACC101631,490970.27
ACC101632,704027.80
ACC101633,796630.83
ACC101634,125015.72
ACC101635,573382.48
ACC101636,913948.84
ACC101637,863388.01
ACC101638,506006.31
ACC101639,191871.72
ACC101640,55529.63
ACC101641,107577.11
ACC101642,523941.69
ACC101643,542065.31
ACC101644,733401.48
ACC101645,312595.06
ACC101646,815778.30
ACC101647,454271.05
ACC101648,717230.73
ACC101649,306401.02
ACC101650,938851.17
ACC101651,926763.23
ACC101652,294610.59
ACC101653,988677.60
ACC101654,260800.83
ACC101655,471530.90
ACC101656,605884.02
ACC101657,544589.07
ACC101658,941151.11
ACC101659,909613.45
ACC101660,438860.17
ACC101661,704776.57
ACC101662,594038.10
ACC101663,784661.83
ACC101664,215322.36
ACC101665,849462.10
ACC101666,120995.35
ACC101667,225815.48
ACC101668,663598.14
ACC101669,338703.32
ACC101670,785541.37
ACC101671,664373.31
ACC101672,332273.47
ACC101673,300948.36
ACC101674,87595.73
ACC101675,823063.28
ACC101676,169380.07
ACC101677,158085.25
ACC101678,575466.02
ACC101679,521979.07
ACC101680,19071.24
ACC101681,617162.15
ACC101682,596302.76
ACC101683,341453.03
ACC101684,273924.24
ACC101685,256875.57
ACC101686,522510.77
ACC101687,319273.92
ACC101688,95567.98
ACC101689,240780.18
ACC101690,541635.37
ACC101691,187733.42
ACC101692,679332.45
ACC101693,218969.36
ACC101694,500707.88
ACC101695,44999.50
ACC101696,770052.60
ACC101697,895707.90
ACC101698,942939.50
ACC101699,735265.94
ACC101700,146031.51
ACC101701,302168.07
ACC101702,824994.88
ACC101703,653015.70
ACC101704,136479.07
ACC101705,321027.83
ACC101706,366854.95
ACC101707,978562.06
ACC101708,494489.90
ACC101709,743234.83
ACC101710,533496.73
ACC101711,144795.50
ACC101712,502809.98
ACC101713,576722.29
ACC101714,208270.62
ACC101715,418764.73
ACC101716,233264.51
ACC101717,982282.63
ACC101718,471948.92
ACC101719,516359.85
ACC101720,62780.03
ACC101721,183162.55
ACC101722,868947.53
ACC101723,213941.09
ACC101724,989431.92
ACC101725,852237.52
ACC101726,263190.32
ACC101727,947270.26
ACC101728,140883.88
ACC101729,973856.70
ACC101730,810489.29
ACC101731,875554.06
ACC101732,664959.09
ACC101733,86619.03
ACC101734,272156.20
ACC101735,376795.85
ACC101736,77893.23
ACC101737,398448.25
ACC101738,805839.89
ACC101739,969979.49
ACC101740,950067.91
ACC101741,666380.24
ACC101742,124300.77
ACC101743,189872.49
ACC101744,581707.77
ACC101745,650457.93
ACC101746,120988.35
ACC101747,541436.29
ACC101748,642148.79
ACC101749,934049.22
ACC101750,432878.85
ACC101751,952970.90
ACC101752,975844.67
ACC101753,901760.63
ACC101754,316060.03
ACC101755,350196.79
ACC101756,916277.18
ACC101757,350914.50
ACC101758,778016.60
ACC101759,257490.92
ACC101760,775371.20
ACC101761,553289.76
ACC101762,922474.12
ACC101763,147444.47
ACC101764,430888.60
ACC101765,360496.44
ACC101766,98000.88
ACC101767,955799.39
ACC101768,427585.59
ACC101769,78961.24
ACC101770,210347.13
ACC101771,445646.02
ACC101772,969666.20
ACC101773,929046.83
ACC101774,950716.78
ACC101775,712528.48
ACC101776,262250.06
ACC101777,147309.29
ACC101778,647822.17
ACC101779,610805.34
ACC101780,18195.76
ACC101781,501318.88
ACC101782,540663.35
ACC101783,371251.89
ACC101784,903681.54
ACC101785,942826.08
ACC101786,91503.35
ACC101787,210466.31
ACC101788,381443.09
ACC101789,427349.86
ACC101790,164476.92
ACC101791,574156.10
ACC101792,724504.14
ACC101793,886497.87
ACC101794,484675.46
ACC101795,898831.72
ACC101796,865607.83
ACC101797,313498.23
ACC101798,625391.77
ACC101799,869823.74
ACC101800,28368.36
ACC101801,142529.00
ACC101802,747488.15
ACC101803,427865.35
ACC101804,605409.28
ACC101805,698478.10
ACC101806,914567.91
ACC101807,941746.29
ACC101808,116441.75
ACC101809,685746.93
ACC101810,190784.64
ACC101811,320744.75
ACC101812,365357.90
ACC101813,992632.57
ACC101814,874715.62
ACC101815,867683.48
ACC101816,489975.47
ACC101817,891679.64
ACC101818,422754.56
ACC101819,481531.37
ACC101820,231068.25
ACC101821,666188.43
ACC101822,888946.42
ACC101823,537486.30
ACC101824,658751.69
ACC101825,678798.17
ACC101826,895090.47
ACC101827,792425.81
ACC101828,284167.00
ACC101829,39734.38
ACC101830,795280.17
ACC101831,584501.00
ACC101832,402716.39
ACC101833,809916.19
ACC101834,312827.83
ACC101835,297474.90
ACC101836,211851.62
ACC101837,247665.11
ACC101838,474737.94
ACC101839,503171.13
ACC101840,501602.24
ACC101841,997238.76
ACC101842,539548.43
ACC101843,659098.12
ACC101844,979653.76
ACC101845,212832.91
ACC101846,848450.42
ACC101847,762955.11
ACC101848,254846.31
ACC101849,713052.79
ACC101850,967126.11
ACC101851,31300.24
ACC101852,63462.35
ACC101853,598149.70
ACC101854,306711.59
ACC101855,136175.99
ACC101856,241607.35
ACC101857,915550.96
ACC101858,276695.63
ACC101859,370937.86
ACC101860,694361.14
ACC101861,198381.26
ACC101862,650407.14
ACC101863,494921.14
ACC101864,208187.04
ACC101865,196781.61
ACC101866,985023.31
ACC101867,965906.41
ACC101868,377335.06
ACC101869,182875.62
ACC101870,242747.52
ACC101871,889608.68
ACC101872,37660.26
ACC101873,887216.67
ACC101874,537959.82
ACC101875,706615.34
ACC101876,422400.48
ACC101877,167468.47
ACC101878,826735.29
ACC101879,589338.00
ACC101880,124018.91
ACC101881,308929.68
ACC101882,480154.37
ACC101883,194618.21
ACC101884,264213.69
ACC101885,41307.18
ACC101886,261296.27
ACC101887,321641.54
ACC101888,690633.89
ACC101889,36876.45
ACC101890,137710.52
ACC101891,969765.47
ACC101892,983712.63
ACC101893,931835.82
ACC101894,106504.46
ACC101895,106754.99
ACC101896,830340.10
ACC101897,935270.19
ACC101898,897962.48
ACC101899,374746.43
ACC101900,122846.20
ACC101901,918683.58
ACC101902,805830.30
ACC101903,249023.12
ACC101904,271948.85
ACC101905,493543.40
ACC101906,888052.51
ACC101907,623388.18
ACC101908,720946.27
ACC101909,164698.21
ACC101910,30841.66
ACC101911,415558.33
ACC101912,195492.96
ACC101913,323888.84
ACC101914,691488.47
ACC101915,396578.24
ACC101916,328796.54
ACC101917,679867.48
ACC101918,101287.91
ACC101919,889769.42
ACC101920,656008.33
ACC101921,249871.61
ACC101922,399361.36
ACC101923,897178.41
ACC101924,253953.53
ACC101925,41369.99
ACC101926,940996.05
ACC101927,434877.31
ACC101928,343157.68
ACC101929,213104.56
ACC101930,220402.70
ACC101931,132796.88
ACC101932,298373.82
ACC101933,420498.21
ACC101934,817509.09
ACC101935,300035.13
ACC101936,691500.30
ACC101937,782479.35
ACC101938,291561.24
ACC101939,922785.79
ACC101940,926902.68
ACC101941,64695.58
ACC101942,630896.11
ACC101943,389170.17
ACC101944,763713.02
ACC101945,227945.06
ACC101946,528278.76
ACC101947,953331.39
ACC101948,402678.55
ACC101949,960449.79
ACC101950,834663.75
ACC101951,590164.15
ACC101952,266566.89
ACC101953,228326.93
ACC101954,611144.81
ACC101955,772004.12
ACC101956,413008.05
ACC101957,320284.83
ACC101958,119198.88
ACC101959,709489.75
ACC101960,586964.24
ACC101961,850177.05
ACC101962,453109.60
ACC101963,520635.67
ACC101964,296766.28
ACC101965,114593.49
ACC101966,285672.05
ACC101967,624920.08
ACC101968,912840.95
ACC101969,332149.32
ACC101970,748935.44
ACC101971,12890.29
ACC101972,821877.15
ACC101973,806552.92
ACC101974,205831.43
ACC101975,536428.59
ACC101976,611238.37
ACC101977,606891.12
ACC101978,486065.71
ACC101979,180397.49
ACC101980,98928.20
ACC101981,145865.18
ACC101982,620616.94
ACC101983,452896.35
ACC101984,473349.83
ACC101985,929943.29
ACC101986,423591.53
ACC101987,198813.24
ACC101988,104474.93
ACC101989,304565.04
ACC101990,198024.38
ACC101991,279744.03
ACC101992,633846.38
ACC101993,842641.33
ACC101994,13495.59
ACC101995,692677.11
ACC101996,955089.01
ACC101997,155637.32
ACC101998,148148.89
ACC101999,140105.90
ACC102000,149286.26
ACC102001,283509.39
ACC102002,235852.95
ACC102003,895432.26
ACC102004,910705.32
ACC102005,232685.77
ACC102006,290837.85
ACC102007,809662.69
ACC102008,497912.94
ACC102009,750139.54
ACC102010,317168.36
ACC102011,658475.55
ACC102012,533322.18
ACC102013,636395.76
ACC102014,408882.74
ACC102015,432750.79
ACC102016,660646.51
ACC102017,771048.60
ACC102018,308529.91
ACC102019,630605.19
ACC102020,764609.88
ACC102021,121033.09
ACC102022,177179.42
ACC102023,764864.89
ACC102024,400572.88
ACC102025,974504.31
ACC102026,957758.58
ACC102027,116732.61
ACC102028,773481.94
ACC102029,881720.94
ACC102030,115786.95
ACC102031,794171.24
ACC102032,885735.65
ACC102033,628813.58
ACC102034,477233.66
ACC102035,292226.31
ACC102036,682183.62
ACC102037,50737.15
ACC102038,322314.27
ACC102039,392148.62
ACC102040,957535.26
ACC102041,446064.55
ACC102042,926573.20
ACC102043,896754.47
ACC102044,666952.93
ACC102045,638574.11
ACC102046,916564.70
ACC102047,260974.51
ACC102048,464540.13
ACC102049,948814.76
ACC102050,546849.75
ACC102051,558993.71
ACC102052,56808.07
ACC102053,653003.58
ACC102054,457867.64
ACC102055,532773.21
ACC102056,549014.44
ACC102057,796717.87
ACC102058,110520.72
ACC102059,261071.12
ACC102060,301516.77
ACC102061,556888.07
ACC102062,723027.50
ACC102063,623343.47
ACC102064,920967.40
ACC102065,707580.85
ACC102066,118753.17
ACC102067,789106.66
ACC102068,87301.51
ACC102069,172981.77
ACC102070,740319.31
ACC102071,220482.69
ACC102072,342028.37
ACC102073,44843.68
ACC102074,575322.66
ACC102075,113723.38
ACC102076,826335.89
ACC102077,941462.53
ACC102078,842460.80
ACC102079,544524.75
ACC102080,848952.82
ACC102081,120974.37
ACC102082,463765.91
ACC102083,851892.37
ACC102084,403586.41
ACC102085,973437.50
ACC102086,128990.49
ACC102087,316208.93
ACC102088,654063.90
ACC102089,793770.74
ACC102090,241966.99
ACC102091,588979.70
ACC102092,832054.56
ACC102093,291164.35
ACC102094,675981.81
ACC102095,914496.74
ACC102096,507433.69
ACC102097,940061.66
ACC102098,25856.53
ACC102099,457362.68
ACC102100,274973.99
ACC102101,233230.49
ACC102102,398522.59
ACC102103,804454.34
ACC102104,43109.68
ACC102105,768799.72
ACC102106,241403.94
ACC102107,295482.45
ACC102108,531017.08
ACC102109,60432.30
ACC102110,278889.63
ACC102111,152817.10
ACC102112,479190.49
ACC102113,223037.59
ACC102114,881582.02
ACC102115,438700.18
ACC102116,936066.07
ACC102117,975596.58
ACC102118,440848.48
ACC102119,166354.26
ACC102120,589055.84
ACC102121,837780.19
ACC102122,702483.89
ACC102123,740824.11
ACC102124,372603.11
ACC102125,298086.56
ACC102126,388007.40
ACC102127,745650.08
ACC102128,828555.37
ACC102129,848204.99
ACC102130,910271.82
ACC102131,542674.36
ACC102132,615274.02
ACC102133,361234.50
ACC102134,161655.79
ACC102135,294419.23
ACC102136,61461.04
ACC102137,320242.44
ACC102138,318137.56
ACC102139,581553.11
ACC102140,528680.40
ACC102141,518443.00
ACC102142,411016.65
ACC102143,781973.47
ACC102144,262987.72
ACC102145,653008.82
ACC102146,879954.05
ACC102147,162987.05
ACC102148,580954.92
ACC102149,291197.55
ACC102150,606342.37
ACC102151,613956.65
ACC102152,178686.72
ACC102153,870083.89
ACC102154,184798.16
ACC102155,983609.28
ACC102156,754174.33
ACC102157,359731.98
ACC102158,812784.10
ACC102159,683965.31
ACC102160,743516.98
ACC102161,294124.96
ACC102162,214023.86
ACC102163,531547.96
ACC102164,920164.93
ACC102165,224589.64
ACC102166,810463.98
ACC102167,716172.34
ACC102168,763398.48
ACC102169,616810.34
ACC102170,530066.04
ACC102171,808188.96
ACC102172,127755.11
ACC102173,524821.91
ACC102174,493680.20
ACC102175,876570.19
ACC102176,219052.70
ACC102177,623603.66
ACC102178,743654.09
ACC102179,942679.47
ACC102180,405029.87
ACC102181,426066.44
ACC102182,779674.24
ACC102183,117951.75
ACC102184,89434.71
ACC102185,840331.73
ACC102186,723615.33
ACC102187,928039.93
ACC102188,137641.71
ACC102189,539247.58
ACC102190,544890.32
ACC102191,791245.26
ACC102192,709561.66
ACC102193,966067.76
ACC102194,130947.92
ACC102195,395251.51
ACC102196,941732.86
ACC102197,298140.74
ACC102198,204156.61
ACC102199,593320.86
ACC102200,925042.29
ACC102201,924312.61
ACC102202,96342.72
ACC102203,349185.99
ACC102204,717523.29
ACC102205,751543.10
ACC102206,25717.79
ACC102207,688886.01
ACC102208,553112.24
ACC102209,771965.56
ACC102210,207833.99
ACC102211,197745.86
ACC102212,267119.36
ACC102213,213292.91
ACC102214,332548.75
ACC102215,681586.66
ACC102216,987479.66
ACC102217,893077.52
ACC102218,62758.60
ACC102219,473081.10
ACC102220,617597.72
ACC102221,160879.43
ACC102222,97879.24
ACC102223,856931.65
ACC102224,21786.03
ACC102225,191878.35
ACC102226,35703.36
ACC102227,111250.32
ACC102228,117919.17
ACC102229,410885.81
ACC102230,590358.85
ACC102231,687157.43
ACC102232,973986.85
ACC102233,147070.74
ACC102234,121620.23
ACC102235,174193.37
ACC102236,625727.19
ACC102237,467006.88
ACC102238,181792.24
ACC102239,655650.22
ACC102240,11456.55
ACC102241,66882.69
ACC102242,910789.00
ACC102243,405382.35
ACC102244,667585.76
ACC102245,423884.47
ACC102246,337874.33
ACC102247,846042.77
ACC102248,964122.94
ACC102249,811870.94
ACC102250,109807.28
ACC102251,998018.65
ACC102252,233711.22
ACC102253,997501.94
ACC102254,489854.88
ACC102255,878603.29
ACC102256,240435.18
ACC102257,839967.30
ACC102258,50287.26
ACC102259,422142.64
ACC102260,535752.82
ACC102261,520380.47
ACC102262,322562.63
ACC102263,84033.06
ACC102264,538470.53
ACC102265,355760.42
ACC102266,294439.28
ACC102267,204523.83
ACC102268,123676.65
ACC102269,847319.09
ACC102270,541717.86
ACC102271,22290.58
ACC102272,421984.26
ACC102273,883504.72
ACC102274,184221.52
ACC102275,82698.14
ACC102276,885307.77
ACC102277,704920.89
ACC102278,360964.23
ACC102279,811558.93
ACC102280,138707.46
ACC102281,700849.15
ACC102282,788235.61
ACC102283,862019.85
ACC102284,79584.94
ACC102285,805647.17
ACC102286,96548.37
ACC102287,799973.99
ACC102288,945697.49
ACC102289,677777.60
ACC102290,898048.17
ACC102291,872095.05
ACC102292,242082.83
ACC102293,744642.17
ACC102294,675077.87
ACC102295,450230.19
ACC102296,204045.73
ACC102297,662753.32
ACC102298,783117.33
ACC102299,876464.30
ACC102300,738856.58
ACC102301,615070.36
ACC102302,27286.61
ACC102303,664681.51
ACC102304,592747.31
ACC102305,465559.65
ACC102306,931004.64
ACC102307,856901.14
ACC102308,332162.89
ACC102309,725208.39
ACC102310,448237.84
ACC102311,876054.48
ACC102312,559037.55
ACC102313,923828.78
ACC102314,77051.44
ACC102315,61193.92
ACC102316,769112.81
ACC102317,968034.09
ACC102318,661894.05
ACC102319,496390.71
ACC102320,689999.68
ACC102321,787751.41
ACC102322,45199.72
ACC102323,70778.14
ACC102324,661810.78
ACC102325,651554.50
ACC102326,35483.67
ACC102327,634335.76
ACC102328,547748.68
ACC102329,254958.91
ACC102330,419137.21
ACC102331,992086.47
ACC102332,855034.38
ACC102333,835615.37
ACC102334,66594.25
ACC102335,268392.01
ACC102336,357995.89
ACC102337,455070.53
ACC102338,960445.95
ACC102339,922983.50
ACC102340,155009.77
ACC102341,578434.00
ACC102342,393421.76
ACC102343,121252.26
ACC102344,409298.86
ACC102345,310897.53
ACC102346,237934.75
ACC102347,183152.60
ACC102348,140337.52
ACC102349,523597.94
ACC102350,686105.64
ACC102351,997831.55
ACC102352,177801.62
ACC102353,370796.89
ACC102354,959834.35
ACC102355,164802.00
ACC102356,403623.09
ACC102357,775771.48
ACC102358,224579.45
ACC102359,427114.28
ACC102360,429769.46
ACC102361,684166.18
ACC102362,78035.78
ACC102363,767557.21
ACC102364,469867.27
ACC102365,60852.19
ACC102366,85866.58
ACC102367,605433.77
ACC102368,911723.30
ACC102369,829572.34
ACC102370,391051.14
ACC102371,628907.09
ACC102372,135170.75
ACC102373,443819.81
ACC102374,241251.03
ACC102375,296301.65
ACC102376,345478.31
ACC102377,552506.20
ACC102378,429876.51
ACC102379,649070.62
ACC102380,116807.75
ACC102381,345019.51
ACC102382,941252.53
ACC102383,19403.81
ACC102384,742891.32
ACC102385,707255.04
ACC102386,838436.91
ACC102387,666651.75
ACC102388,203223.50
ACC102389,423121.90
ACC102390,193836.13
ACC102391,608880.83
ACC102392,482621.79
ACC102393,484885.53
ACC102394,367792.76
ACC102395,178949.30
ACC102396,260009.82
ACC102397,610501.63
ACC102398,178785.54
ACC102399,218509.26
ACC102400,438710.94
ACC102401,26828.74
ACC102402,390787.69
ACC102403,388289.20
ACC102404,785414.09
ACC102405,494277.31
ACC102406,48670.22
ACC102407,48901.70
ACC102408,178283.99
ACC102409,941060.21
ACC102410,461317.25
ACC102411,153246.38
ACC102412,946435.78
ACC102413,633754.40
ACC102414,334335.79
ACC102415,609342.06
ACC102416,103179.84
ACC102417,455366.42
ACC102418,359898.40
ACC102419,451123.17
ACC102420,194065.54
ACC102421,672513.52
ACC102422,860347.30
ACC102423,274374.11
ACC102424,907813.11
ACC102425,929690.48
ACC102426,554719.16
ACC102427,525551.82
ACC102428,893721.33
ACC102429,250886.44
ACC102430,63315.42
ACC102431,222759.66
ACC102432,883073.26
ACC102433,267048.89
ACC102434,184848.47
ACC102435,820587.94
ACC102436,744436.64
ACC102437,62061.72
ACC102438,883534.75
ACC102439,293924.06
ACC102440,753565.12
ACC102441,290011.64
ACC102442,829785.73
ACC102443,330162.30
ACC102444,637854.79
ACC102445,642562.34
ACC102446,927864.45
ACC102447,244506.15
ACC102448,242996.15
ACC102449,107237.94
ACC102450,817029.60
ACC102451,989258.08
ACC102452,395584.83
ACC102453,695337.49
ACC102454,289280.42
ACC102455,345129.56
ACC102456,510014.43
ACC102457,152059.56
ACC102458,706846.15
ACC102459,300680.75
ACC102460,610973.25
ACC102461,951210.64
ACC102462,266029.02
ACC102463,455012.96
ACC102464,114302.55
ACC102465,252604.20
ACC102466,250915.61
ACC102467,168787.83
ACC102468,358846.04
ACC102469,21926.15
ACC102470,130811.89
ACC102471,919536.18
ACC102472,140231.94
ACC102473,90450.90
ACC102474,39037.63
ACC102475,759045.59
ACC102476,584276.30
ACC102477,625536.49
ACC102478,337931.64
ACC102479,963379.29
ACC102480,692882.14
ACC102481,752309.74
ACC102482,505574.74
ACC102483,919780.12
ACC102484,458931.71
ACC102485,262372.57
ACC102486,13827.92
ACC102487,399352.31
ACC102488,928730.17
ACC102489,386718.02
ACC102490,124813.62
ACC102491,219989.59
ACC102492,971056.58
ACC102493,67338.88
ACC102494,583933.82
ACC102495,820532.12
ACC102496,180814.02
ACC102497,985245.20
ACC102498,811923.90
ACC102499,874585.39
ACC102500,562643.27
ACC102501,471776.02
ACC102502,906282.05
ACC102503,710824.16
ACC102504,955675.60
ACC102505,985198.55
ACC102506,83694.24
ACC102507,155928.64
ACC102508,544847.69
ACC102509,75632.75
ACC102510,219790.73
ACC102511,936566.06
ACC102512,966887.54
ACC102513,118321.90
ACC102514,270725.21
ACC102515,768030.07
ACC102516,650203.44
ACC102517,518189.44
ACC102518,712658.45
ACC102519,699290.25
ACC102520,227468.23
ACC102521,607479.68
ACC102522,970258.90
ACC102523,577279.82
ACC102524,967689.34
ACC102525,583075.60
ACC102526,773798.18
ACC102527,907262.86
ACC102528,960990.58
ACC102529,940818.30
ACC102530,576324.70
ACC102531,561074.63
ACC102532,24205.03
ACC102533,640823.39
ACC102534,927739.90
ACC102535,490915.93
ACC102536,118688.21
ACC102537,480397.12
ACC102538,301381.10
ACC102539,783209.60
ACC102540,803509.47
ACC102541,169699.01
ACC102542,150931.60
ACC102543,144790.48
ACC102544,277364.72
ACC102545,739781.34
ACC102546,391133.21
ACC102547,982401.55
ACC102548,111176.73
ACC102549,53054.96
ACC102550,114868.02
ACC102551,506107.17
ACC102552,590409.83
ACC102553,302588.73
ACC102554,261705.44
ACC102555,827811.42
ACC102556,301623.93
ACC102557,808944.52
ACC102558,498977.46
ACC102559,837582.02
ACC102560,991727.86
ACC102561,401482.53
ACC102562,675849.47
ACC102563,92932.66
ACC102564,460766.15
ACC102565,35241.08
ACC102566,443695.59
ACC102567,569604.35
ACC102568,629882.58
ACC102569,804602.86
ACC102570,382366.73
ACC102571,236712.99
ACC102572,615352.83
ACC102573,521004.51
ACC102574,671656.66
ACC102575,364394.11
ACC102576,467263.78
ACC102577,553928.51
ACC102578,680425.39
ACC102579,218276.50
ACC102580,317540.15
ACC102581,132336.60
ACC102582,62431.17
ACC102583,602255.65
ACC102584,426579.43
ACC102585,527561.44
ACC102586,927951.43
ACC102587,409113.50
ACC102588,920754.61
ACC102589,168467.68
ACC102590,513740.22
ACC102591,387545.33
ACC102592,524479.09
ACC102593,95426.47
ACC102594,930773.48
ACC102595,994105.14
ACC102596,320402.08
ACC102597,821317.13
ACC102598,509575.83
ACC102599,419470.07
ACC102600,829612.31
ACC102601,185377.61
ACC102602,656701.17
ACC102603,310250.17
ACC102604,860476.97
ACC102605,139269.11
ACC102606,633157.13
ACC102607,450333.96
ACC102608,279927.34
ACC102609,574204.20
ACC102610,836216.56
ACC102611,799460.76
ACC102612,864626.57
ACC102613,273406.54
ACC102614,950152.11
ACC102615,121350.21
ACC102616,581514.70
ACC102617,255528.14
ACC102618,338958.51
ACC102619,799294.83
ACC102620,887724.95
ACC102621,281945.04
ACC102622,135094.41
ACC102623,333635.63
ACC102624,868800.08
ACC102625,84084.89
ACC102626,322679.53
ACC102627,142991.92
ACC102628,591511.18
ACC102629,556109.06
ACC102630,521425.16
ACC102631,579504.72
ACC102632,733391.57
ACC102633,213380.50
ACC102634,648854.84
ACC102635,267679.90
ACC102636,15346.56
ACC102637,618192.53
ACC102638,733089.27
ACC102639,776680.64
ACC102640,766385.53
ACC102641,931216.44
ACC102642,46623.40
ACC102643,567119.55
ACC102644,450645.52
ACC102645,10046.16
ACC102646,373116.00
ACC102647,555540.38
ACC102648,896436.33
ACC102649,895074.75
ACC102650,864240.47
ACC102651,892854.35
ACC102652,375035.12
ACC102653,357733.50
ACC102654,902113.54
ACC102655,87010.88
ACC102656,23394.04
ACC102657,876855.70
ACC102658,684721.53
ACC102659,555132.56
ACC102660,959797.30
ACC102661,15598.11
ACC102662,947107.08
ACC102663,846233.93
ACC102664,694815.11
ACC102665,583959.85
ACC102666,849857.04
ACC102667,262468.96
ACC102668,271649.19
ACC102669,660483.74
ACC102670,368650.34
ACC102671,994616.45
ACC102672,50150.91
ACC102673,131207.17
ACC102674,804278.01
ACC102675,816213.14
ACC102676,87415.73
ACC102677,904350.18
ACC102678,931639.98
ACC102679,110383.62
ACC102680,974918.11
ACC102681,165584.89
ACC102682,878751.87
ACC102683,543991.74
ACC102684,977649.42
ACC102685,751026.39
ACC102686,582762.77
ACC102687,525252.11
ACC102688,434656.51
ACC102689,833316.62
ACC102690,739388.26
ACC102691,633391.84
ACC102692,172752.07
ACC102693,380343.59
ACC102694,365005.22
ACC102695,692340.36
ACC102696,315978.21
ACC102697,26244.89
ACC102698,776934.73
ACC102699,54752.59
ACC102700,42652.76
ACC102701,750390.23
ACC102702,677154.99
ACC102703,17933.28
ACC102704,219513.34
ACC102705,502019.14
ACC102706,97841.73
ACC102707,619432.25
ACC102708,618597.37
ACC102709,886131.08
ACC102710,463724.44
ACC102711,187218.55
ACC102712,207056.74
ACC102713,80081.41
ACC102714,866276.70
ACC102715,397417.97
ACC102716,323103.71
ACC102717,830132.65
ACC102718,298225.25
ACC102719,141611.65
ACC102720,172720.44
ACC102721,742942.07
ACC102722,283766.97
ACC102723,495645.36
ACC102724,611637.40
ACC102725,668637.18
ACC102726,670224.51
ACC102727,922786.74
ACC102728,575396.49
ACC102729,449737.60
ACC102730,250651.16
ACC102731,945895.09
ACC102732,577062.90
ACC102733,153727.26
ACC102734,894111.33
ACC102735,216030.77
ACC102736,607334.98
ACC102737,26562.58
ACC102738,651018.68
ACC102739,308633.68
ACC102740,485424.67
ACC102741,719823.28
ACC102742,345004.15
ACC102743,233037.81
ACC102744,21141.78
ACC102745,325568.30
ACC102746,860317.10
ACC102747,976665.82
ACC102748,789112.76
ACC102749,60256.19
ACC102750,14728.08
ACC102751,351760.99
ACC102752,195000.94
ACC102753,732319.89
ACC102754,662307.09
ACC102755,629965.04
ACC102756,240967.87
ACC102757,367157.18
ACC102758,648292.37
ACC102759,628438.96
ACC102760,263425.92
ACC102761,448404.47
ACC102762,919544.53
ACC102763,40550.37
ACC102764,940380.39
ACC102765,105407.16
ACC102766,898797.10
ACC102767,964414.35
ACC102768,228345.11
ACC102769,263782.16
ACC102770,629069.52
ACC102771,253775.92
ACC102772,669938.20
ACC102773,818887.56
ACC102774,176199.46
ACC102775,757861.26
ACC102776,442825.59
ACC102777,800872.53
ACC102778,112482.04
ACC102779,39900.49
ACC102780,648677.71
ACC102781,324775.17
ACC102782,222868.69
ACC102783,158038.96
ACC102784,967240.23
ACC102785,389868.21
ACC102786,537083.95
ACC102787,797304.71
ACC102788,645493.16
ACC102789,329122.89
ACC102790,686359.86
ACC102791,327189.05
ACC102792,585182.71
ACC102793,932268.31
ACC102794,112266.70
ACC102795,596222.54
ACC102796,173758.60
ACC102797,314468.75
ACC102798,47335.86
ACC102799,362693.23
ACC102800,463935.18
ACC102801,657123.66
ACC102802,422825.08
ACC102803,879354.52
ACC102804,975717.36
ACC102805,287715.26
ACC102806,638067.45
ACC102807,659608.89
ACC102808,861793.22
ACC102809,441985.74
ACC102810,968375.96
ACC102811,83230.07
ACC102812,312693.51
ACC102813,574021.27
ACC102814,894440.82
ACC102815,961199.68
ACC102816,322052.66
ACC102817,128052.15
ACC102818,815562.31
ACC102819,171685.65
ACC102820,464680.49
ACC102821,949948.78
ACC102822,801902.86
ACC102823,402578.28
ACC102824,110963.25
ACC102825,116500.11
ACC102826,777221.85
ACC102827,840326.33
ACC102828,690360.92
ACC102829,666606.49
ACC102830,213273.18
ACC102831,170078.51
ACC102832,74453.66
ACC102833,20500.80
ACC102834,770200.06
ACC102835,948337.82
ACC102836,516112.75
ACC102837,171032.63
ACC102838,653853.09
ACC102839,736474.01
ACC102840,55932.36
ACC102841,254906.16
ACC102842,120987.39
ACC102843,251516.14
ACC102844,900056.30
ACC102845,631559.07
ACC102846,686760.86
ACC102847,729660.71
ACC102848,474969.50
ACC102849,813100.75
ACC102850,915860.19
ACC102851,697882.07
ACC102852,954697.02
ACC102853,590398.90
ACC102854,898923.24
ACC102855,779920.20
ACC102856,864164.01
ACC102857,638010.75
ACC102858,879705.11
ACC102859,854747.75
ACC102860,39218.12
ACC102861,204199.78
ACC102862,165652.76
ACC102863,98381.15
ACC102864,359000.87
ACC102865,251762.09
ACC102866,135206.68
ACC102867,53602.35
ACC102868,429978.65
ACC102869,20805.08
ACC102870,739240.44
ACC102871,516796.14
ACC102872,423003.23
ACC102873,655980.27
ACC102874,901577.77
ACC102875,376684.24
ACC102876,85270.91
ACC102877,297965.23
ACC102878,354493.91
ACC102879,296251.01
ACC102880,437983.99
ACC102881,672223.66
ACC102882,229512.45
ACC102883,796606.75
ACC102884,907892.22
ACC102885,187241.17
ACC102886,281650.04
ACC102887,849923.66
ACC102888,796701.47
ACC102889,89542.76
ACC102890,866541.29
ACC102891,797904.62
ACC102892,736585.83
ACC102893,313842.41
ACC102894,94592.63
ACC102895,272510.12
ACC102896,662724.11
ACC102897,393657.51
ACC102898,254468.37
ACC102899,366868.51
ACC102900,904905.44
ACC102901,650641.54
ACC102902,659803.84
ACC102903,286434.24
ACC102904,579808.57
ACC102905,49744.69
ACC102906,78069.94
ACC102907,313534.58
ACC102908,73558.14
ACC102909,682107.87
ACC102910,468980.00
ACC102911,992458.97
ACC102912,560596.14
ACC102913,368327.96
ACC102914,821734.47
ACC102915,207196.56
ACC102916,729780.43
ACC102917,191401.58
ACC102918,385740.66
ACC102919,629815.88
ACC102920,371932.06
ACC102921,611262.33
ACC102922,488223.54
ACC102923,364307.08
ACC102924,544801.99
ACC102925,241371.64
ACC102926,444361.35
ACC102927,968470.34
ACC102928,71612.43
ACC102929,842305.45
ACC102930,51233.39
ACC102931,715135.99
ACC102932,427951.96
ACC102933,207698.73
ACC102934,305959.00
ACC102935,393639.59
ACC102936,88863.47
ACC102937,584267.98
ACC102938,640936.98
ACC102939,513052.41
ACC102940,973462.34
ACC102941,829925.83
ACC102942,375060.24
ACC102943,550180.63
ACC102944,388357.75
ACC102945,402235.00
ACC102946,479185.87
ACC102947,127797.95
ACC102948,823523.14
ACC102949,723618.58
ACC102950,826981.97
ACC102951,191965.50
ACC102952,485072.04
ACC102953,909850.81
ACC102954,818551.97
ACC102955,471618.14
ACC102956,818644.17
ACC102957,774397.73
ACC102958,993954.18
ACC102959,618860.83
ACC102960,344791.56
ACC102961,873159.40
ACC102962,686888.60
ACC102963,804619.42
ACC102964,233877.99
ACC102965,392085.40
ACC102966,815414.28
ACC102967,801428.89
ACC102968,472565.37
ACC102969,293992.39
ACC102970,86590.77
ACC102971,863218.64
ACC102972,356958.73
ACC102973,540707.97
ACC102974,365403.03
ACC102975,140967.43
ACC102976,728917.28
ACC102977,742397.12
ACC102978,855234.13
ACC102979,633052.56
ACC102980,221911.50
ACC102981,987597.37
ACC102982,647491.55
ACC102983,330005.60
ACC102984,631117.47
ACC102985,405096.80
ACC102986,581772.37
ACC102987,245214.27
ACC102988,249187.09
ACC102989,252333.02
ACC102990,185169.17
ACC102991,995872.67
ACC102992,184318.91
ACC102993,374474.80
ACC102994,959973.01
ACC102995,742183.84
ACC102996,90876.64
ACC102997,53766.70
ACC102998,993121.74
ACC102999,887457.38
ACC103000,534863.88
ACC103001,340075.67
ACC103002,728270.69
ACC103003,767320.40
ACC103004,987060.87
ACC103005,460872.54
ACC103006,142330.19
ACC103007,772774.61
ACC103008,25564.77
ACC103009,702114.53
ACC103010,22718.24
ACC103011,319282.76
ACC103012,416848.71
ACC103013,910664.16
ACC103014,799418.81
ACC103015,502456.78
ACC103016,290264.08
ACC103017,653987.68
ACC103018,647214.93
ACC103019,190245.91
ACC103020,735160.02
ACC103021,723921.38
ACC103022,638183.43
ACC103023,761787.07
ACC103024,642478.43
ACC103025,838275.81
ACC103026,872691.60
ACC103027,804280.33
ACC103028,273806.80
ACC103029,916968.48
ACC103030,908728.46
ACC103031,481391.79
ACC103032,840430.89
ACC103033,618232.88
ACC103034,454432.30
ACC103035,459761.58
ACC103036,972928.03
ACC103037,445246.33
ACC103038,497143.11
ACC103039,924208.93
ACC103040,878276.80
ACC103041,54252.08
ACC103042,124212.49
ACC103043,157177.18
ACC103044,526332.44
ACC103045,61920.45
ACC103046,936146.19
ACC103047,983850.19
ACC103048,560827.27
ACC103049,92301.61
ACC103050,851432.80
ACC103051,661198.02
ACC103052,631804.12
ACC103053,492267.43
ACC103054,64629.24
ACC103055,156973.46
ACC103056,876575.51
ACC103057,658822.12
ACC103058,494928.81
ACC103059,463381.46
ACC103060,814925.52
ACC103061,682081.53
ACC103062,791527.54
ACC103063,159783.44
ACC103064,521330.25
ACC103065,564078.18
ACC103066,564636.06
ACC103067,589373.36
ACC103068,12472.67
ACC103069,145844.08
ACC103070,286949.03
ACC103071,366276.96
ACC103072,972261.37
ACC103073,393455.98
ACC103074,419790.00
ACC103075,661976.26
ACC103076,628937.24
ACC103077,777897.39
ACC103078,410990.36
ACC103079,313350.54
ACC103080,99661.94
ACC103081,903699.23
ACC103082,37840.78
ACC103083,578950.64
ACC103084,127229.95
ACC103085,767365.84
ACC103086,248170.27
ACC103087,985387.47
ACC103088,91231.99
ACC103089,578575.73
ACC103090,65762.37
ACC103091,631916.90
ACC103092,12120.46
ACC103093,235065.92
ACC103094,172909.46
ACC103095,798441.28
ACC103096,271187.90
ACC103097,205966.67
ACC103098,982935.87
ACC103099,70224.79
ACC103100,932467.87
ACC103101,838147.77
ACC103102,588987.07
ACC103103,271632.93
ACC103104,94002.82
ACC103105,805870.73
ACC103106,482286.49
ACC103107,301157.76
ACC103108,395797.02
ACC103109,645710.06
ACC103110,513403.32
ACC103111,910879.26
ACC103112,220082.50
ACC103113,296315.46
ACC103114,303854.12
ACC103115,355339.43
ACC103116,926274.95
ACC103117,686130.69
ACC103118,432577.71
ACC103119,907569.08
ACC103120,718181.02
ACC103121,471667.80
ACC103122,342476.92
ACC103123,213708.94
ACC103124,114642.34
ACC103125,214355.28
ACC103126,246313.07
ACC103127,402304.87
ACC103128,636861.65
ACC103129,475336.07
ACC103130,668767.89
ACC103131,119933.25
ACC103132,586154.63
ACC103133,564885.88
ACC103134,192454.55
ACC103135,601326.98
ACC103136,464806.83
ACC103137,716355.82
ACC103138,670063.92
ACC103139,89622.43
ACC103140,940087.37
ACC103141,83711.74
ACC103142,22673.60
ACC103143,90737.43
ACC103144,337282.65
ACC103145,836851.37
ACC103146,605527.04
ACC103147,115216.19
ACC103148,241860.65
ACC103149,499924.68
ACC103150,857306.45
ACC103151,851140.50
ACC103152,953561.97
ACC103153,334865.34
ACC103154,227077.63
ACC103155,822908.11
ACC103156,386337.34
ACC103157,795261.10
ACC103158,534676.89
ACC103159,92817.56
ACC103160,557611.19
ACC103161,794548.61
ACC103162,255339.10
ACC103163,625475.13
ACC103164,798349.49
ACC103165,417312.67
ACC103166,247833.00
ACC103167,709053.04
ACC103168,391845.25
ACC103169,13202.55
ACC103170,867274.12
ACC103171,512379.39
ACC103172,974008.11
ACC103173,269648.19
ACC103174,909127.49
ACC103175,132728.84
ACC103176,591255.53
ACC103177,242165.83
ACC103178,509691.50
ACC103179,146009.46
ACC103180,873850.33
ACC103181,59588.51
ACC103182,600571.28
ACC103183,788804.38
ACC103184,412715.39
ACC103185,536038.17
ACC103186,580303.93
ACC103187,860428.57
ACC103188,316379.43
ACC103189,731877.03
ACC103190,755390.22
ACC103191,442799.43
ACC103192,111767.97
ACC103193,872232.89
ACC103194,975516.07
ACC103195,716496.26
ACC103196,748051.80
ACC103197,173987.56
ACC103198,253714.48
ACC103199,192896.94
ACC103200,46701.03
ACC103201,410350.86
ACC103202,461622.56
ACC103203,674731.78
ACC103204,143265.58
ACC103205,326311.98
ACC103206,422830.11
ACC103207,780783.12
ACC103208,757213.41
ACC103209,228367.48
ACC103210,233595.79
ACC103211,604785.09
ACC103212,745406.25
ACC103213,517970.09
ACC103214,619923.02
ACC103215,713841.80
ACC103216,92477.90
ACC103217,330125.52
ACC103218,363143.21
ACC103219,727883.81
ACC103220,107502.99
ACC103221,606483.19
ACC103222,952744.35
ACC103223,38820.37
ACC103224,540905.13
ACC103225,766125.49
ACC103226,865213.55
ACC103227,576122.55
ACC103228,488551.10
ACC103229,127054.31
ACC103230,231127.63
ACC103231,984584.48
ACC103232,561413.20
ACC103233,127106.05
ACC103234,549631.88
ACC103235,669962.32
ACC103236,629055.20
ACC103237,694696.87
ACC103238,259786.70
ACC103239,899078.71
ACC103240,393507.76
ACC103241,757406.38
ACC103242,932043.26
ACC103243,482806.62
ACC103244,506847.25
ACC103245,339953.92
ACC103246,110324.72
ACC103247,873110.27
ACC103248,600977.17
ACC103249,582602.99
ACC103250,945844.39
ACC103251,369022.12
ACC103252,421735.01
ACC103253,386450.41
ACC103254,887883.71
ACC103255,231073.12
ACC103256,561507.44
ACC103257,203412.93
ACC103258,124283.12
ACC103259,529270.46
ACC103260,755034.80
ACC103261,186020.44
ACC103262,175363.97
ACC103263,776229.44
ACC103264,402021.78
ACC103265,695355.69
ACC103266,449405.73
ACC103267,234518.79
ACC103268,87543.74
ACC103269,814651.90
ACC103270,135643.65
ACC103271,375665.93
ACC103272,227049.12
ACC103273,471165.94
ACC103274,282031.02
ACC103275,777596.04
ACC103276,497006.00
ACC103277,469990.31
ACC103278,39727.88
ACC103279,267541.87
ACC103280,634926.73
ACC103281,800449.31
ACC103282,764431.66
ACC103283,28662.19
ACC103284,393627.70
ACC103285,198644.60
ACC103286,666257.03
ACC103287,230746.36
ACC103288,844141.17
ACC103289,128573.40
ACC103290,784902.05
ACC103291,378457.54
ACC103292,49695.27
ACC103293,219036.46
ACC103294,745303.92
ACC103295,554581.65
ACC103296,899612.60
ACC103297,154286.32
ACC103298,400892.33
ACC103299,620699.59
ACC103300,676851.87
ACC103301,23035.87
ACC103302,516889.81
ACC103303,293589.99
ACC103304,816227.02
ACC103305,343054.58
ACC103306,194888.50
ACC103307,982494.20
ACC103308,922086.51
ACC103309,837124.76
ACC103310,992148.48
ACC103311,350141.16
ACC103312,654421.04
ACC103313,370613.00
ACC103314,124718.19
ACC103315,269128.56
ACC103316,840990.78
ACC103317,361331.02
ACC103318,622568.51
ACC103319,374897.64
ACC103320,820124.09
ACC103321,538718.55
ACC103322,687461.70
ACC103323,967113.09
ACC103324,884337.53
ACC103325,641675.13
ACC103326,240243.15
ACC103327,502774.98
ACC103328,148862.39
ACC103329,352600.27
ACC103330,553648.14
ACC103331,776839.39
ACC103332,511536.50
ACC103333,679371.59
ACC103334,649557.59
ACC103335,379514.13
ACC103336,471329.89
ACC103337,647097.62
ACC103338,915916.25
ACC103339,773721.42
ACC103340,302021.59
ACC103341,77527.21
ACC103342,268243.27
ACC103343,61483.37
ACC103344,865230.28
ACC103345,45979.40
ACC103346,313819.72
ACC103347,254187.33
ACC103348,793123.97
ACC103349,673578.56
ACC103350,463229.05
ACC103351,688826.60
ACC103352,685695.30
ACC103353,546435.33
ACC103354,573956.39
ACC103355,50388.61
ACC103356,430486.45
ACC103357,283210.85
ACC103358,734218.57
ACC103359,109575.51
ACC103360,24083.58
ACC103361,638232.49
ACC103362,202101.59
ACC103363,704994.49
ACC103364,214573.29
ACC103365,649000.10
ACC103366,795424.12
ACC103367,659842.60
ACC103368,352465.03
ACC103369,154529.08
ACC103370,321524.54
ACC103371,954938.00
ACC103372,104330.19
ACC103373,454521.28
ACC103374,123385.96
ACC103375,22712.39
ACC103376,438595.34
ACC103377,708837.32
ACC103378,979168.22
ACC103379,240481.47
ACC103380,206549.41
ACC103381,942164.05
ACC103382,636307.33
ACC103383,685947.87
ACC103384,683685.25
ACC103385,670127.72
ACC103386,538872.03
ACC103387,293468.32
ACC103388,226994.43
ACC103389,440398.87
ACC103390,597834.64
ACC103391,506129.46
ACC103392,572769.23
ACC103393,705567.30
ACC103394,238316.72
ACC103395,116128.53
ACC103396,806838.93
ACC103397,883735.09
ACC103398,755712.48
ACC103399,394343.70
ACC103400,904978.48
ACC103401,527883.43
ACC103402,393872.02
ACC103403,689304.76
ACC103404,715474.84
ACC103405,156113.69
ACC103406,413243.27
ACC103407,46038.82
ACC103408,938522.74
ACC103409,401845.78
ACC103410,725025.74
ACC103411,356466.61
ACC103412,948244.06
ACC103413,765976.57
ACC103414,978981.07
ACC103415,405164.17
ACC103416,632685.58
ACC103417,421858.60
ACC103418,687574.69
ACC103419,687379.82
ACC103420,295148.57
ACC103421,268754.65
ACC103422,137589.44
ACC103423,120211.25
ACC103424,596638.01
ACC103425,720155.24
ACC103426,902256.84
ACC103427,302797.96
ACC103428,854093.73
ACC103429,380017.08
ACC103430,622292.81
ACC103431,227272.85
ACC103432,522374.99
ACC103433,72587.36
ACC103434,83004.45
ACC103435,919043.68
ACC103436,629719.12
ACC103437,690023.48
ACC103438,396851.22
ACC103439,852737.93
ACC103440,96579.52
ACC103441,516500.99
ACC103442,926497.80
ACC103443,618846.47
ACC103444,106372.09
ACC103445,557921.69
ACC103446,602488.17
ACC103447,705739.39
ACC103448,693719.09
ACC103449,102691.54
ACC103450,62199.45
ACC103451,92304.51
ACC103452,431278.22
ACC103453,341333.15
ACC103454,552700.96
ACC103455,477971.64
ACC103456,460179.12
ACC103457,700929.81
ACC103458,769548.23
ACC103459,319337.61
ACC103460,791463.89
ACC103461,294567.82
ACC103462,786383.48
ACC103463,625995.61
ACC103464,396737.89
ACC103465,606051.67
ACC103466,296493.28
ACC103467,112498.28
ACC103468,835485.04
ACC103469,666211.30
ACC103470,787191.23
ACC103471,98647.91
ACC103472,684188.19
ACC103473,349103.00
ACC103474,881047.30
ACC103475,206508.33
ACC103476,378517.38
ACC103477,834325.87
ACC103478,994577.82
ACC103479,839671.55
ACC103480,404409.66
ACC103481,865532.48
ACC103482,765038.89
ACC103483,38388.26
ACC103484,756862.41
ACC103485,515008.05
ACC103486,169433.11
ACC103487,373185.66
ACC103488,196697.09
ACC103489,149924.32
ACC103490,936743.78
ACC103491,339546.25
ACC103492,565424.04
ACC103493,387544.52
ACC103494,214752.38
ACC103495,567110.81
ACC103496,706649.05
ACC103497,714263.04
ACC103498,226574.48
ACC103499,158694.33
ACC103500,539210.44
ACC103501,716908.75
ACC103502,109266.37
ACC103503,527167.68
ACC103504,822421.64
ACC103505,814222.55
ACC103506,137508.10
ACC103507,941958.79
ACC103508,907415.89
ACC103509,761840.65
ACC103510,459461.80
ACC103511,231565.97
ACC103512,930652.12
ACC103513,75471.73
ACC103514,449431.92
ACC103515,844051.85
ACC103516,536137.21
ACC103517,24251.18
ACC103518,822922.10
ACC103519,184000.70
ACC103520,831856.88
ACC103521,899488.65
ACC103522,544086.72
ACC103523,311872.05
ACC103524,493279.60
ACC103525,663194.14
ACC103526,913417.92
ACC103527,430073.44
ACC103528,22608.78
ACC103529,145875.76
ACC103530,854787.04
ACC103531,629400.31
ACC103532,66706.54
ACC103533,744147.64
ACC103534,215677.41
ACC103535,549755.14
ACC103536,379298.06
ACC103537,485667.84
ACC103538,82598.65
ACC103539,130259.11
ACC103540,244188.10
ACC103541,911847.03
ACC103542,685265.51
ACC103543,506008.18
ACC103544,635782.22
ACC103545,777625.55
ACC103546,898152.34
ACC103547,951801.59
ACC103548,211203.19
ACC103549,792411.67
ACC103550,626502.38
ACC103551,497184.61
ACC103552,14728.69
ACC103553,307006.06
ACC103554,465774.20
ACC103555,842098.27
ACC103556,390149.22
ACC103557,288007.74
ACC103558,758850.32
ACC103559,188317.89
ACC103560,899955.76
ACC103561,493803.58
ACC103562,784111.74
ACC103563,218687.98
ACC103564,52015.11
ACC103565,384789.31
ACC103566,169699.10
ACC103567,913925.07
ACC103568,684575.91
ACC103569,794951.40
ACC103570,824935.77
ACC103571,475460.84
ACC103572,549071.45
ACC103573,322359.70
ACC103574,688979.25
ACC103575,832437.08
ACC103576,797246.58
ACC103577,622478.13
ACC103578,19297.56
ACC103579,471539.83
ACC103580,714632.85
ACC103581,100495.36
ACC103582,848533.02
ACC103583,979873.68
ACC103584,766332.91
ACC103585,537109.99
ACC103586,317721.04
ACC103587,363528.67
ACC103588,923447.17
ACC103589,716374.75
ACC103590,436672.75
ACC103591,817880.82
ACC103592,869286.98
ACC103593,184311.52
ACC103594,238609.76
ACC103595,409992.92
ACC103596,873766.20
ACC103597,713053.94
ACC103598,275856.34
ACC103599,728747.28
ACC103600,532048.70
ACC103601,587256.78
ACC103602,306548.21
ACC103603,444541.38
ACC103604,159652.68
ACC103605,737431.36
ACC103606,908909.36
ACC103607,447517.95
ACC103608,680772.53
ACC103609,838723.27
ACC103610,919677.26
ACC103611,21375.51
ACC103612,59578.02
ACC103613,333444.06
ACC103614,166723.75
ACC103615,488820.69
ACC103616,675684.99
ACC103617,271400.83
ACC103618,662823.40
ACC103619,474673.20
ACC103620,264865.79
ACC103621,153737.27
ACC103622,727862.49
ACC103623,13524.32
ACC103624,504377.64
ACC103625,603607.64
ACC103626,360561.45
ACC103627,480675.06
ACC103628,359035.30
ACC103629,250549.75
ACC103630,418000.24
ACC103631,667844.56
ACC103632,349340.14
ACC103633,824905.42
ACC103634,591890.37
ACC103635,718839.56
ACC103636,266600.33
ACC103637,204057.05
ACC103638,614629.34
ACC103639,435015.45
ACC103640,782038.12
ACC103641,603606.21
ACC103642,435702.03
ACC103643,805934.71
ACC103644,77377.30
ACC103645,163914.84
ACC103646,59961.16
ACC103647,397143.00
ACC103648,153340.49
ACC103649,525662.75
ACC103650,513722.37
ACC103651,634433.37
ACC103652,889857.97
ACC103653,147244.31
ACC103654,42452.09
ACC103655,32358.93
ACC103656,847601.07
ACC103657,591934.83
ACC103658,775104.89
ACC103659,674079.29
ACC103660,644700.95
ACC103661,133802.46
ACC103662,624884.41
ACC103663,479890.84
ACC103664,675198.82
ACC103665,628323.43
ACC103666,544356.03
ACC103667,992991.03
ACC103668,946897.17
ACC103669,776578.46
ACC103670,514431.12
ACC103671,803166.69
ACC103672,375841.92
ACC103673,570765.46
ACC103674,681772.16
ACC103675,982171.22
ACC103676,532663.47
ACC103677,833559.30
ACC103678,547634.89
ACC103679,248570.57
ACC103680,42439.90
ACC103681,814580.52
ACC103682,33067.73
ACC103683,34787.97
ACC103684,784619.43
ACC103685,543906.23
ACC103686,120730.61
ACC103687,934966.67
ACC103688,92848.66
ACC103689,95162.62
ACC103690,372374.62
ACC103691,669095.93
ACC103692,436302.04
ACC103693,619284.44
ACC103694,893241.09
ACC103695,706609.11
ACC103696,884293.31
ACC103697,494508.40
ACC103698,630291.91
ACC103699,981364.03
ACC103700,414572.56
ACC103701,628588.05
ACC103702,660276.13
ACC103703,779554.38
ACC103704,262773.13
ACC103705,705574.55
ACC103706,56166.16
ACC103707,192677.05
ACC103708,415970.85
ACC103709,801802.93
ACC103710,136463.86
ACC103711,589194.00
ACC103712,467253.52
ACC103713,513956.22
ACC103714,511281.63
ACC103715,710978.47
ACC103716,740571.28
ACC103717,636248.87
ACC103718,101944.69
ACC103719,14024.10
ACC103720,415949.77
ACC103721,103879.00
ACC103722,317140.35
ACC103723,277221.31
ACC103724,384395.26
ACC103725,805944.07
ACC103726,268357.35
ACC103727,688269.58
ACC103728,139506.99
ACC103729,812996.16
ACC103730,50511.42
ACC103731,681994.72
ACC103732,458934.93
ACC103733,272333.67
ACC103734,580246.56
ACC103735,343479.71
ACC103736,813381.29
ACC103737,347983.84
ACC103738,334429.51
ACC103739,386493.02
ACC103740,473842.93
ACC103741,542124.38
ACC103742,964822.25
ACC103743,106712.60
ACC103744,919226.56
ACC103745,470426.15
ACC103746,631822.15
ACC103747,999194.68
ACC103748,16342.38
ACC103749,555467.93
ACC103750,740499.80
ACC103751,380425.34
ACC103752,202591.69
ACC103753,859982.18
ACC103754,375945.54
ACC103755,387118.33
ACC103756,788412.55
ACC103757,585235.10
ACC103758,132151.15
ACC103759,776687.66
ACC103760,571733.01
ACC103761,629327.58
ACC103762,59308.29
ACC103763,888022.90
ACC103764,250304.15
ACC103765,115622.52
ACC103766,648496.46
ACC103767,25835.51
ACC103768,259846.36
ACC103769,502862.35
ACC103770,150263.33
ACC103771,947419.22
ACC103772,46439.48
ACC103773,655834.72
ACC103774,334565.94
ACC103775,937182.37
ACC103776,590523.83
ACC103777,898677.49
ACC103778,903947.10
ACC103779,131760.27
ACC103780,167251.74
ACC103781,932083.33
ACC103782,949661.41
ACC103783,986905.16
ACC103784,383739.51
ACC103785,310772.41
ACC103786,441746.10
ACC103787,196677.02
ACC103788,538018.57
ACC103789,858645.79
ACC103790,808747.69
ACC103791,835722.04
ACC103792,807169.19
ACC103793,616015.44
ACC103794,600970.28
ACC103795,976627.48
ACC103796,293244.03
ACC103797,246225.68
ACC103798,732702.97
ACC103799,956479.24
ACC103800,165148.58
ACC103801,437839.48
ACC103802,603913.06
ACC103803,999825.72
ACC103804,92644.26
ACC103805,233356.79
ACC103806,310358.43
ACC103807,359264.19
ACC103808,935074.89
ACC103809,516165.22
ACC103810,422977.60
ACC103811,109818.23
ACC103812,212291.00
ACC103813,824093.33
ACC103814,532756.12
ACC103815,759162.02
ACC103816,128556.08
ACC103817,730543.73
ACC103818,326049.13
ACC103819,632574.99
ACC103820,261967.95
ACC103821,42728.34
ACC103822,397555.40
ACC103823,969272.71
ACC103824,632112.93
ACC103825,351011.11
ACC103826,163792.84
ACC103827,905462.00
ACC103828,687294.60
ACC103829,463782.28
ACC103830,79017.47
ACC103831,209106.08
ACC103832,249738.38
ACC103833,468646.93
ACC103834,228057.07
ACC103835,971962.87
ACC103836,522672.28
ACC103837,413004.46
ACC103838,736497.20
ACC103839,555971.71
ACC103840,557118.80
ACC103841,875328.88
ACC103842,808061.80
ACC103843,893516.54
ACC103844,958606.79
ACC103845,842629.05
ACC103846,191872.83
ACC103847,994481.06
ACC103848,704821.92
ACC103849,739675.86
ACC103850,788551.53
ACC103851,97338.10
ACC103852,774462.90
ACC103853,721628.15
ACC103854,783842.30
ACC103855,516779.02
ACC103856,955256.23
ACC103857,793671.47
ACC103858,831592.74
ACC103859,486590.19
ACC103860,625204.73
ACC103861,559203.88
ACC103862,414516.68
ACC103863,253621.97
ACC103864,395706.34
ACC103865,41960.35
ACC103866,101195.46
ACC103867,446772.14
ACC103868,748177.24
ACC103869,267261.96
ACC103870,421239.75
ACC103871,803919.47
ACC103872,247249.10
ACC103873,53309.36
ACC103874,487438.59
ACC103875,789693.68
ACC103876,663483.22
ACC103877,585108.55
ACC103878,794063.95
ACC103879,87857.23
ACC103880,676855.11
ACC103881,441225.91
ACC103882,854278.67
ACC103883,363900.95
ACC103884,779010.54
ACC103885,707113.07
ACC103886,36811.98
ACC103887,266217.75
ACC103888,57480.45
ACC103889,78225.60
ACC103890,712721.80
ACC103891,887921.65
ACC103892,118664.36
ACC103893,841578.73
ACC103894,387153.98
ACC103895,836016.57
ACC103896,918453.06
ACC103897,25741.23
ACC103898,298538.55
ACC103899,220196.42
ACC103900,479859.02
ACC103901,856563.14
ACC103902,548629.87
ACC103903,800070.98
ACC103904,345958.75
ACC103905,449165.62
ACC103906,121201.13
ACC103907,57064.09
ACC103908,843824.25
ACC103909,275891.27
ACC103910,905046.60
ACC103911,385618.29
ACC103912,260931.28
ACC103913,865020.22
ACC103914,328223.07
ACC103915,837667.43
ACC103916,759780.33
ACC103917,186102.78
ACC103918,895179.92
ACC103919,954601.09
ACC103920,979151.36
ACC103921,444741.63
ACC103922,476580.57
ACC103923,442147.15
ACC103924,981537.04
ACC103925,932576.01
ACC103926,153210.49
ACC103927,15736.50
ACC103928,115859.13
ACC103929,297078.72
ACC103930,550395.73
ACC103931,646990.71
ACC103932,772571.04
ACC103933,620570.80
ACC103934,417823.75
ACC103935,275986.70
ACC103936,334685.07
ACC103937,988591.68
ACC103938,351560.70
ACC103939,798903.83
ACC103940,453136.10
ACC103941,674432.30
ACC103942,510403.65
ACC103943,436547.86
ACC103944,978203.48
ACC103945,689246.11
ACC103946,577483.09
ACC103947,986071.26
ACC103948,190461.48
ACC103949,205698.04
ACC103950,690249.56
ACC103951,35974.76
ACC103952,344914.01
ACC103953,567593.57
ACC103954,237631.92
ACC103955,603174.37
ACC103956,140592.33
ACC103957,788350.25
ACC103958,272246.18
ACC103959,400558.16
ACC103960,974955.06
ACC103961,547531.32
ACC103962,158064.01
ACC103963,234032.62
ACC103964,367927.64
ACC103965,916955.97
ACC103966,359916.15
ACC103967,839572.07
ACC103968,654354.57
ACC103969,466133.23
ACC103970,790610.22
ACC103971,173236.13
ACC103972,206009.75
ACC103973,260936.65
ACC103974,34285.06
ACC103975,360508.44
ACC103976,605122.11
ACC103977,139543.76
ACC103978,610901.57
ACC103979,45636.56
ACC103980,930620.42
ACC103981,415709.95
ACC103982,326488.58
ACC103983,576916.04
ACC103984,205987.65
ACC103985,11427.99
ACC103986,646914.79
ACC103987,270063.40
ACC103988,23738.20
ACC103989,978945.52
ACC103990,849551.23
ACC103991,778960.94
ACC103992,306091.14
ACC103993,345968.81
ACC103994,137216.76
ACC103995,421132.87
ACC103996,204411.70
ACC103997,917677.18
ACC103998,942266.61
ACC103999,144325.68
ACC104000,811427.99
ACC104001,144904.45
ACC104002,245588.03
ACC104003,680516.79
ACC104004,220103.28
ACC104005,589513.52
ACC104006,595608.91
ACC104007,534564.55
ACC104008,251354.86
ACC104009,185597.97
ACC104010,336204.57
ACC104011,936538.37
ACC104012,969558.14
ACC104013,28689.33
ACC104014,639604.92
ACC104015,599531.77
ACC104016,329960.70
ACC104017,964630.97
ACC104018,271057.78
ACC104019,258462.25
ACC104020,385753.44
ACC104021,245199.78
ACC104022,926096.98
ACC104023,870000.19
ACC104024,894607.41
ACC104025,438913.89
ACC104026,658792.32
ACC104027,709345.96
ACC104028,254981.77
ACC104029,672759.83
ACC104030,440325.65
ACC104031,166087.19
ACC104032,701445.10
ACC104033,663804.95
ACC104034,161641.51
ACC104035,898819.89
ACC104036,875624.31
ACC104037,998830.70
ACC104038,551762.65
ACC104039,526605.65
ACC104040,795206.60
ACC104041,995229.87
ACC104042,104639.95
ACC104043,564663.19
ACC104044,297667.78
ACC104045,17455.95
ACC104046,982123.13
ACC104047,491956.48
ACC104048,638085.59
ACC104049,320294.77
ACC104050,148792.96
ACC104051,99542.43
ACC104052,281520.14
ACC104053,233149.17
ACC104054,95987.28
ACC104055,380680.30
ACC104056,140003.56
ACC104057,338384.16
ACC104058,717382.75
ACC104059,966780.59
ACC104060,572179.74
ACC104061,461575.41
ACC104062,476960.83
ACC104063,877285.44
ACC104064,200069.77
ACC104065,182236.40
ACC104066,392090.78
ACC104067,326523.30
ACC104068,952312.47
ACC104069,500268.74
ACC104070,209804.30
ACC104071,256469.31
ACC104072,556539.35
ACC104073,635988.88
ACC104074,503116.08
ACC104075,171169.60
ACC104076,95291.79
ACC104077,610127.86
ACC104078,36460.41
ACC104079,766350.31
ACC104080,920073.77
ACC104081,814684.71
ACC104082,674969.40
ACC104083,36434.49
ACC104084,286756.04
ACC104085,575932.28
ACC104086,371409.54
ACC104087,290827.74
ACC104088,722608.89
ACC104089,117233.74
ACC104090,27122.45
ACC104091,21910.29
ACC104092,600738.11
ACC104093,391620.87
ACC104094,29283.01
ACC104095,108686.50
ACC104096,981634.74
ACC104097,692319.44
ACC104098,166192.27
ACC104099,512494.12
ACC104100,963921.77
ACC104101,903575.38
ACC104102,845163.53
ACC104103,414564.16
ACC104104,147192.12
ACC104105,954244.33
ACC104106,413840.55
ACC104107,89548.68
ACC104108,189079.59
ACC104109,22650.71
ACC104110,835502.80
ACC104111,64397.22
ACC104112,796390.55
ACC104113,633205.90
ACC104114,712066.95
ACC104115,298163.56
ACC104116,16247.03
ACC104117,163194.49
ACC104118,375086.01
ACC104119,425464.08
ACC104120,727752.18
ACC104121,471995.19
ACC104122,175076.82
ACC104123,444383.90
ACC104124,717687.54
ACC104125,244797.84
ACC104126,572972.53
ACC104127,588641.65
ACC104128,665186.62
ACC104129,718610.38
ACC104130,294402.62
ACC104131,493774.36
ACC104132,800203.03
ACC104133,290019.71
ACC104134,997842.86
ACC104135,157992.97
ACC104136,638900.96
ACC104137,831777.44
ACC104138,271458.78
ACC104139,690184.73
ACC104140,715844.86
ACC104141,368826.96
ACC104142,190681.44
ACC104143,340302.89
ACC104144,918050.06
ACC104145,93870.12
ACC104146,909209.78
ACC104147,621084.88
ACC104148,839579.49
ACC104149,637992.23
ACC104150,670224.85
ACC104151,244679.07
ACC104152,847431.67
ACC104153,63221.26
ACC104154,82130.96
ACC104155,703336.20
ACC104156,59964.10
ACC104157,561191.94
ACC104158,584105.30
ACC104159,399835.50
ACC104160,78030.83
ACC104161,145318.08
ACC104162,671142.05
ACC104163,400766.46
ACC104164,586386.33
ACC104165,593046.55
ACC104166,936118.91
ACC104167,994175.74
ACC104168,988718.75
ACC104169,579872.97
ACC104170,617692.73
ACC104171,602415.61
ACC104172,73923.00
ACC104173,947845.25
ACC104174,147548.62
ACC104175,411292.86
ACC104176,453910.21
ACC104177,658262.47
ACC104178,338680.20
ACC104179,17819.42
ACC104180,924372.75
ACC104181,241197.30
ACC104182,427971.34
ACC104183,871003.68
ACC104184,939484.87
ACC104185,33326.72
ACC104186,621378.39
ACC104187,443198.35
ACC104188,539516.90
ACC104189,10352.15
ACC104190,188479.04
ACC104191,513534.04
ACC104192,866776.47
ACC104193,341020.75
ACC104194,995058.32
ACC104195,359918.74
ACC104196,800163.39
ACC104197,576430.73
ACC104198,437743.46
ACC104199,21972.67
ACC104200,661935.20
ACC104201,640911.05
ACC104202,903479.57
ACC104203,134093.44
ACC104204,52028.60
ACC104205,689309.67
ACC104206,878854.02
ACC104207,645610.54
ACC104208,765467.55
ACC104209,230008.42
ACC104210,309932.27
ACC104211,753689.34
ACC104212,427011.57
ACC104213,773401.12
ACC104214,282359.10
ACC104215,434283.15
ACC104216,794258.66
ACC104217,851930.04
ACC104218,574009.61
ACC104219,67008.59
ACC104220,215915.32
ACC104221,930070.06
ACC104222,118439.51
ACC104223,691332.62
ACC104224,385881.26
ACC104225,570882.64
ACC104226,746790.21
ACC104227,633911.09
ACC104228,656170.02
ACC104229,939931.43
ACC104230,778644.69
ACC104231,250307.29
ACC104232,522496.73
ACC104233,537459.06
ACC104234,518610.33
ACC104235,978645.13
ACC104236,315612.77
ACC104237,845769.11
ACC104238,755120.94
ACC104239,968015.28
ACC104240,419152.24
ACC104241,580740.31
ACC104242,511105.42
ACC104243,690653.57
ACC104244,990878.45
ACC104245,944319.13
ACC104246,482761.19
ACC104247,554049.98
ACC104248,158779.05
ACC104249,398695.36
ACC104250,752700.83
ACC104251,567222.59
ACC104252,776456.54
ACC104253,262659.13
ACC104254,917206.47
ACC104255,584404.05
ACC104256,693696.50
ACC104257,596370.96
ACC104258,404231.24
ACC104259,29340.40
ACC104260,697968.56
ACC104261,762446.36
ACC104262,39128.36
ACC104263,374289.39
ACC104264,10926.46
ACC104265,48863.32
ACC104266,68868.58
ACC104267,229632.84
ACC104268,70720.60
ACC104269,12746.47
ACC104270,622722.30
ACC104271,102780.35
ACC104272,346122.88
ACC104273,173564.35
ACC104274,348038.20
ACC104275,728743.35
ACC104276,542086.09
ACC104277,859695.00
ACC104278,283841.30
ACC104279,199397.12
ACC104280,988421.15
ACC104281,213674.20
ACC104282,452502.66
ACC104283,634024.15
ACC104284,413772.96
ACC104285,538734.03
ACC104286,410700.10
ACC104287,90246.63
ACC104288,966011.89
ACC104289,552472.61
ACC104290,925293.38
ACC104291,491906.16
ACC104292,687530.22
ACC104293,132666.19
ACC104294,537578.93
ACC104295,638838.23
ACC104296,509744.03
ACC104297,635340.93
ACC104298,920669.16
ACC104299,482814.65
ACC104300,965348.63
ACC104301,286268.03
ACC104302,409456.96
ACC104303,14191.09
ACC104304,339561.59
ACC104305,104027.33
ACC104306,530781.91
ACC104307,614997.85
ACC104308,212709.91
ACC104309,815704.90
ACC104310,553004.96
ACC104311,686350.82
ACC104312,46079.18
ACC104313,115147.23
ACC104314,89228.79
ACC104315,941135.72
ACC104316,810939.60
ACC104317,318489.93
ACC104318,336867.05
ACC104319,946932.20
ACC104320,57100.63
ACC104321,82411.03
ACC104322,508170.68
ACC104323,69096.01
ACC104324,712217.65
ACC104325,57228.77
ACC104326,671660.78
ACC104327,39805.41
ACC104328,46385.61
ACC104329,179571.60
ACC104330,43196.73
ACC104331,385704.96
ACC104332,338302.18
ACC104333,797892.66
ACC104334,927625.87
ACC104335,694542.87
ACC104336,749468.75
ACC104337,388583.50
ACC104338,947614.30
ACC104339,939899.58
ACC104340,621520.31
ACC104341,340861.92
ACC104342,685350.71
ACC104343,32743.85
ACC104344,558836.22
ACC104345,984966.06
ACC104346,125344.57
ACC104347,759128.87
ACC104348,514081.46
ACC104349,720481.79
ACC104350,352506.56
ACC104351,654854.22
ACC104352,298264.14
ACC104353,689862.86
ACC104354,509103.02
ACC104355,970371.29
ACC104356,559267.21
ACC104357,636373.39
ACC104358,867019.32
ACC104359,702598.09
ACC104360,123623.78
ACC104361,845789.38
ACC104362,938044.56
ACC104363,284635.19
ACC104364,555552.87
ACC104365,407241.24
ACC104366,974608.21
ACC104367,149639.18
ACC104368,464958.11
ACC104369,460561.22
ACC104370,766553.20
ACC104371,431310.01
ACC104372,382215.23
ACC104373,455420.21
ACC104374,716121.15
ACC104375,430588.45
ACC104376,362134.31
ACC104377,871395.17
ACC104378,243355.83
ACC104379,756234.96
ACC104380,432481.08
ACC104381,317903.70
ACC104382,207596.72
ACC104383,505975.69
ACC104384,653877.10
ACC104385,418674.99
ACC104386,717639.63
ACC104387,54852.53
ACC104388,327771.43
ACC104389,477095.22
ACC104390,863482.26
ACC104391,628301.87
ACC104392,917487.46
ACC104393,356374.52
ACC104394,66353.09
ACC104395,199314.22
ACC104396,774095.96
ACC104397,642025.86
ACC104398,620937.55
ACC104399,571789.66
ACC104400,94051.55
ACC104401,903629.94
ACC104402,764370.24
ACC104403,425905.17
ACC104404,799152.46
ACC104405,238279.46
ACC104406,710654.31
ACC104407,125949.41
ACC104408,91444.23
ACC104409,249453.50
ACC104410,746697.39
ACC104411,106655.54
ACC104412,676185.84
ACC104413,182368.09
ACC104414,187120.70
ACC104415,990577.42
ACC104416,24932.34
ACC104417,660081.06
ACC104418,819402.89
ACC104419,356505.08
ACC104420,298161.50
ACC104421,313799.46
ACC104422,218760.67
ACC104423,547303.95
ACC104424,682681.82
ACC104425,345945.20
ACC104426,253448.81
ACC104427,24888.97
ACC104428,833307.83
ACC104429,965579.12
ACC104430,785878.05
ACC104431,900308.17
ACC104432,440974.07
ACC104433,482766.83
ACC104434,953104.46
ACC104435,678111.14
ACC104436,910582.15
ACC104437,571389.00
ACC104438,401834.70
ACC104439,396317.10
ACC104440,731435.56
ACC104441,598756.47
ACC104442,248121.85
ACC104443,776373.02
ACC104444,611115.43
ACC104445,265185.08
ACC104446,810392.71
ACC104447,421505.86
ACC104448,800085.80
ACC104449,337418.45
ACC104450,126351.98
ACC104451,86824.61
ACC104452,59189.66
ACC104453,936455.71
ACC104454,49650.26
ACC104455,130416.17
ACC104456,355508.23
ACC104457,112949.42
ACC104458,580982.59
ACC104459,971504.98
ACC104460,443803.34
ACC104461,231883.48
ACC104462,90500.64
ACC104463,519510.82
ACC104464,240948.75
ACC104465,352723.66
ACC104466,434076.08
ACC104467,366539.52
ACC104468,699379.23
ACC104469,211652.25
ACC104470,65044.46
ACC104471,895480.53
ACC104472,422646.44
ACC104473,258857.56
ACC104474,535588.22
ACC104475,176461.19
ACC104476,151669.30
ACC104477,976141.81
ACC104478,797884.40
ACC104479,735921.22
ACC104480,774201.40
ACC104481,238345.10
ACC104482,524546.54
ACC104483,695022.63
ACC104484,852411.57
ACC104485,376252.26
ACC104486,70732.46
ACC104487,387497.98
ACC104488,484284.17
ACC104489,518756.69
ACC104490,386568.69
ACC104491,321366.87
ACC104492,603793.34
ACC104493,368100.58
ACC104494,868259.17
ACC104495,234213.98
ACC104496,82491.58
ACC104497,593993.62
ACC104498,469400.08
ACC104499,337923.15
ACC104500,591275.71
ACC104501,30330.94
ACC104502,650614.60
ACC104503,195900.43
ACC104504,425653.61
ACC104505,432090.28
ACC104506,795650.60
ACC104507,893895.71
ACC104508,310834.02
ACC104509,59781.62
ACC104510,235550.87
ACC104511,674545.60
ACC104512,164395.95
ACC104513,664556.11
ACC104514,759410.30
ACC104515,325712.14
ACC104516,244168.78
ACC104517,248750.36
ACC104518,830575.63
ACC104519,373579.60
ACC104520,387263.11
ACC104521,214249.88
ACC104522,540923.26
ACC104523,293298.98
ACC104524,312941.99
ACC104525,404600.42
ACC104526,573066.57
ACC104527,522732.44
ACC104528,637206.49
ACC104529,956278.07
ACC104530,870999.86
ACC104531,648551.52
ACC104532,210593.28
ACC104533,569949.42
ACC104534,203776.17
ACC104535,538582.20
ACC104536,442742.33
ACC104537,543909.87
ACC104538,994346.86
ACC104539,869864.69
ACC104540,37790.73
ACC104541,609183.53
ACC104542,26656.96
ACC104543,98410.92
ACC104544,953584.20
ACC104545,319000.79
ACC104546,868494.82
ACC104547,394092.99
ACC104548,905071.18
ACC104549,464538.55
ACC104550,255436.30
ACC104551,82484.93
ACC104552,528054.53
ACC104553,33917.10
ACC104554,22503.01
ACC104555,324805.93
ACC104556,463724.31
ACC104557,652490.70
ACC104558,264871.08
ACC104559,37377.29
ACC104560,147080.16
ACC104561,859453.35
ACC104562,597121.05
ACC104563,333206.36
ACC104564,353475.58
ACC104565,838699.01
ACC104566,432111.39
ACC104567,950449.06
ACC104568,127076.22
ACC104569,780735.12
ACC104570,555587.25
ACC104571,655579.30
ACC104572,233022.57
ACC104573,517241.39
ACC104574,601103.29
ACC104575,593107.04
ACC104576,541523.55
ACC104577,390599.19
ACC104578,921743.13
ACC104579,528637.70
ACC104580,826979.32
ACC104581,127386.93
ACC104582,340460.16
ACC104583,617954.74
ACC104584,188543.75
ACC104585,707443.28
ACC104586,659643.95
ACC104587,491632.96
ACC104588,60283.41
ACC104589,198646.23
ACC104590,472732.35
ACC104591,292454.12
ACC104592,79277.00
ACC104593,632037.53
ACC104594,576345.03
ACC104595,391597.20
ACC104596,258620.76
ACC104597,322342.14
ACC104598,650504.82
ACC104599,509215.03
ACC104600,839367.26
ACC104601,915290.20
ACC104602,257043.18
ACC104603,25584.21
ACC104604,90922.14
ACC104605,985443.17
ACC104606,872252.61
ACC104607,380529.76
ACC104608,493359.13
ACC104609,966459.18
ACC104610,999253.37
ACC104611,691276.71
ACC104612,617486.94
ACC104613,659901.49
ACC104614,228383.45
ACC104615,652269.59
ACC104616,339311.83
ACC104617,818802.22
ACC104618,240200.01
ACC104619,224826.84
ACC104620,604788.15
ACC104621,588238.09
ACC104622,275397.64
ACC104623,699761.00
ACC104624,138434.14
ACC104625,27157.34
ACC104626,839102.63
ACC104627,92296.91
ACC104628,75513.74
ACC104629,253616.92
ACC104630,883594.59
ACC104631,865758.04
ACC104632,722045.66
ACC104633,369446.38
ACC104634,413535.79
ACC104635,778568.19
ACC104636,619898.79
ACC104637,430150.38
ACC104638,411255.78
ACC104639,368128.91
ACC104640,685668.73
ACC104641,661592.99
ACC104642,426542.58
ACC104643,575084.16
ACC104644,151903.34
ACC104645,266678.35
ACC104646,425733.97
ACC104647,62373.01
ACC104648,817555.64
ACC104649,952848.18
ACC104650,718681.74
ACC104651,245296.01
ACC104652,831290.36
ACC104653,844762.96
ACC104654,589378.03
ACC104655,781586.49
ACC104656,456456.19
ACC104657,946014.85
ACC104658,866687.90
ACC104659,454177.21
ACC104660,610158.79
ACC104661,179141.12
ACC104662,265723.50
ACC104663,103992.91
ACC104664,910929.88
ACC104665,504563.92
ACC104666,297924.67
ACC104667,875674.67
ACC104668,489986.21
ACC104669,516377.22
ACC104670,878878.07
ACC104671,545656.32
ACC104672,630007.59
ACC104673,456134.18
ACC104674,227310.15
ACC104675,239463.32
ACC104676,422735.83
ACC104677,524958.12
ACC104678,336532.32
ACC104679,843494.37
ACC104680,722507.63
ACC104681,169407.82
ACC104682,830894.95
ACC104683,785871.47
ACC104684,597082.33
ACC104685,657572.44
ACC104686,774524.54
ACC104687,651207.80
ACC104688,69810.29
ACC104689,508854.23
ACC104690,187771.69
ACC104691,55344.30
ACC104692,348311.84
ACC104693,713816.70
ACC104694,638390.22
ACC104695,708244.40
ACC104696,114396.36
ACC104697,229333.80
ACC104698,779496.54
ACC104699,706312.27
ACC104700,47949.75
ACC104701,559070.05
ACC104702,774825.32
ACC104703,589414.03
ACC104704,53953.49
ACC104705,850054.34
ACC104706,873701.81
ACC104707,992832.12
ACC104708,686672.08
ACC104709,352780.18
ACC104710,993493.07
ACC104711,350272.12
ACC104712,48355.84
ACC104713,644871.93
ACC104714,836079.42
ACC104715,60867.13
ACC104716,71554.34
ACC104717,846902.39
ACC104718,437104.28
ACC104719,750888.67
ACC104720,594321.04
ACC104721,213428.72
ACC104722,212415.31
ACC104723,989574.29
ACC104724,646212.95
ACC104725,602734.04
ACC104726,495200.54
ACC104727,948120.33
ACC104728,330049.65
ACC104729,765119.56
ACC104730,279853.93
ACC104731,691465.34
ACC104732,629893.81
ACC104733,91886.48
ACC104734,334570.02
ACC104735,714002.13
ACC104736,719651.50
ACC104737,255379.94
ACC104738,284072.93
ACC104739,582808.78
ACC104740,809062.65
ACC104741,124636.92
ACC104742,116725.94
ACC104743,625376.69
ACC104744,574663.74
ACC104745,681287.19
ACC104746,576547.55
ACC104747,903140.39
ACC104748,162551.87
ACC104749,116402.10
ACC104750,490376.76
ACC104751,847377.63
ACC104752,247465.27
ACC104753,490967.21
ACC104754,373584.26
ACC104755,220248.87
ACC104756,278818.75
ACC104757,960576.15
ACC104758,64318.38
ACC104759,370884.58
ACC104760,928892.22
ACC104761,758799.03
ACC104762,876303.76
ACC104763,124504.49
ACC104764,161369.40
ACC104765,693474.84
ACC104766,733677.62
ACC104767,791566.95
ACC104768,569859.03
ACC104769,565909.14
ACC104770,978252.54
ACC104771,513897.35
ACC104772,885903.32
ACC104773,94628.13
ACC104774,289936.93
ACC104775,155633.64
ACC104776,74290.26
ACC104777,832948.09
ACC104778,754823.05
ACC104779,818652.77
ACC104780,220233.19
ACC104781,963163.70
ACC104782,502669.87
ACC104783,264905.83
ACC104784,988167.17
ACC104785,459641.28
ACC104786,456161.92
ACC104787,981790.78
ACC104788,135534.81
ACC104789,848523.15
ACC104790,698417.11
ACC104791,591330.08
ACC104792,906994.37
ACC104793,553106.22
ACC104794,792746.15
ACC104795,219497.20
ACC104796,884981.44
ACC104797,141253.39
ACC104798,569632.57
ACC104799,708549.04
ACC104800,991490.72
ACC104801,104428.49
ACC104802,650306.74
ACC104803,742673.14
ACC104804,123317.55
ACC104805,57115.23
ACC104806,554129.51
ACC104807,725646.61
ACC104808,628809.62
ACC104809,380488.60
ACC104810,498279.57
ACC104811,108530.31
ACC104812,938426.75
ACC104813,985251.42
ACC104814,252956.19
ACC104815,345685.22
ACC104816,64093.08
ACC104817,895531.77
ACC104818,203463.12
ACC104819,668599.35
ACC104820,243448.10
ACC104821,28656.35
ACC104822,552130.63
ACC104823,389151.99
ACC104824,394664.24
ACC104825,764473.04
ACC104826,998063.01
ACC104827,477018.33
ACC104828,505496.18
ACC104829,672689.66
ACC104830,511164.59
ACC104831,969931.27
ACC104832,466663.31
ACC104833,677429.85
ACC104834,808802.55
ACC104835,560468.40
ACC104836,914538.94
ACC104837,244875.59
ACC104838,128805.83
ACC104839,658920.44
ACC104840,361431.30
ACC104841,982474.00
ACC104842,121279.39
ACC104843,338624.27
ACC104844,573488.53
ACC104845,276730.86
ACC104846,543929.09
ACC104847,227906.56
ACC104848,616446.38
ACC104849,521095.65
ACC104850,161247.90
ACC104851,751486.13
ACC104852,998059.40
ACC104853,975862.75
ACC104854,407004.62
ACC104855,953820.60
ACC104856,433117.63
ACC104857,118371.15
ACC104858,172006.70
ACC104859,247460.59
ACC104860,412448.74
ACC104861,664079.68
ACC104862,275074.80
ACC104863,580986.81
ACC104864,351240.65
ACC104865,27327.10
ACC104866,814571.43
ACC104867,713557.80
ACC104868,294393.59
ACC104869,494756.82
ACC104870,400667.88
ACC104871,186484.21
ACC104872,267419.94
ACC104873,674492.77
ACC104874,174812.17
ACC104875,86571.56
ACC104876,320659.56
ACC104877,160198.39
ACC104878,302578.96
ACC104879,791237.51
ACC104880,752262.57
ACC104881,461132.94
ACC104882,789235.14
ACC104883,111610.30
ACC104884,681515.72
ACC104885,247239.15
ACC104886,833947.60
ACC104887,486954.49
ACC104888,28648.01
ACC104889,462153.72
ACC104890,808588.72
ACC104891,541845.29
ACC104892,290250.37
ACC104893,416827.36
ACC104894,800561.85
ACC104895,126527.25
ACC104896,10878.55
ACC104897,372173.00
ACC104898,85973.12
ACC104899,820844.02
ACC104900,451282.49
ACC104901,650831.09
ACC104902,229818.54
ACC104903,133014.24
ACC104904,402015.27
ACC104905,985748.22
ACC104906,743633.47
ACC104907,836355.41
ACC104908,37923.25
ACC104909,186810.25
ACC104910,858269.34
ACC104911,929820.58
ACC104912,684204.04
ACC104913,36253.33
ACC104914,830116.29
ACC104915,501914.38
ACC104916,158342.71
ACC104917,888996.61
ACC104918,593182.22
ACC104919,932193.54
ACC104920,384296.37
ACC104921,145397.22
ACC104922,716968.47
ACC104923,150132.64
ACC104924,895796.03
ACC104925,271223.72
ACC104926,731048.20
ACC104927,147650.59
ACC104928,124569.74
ACC104929,362875.91
ACC104930,551659.16
ACC104931,999043.23
ACC104932,676664.06
ACC104933,225049.36
ACC104934,413463.00
ACC104935,850457.19
ACC104936,275852.05
ACC104937,443150.46
ACC104938,990903.60
ACC104939,250365.75
ACC104940,157362.87
ACC104941,333812.07
ACC104942,568313.13
ACC104943,12771.26
ACC104944,217855.05
ACC104945,723843.07
ACC104946,876068.94
ACC104947,376059.64
ACC104948,888677.12
ACC104949,340864.65
ACC104950,231696.39
ACC104951,102571.90
ACC104952,469021.18
ACC104953,517743.28
ACC104954,609841.73
ACC104955,917032.47
ACC104956,153571.70
ACC104957,947726.26
ACC104958,73506.21
ACC104959,755989.32
ACC104960,295688.74
ACC104961,157916.65
ACC104962,440836.64
ACC104963,765370.69
ACC104964,452036.50
ACC104965,285395.79
ACC104966,477109.66
ACC104967,409153.05
ACC104968,487879.94
ACC104969,202908.07
ACC104970,930326.08
ACC104971,538959.89
ACC104972,874019.01
ACC104973,479568.01
ACC104974,581048.64
ACC104975,592176.01
ACC104976,446516.66
ACC104977,466531.77
ACC104978,252770.57
ACC104979,844861.72
ACC104980,218999.21
ACC104981,367995.56
ACC104982,978194.39
ACC104983,885391.20
ACC104984,754368.30
ACC104985,794240.42
ACC104986,59329.53
ACC104987,395314.72
ACC104988,388261.82
ACC104989,175738.18
ACC104990,145284.33
ACC104991,505458.41
ACC104992,870536.86
ACC104993,805565.30
ACC104994,201031.86
ACC104995,167726.33
ACC104996,803420.21
ACC104997,641541.91
ACC104998,663271.49
ACC104999,956458.28
ACC105000,645783.50
ACC105001,29619.95
ACC105002,475786.51
ACC105003,247523.06
ACC105004,592246.86
ACC105005,126090.13
ACC105006,946415.99
ACC105007,468590.41
ACC105008,743501.64
ACC105009,108159.15
ACC105010,90912.25
ACC105011,990226.15
ACC105012,780365.12
ACC105013,410368.74
ACC105014,915548.14
ACC105015,894593.45
ACC105016,268640.93
ACC105017,98185.85
ACC105018,630366.69
ACC105019,586619.99
ACC105020,954856.78
ACC105021,459887.68
ACC105022,798433.23
ACC105023,461503.48
ACC105024,54387.06
ACC105025,903597.96
ACC105026,743354.02
ACC105027,172380.18
ACC105028,953340.20
ACC105029,248001.02
ACC105030,207667.15
ACC105031,472868.73
ACC105032,503902.02
ACC105033,462867.10
ACC105034,718491.15
ACC105035,151028.83
ACC105036,559573.79
ACC105037,349067.67
ACC105038,934033.03
ACC105039,844037.09
ACC105040,951929.39
ACC105041,177241.85
ACC105042,705212.19
ACC105043,356583.90
ACC105044,334139.36
ACC105045,89694.94
ACC105046,310748.32
ACC105047,190634.17
ACC105048,828569.46
ACC105049,741467.33
ACC105050,351590.54
ACC105051,99770.06
ACC105052,26260.24
ACC105053,263807.33
ACC105054,861532.08
ACC105055,597848.73
ACC105056,185028.92
ACC105057,436513.54
ACC105058,945258.80
ACC105059,329158.03
ACC105060,170308.54
ACC105061,824782.45
ACC105062,812922.13
ACC105063,615642.81
ACC105064,358649.52
ACC105065,281304.46
ACC105066,501605.60
ACC105067,486099.84
ACC105068,838056.64
ACC105069,55396.33
ACC105070,588771.71
ACC105071,862503.78
ACC105072,852020.87
ACC105073,887940.31
ACC105074,210929.51
ACC105075,699826.95
ACC105076,675227.18
ACC105077,973820.62
ACC105078,262355.53
ACC105079,337855.34
ACC105080,628481.51
ACC105081,862404.90
ACC105082,313729.62
ACC105083,416578.47
ACC105084,588396.64
ACC105085,291413.34
ACC105086,809014.62
ACC105087,400744.96
ACC105088,393813.52
ACC105089,900250.60
ACC105090,350812.19
ACC105091,644126.91
ACC105092,855806.84
ACC105093,825545.78
ACC105094,469769.94
ACC105095,949924.44
ACC105096,701434.64
ACC105097,154252.62
ACC105098,172393.46
ACC105099,410568.22
ACC105100,483139.31
ACC105101,408207.57
ACC105102,553834.13
ACC105103,317941.45
ACC105104,865893.50
ACC105105,408525.39
ACC105106,317877.93
ACC105107,63743.78
ACC105108,942807.07
ACC105109,668632.15
ACC105110,605451.49
ACC105111,739358.64
ACC105112,946971.76
ACC105113,181092.71
ACC105114,625492.29
ACC105115,525161.11
ACC105116,842818.58
ACC105117,115684.78
ACC105118,727995.39
ACC105119,710717.79
ACC105120,404198.34
ACC105121,724404.13
ACC105122,138454.03
ACC105123,729780.69
ACC105124,988768.50
ACC105125,543255.29
ACC105126,395753.32
ACC105127,357366.18
ACC105128,139080.55
ACC105129,600789.72
ACC105130,631855.00
ACC105131,680536.17
ACC105132,940009.95
ACC105133,589397.97
ACC105134,161328.81
ACC105135,629762.31
ACC105136,39856.13
ACC105137,307345.38
ACC105138,491939.35
ACC105139,963955.02
ACC105140,88563.05
ACC105141,27460.23
ACC105142,44090.21
ACC105143,169378.25
ACC105144,231071.81
ACC105145,62240.77
ACC105146,576955.43
ACC105147,710746.62
ACC105148,696814.25
ACC105149,994942.95
ACC105150,512595.85
ACC105151,861815.51
ACC105152,617792.32
ACC105153,841942.32
ACC105154,376261.72
ACC105155,192725.55
ACC105156,677561.32
ACC105157,533334.18
ACC105158,341425.32
ACC105159,672252.18
ACC105160,491744.89
ACC105161,196343.18
ACC105162,651865.93
ACC105163,634936.53
ACC105164,777458.61
ACC105165,739658.43
ACC105166,720346.72
ACC105167,125837.83
ACC105168,214203.90
ACC105169,356292.65
ACC105170,284077.59
ACC105171,999348.86
ACC105172,582417.23
ACC105173,707984.08
ACC105174,491249.15
ACC105175,533154.08
ACC105176,307920.30
ACC105177,855516.86
ACC105178,40453.14
ACC105179,653987.15
ACC105180,581014.80
ACC105181,26630.75
ACC105182,305770.59
ACC105183,28357.31
ACC105184,467900.56
ACC105185,606423.41
ACC105186,494713.89
ACC105187,258865.65
ACC105188,49469.78
ACC105189,284318.79
ACC105190,84050.60
ACC105191,665121.34
ACC105192,258339.69
ACC105193,956781.49
ACC105194,379815.91
ACC105195,377593.26
ACC105196,569234.51
ACC105197,196003.51
ACC105198,142537.61
ACC105199,462996.83
ACC105200,540513.20
ACC105201,511770.44
ACC105202,916852.05
ACC105203,541016.71
ACC105204,485762.13
ACC105205,996635.80
ACC105206,766280.39
ACC105207,974304.75
ACC105208,963932.69
ACC105209,473388.20
ACC105210,128965.36
ACC105211,746768.71
ACC105212,514501.90
ACC105213,388591.74
ACC105214,198633.51
ACC105215,799181.14
ACC105216,980569.47
ACC105217,886712.44
ACC105218,996954.12
ACC105219,696088.54
ACC105220,357677.59
ACC105221,106013.00
ACC105222,178806.47
ACC105223,173890.26
ACC105224,209451.28
ACC105225,110006.07
ACC105226,140747.31
ACC105227,236782.09
ACC105228,102903.52
ACC105229,926800.74
ACC105230,685186.08
ACC105231,425023.45
ACC105232,166436.62
ACC105233,173159.77
ACC105234,188431.33
ACC105235,768688.69
ACC105236,622193.18
ACC105237,790504.66
ACC105238,439861.82
ACC105239,149700.61
ACC105240,711471.15
ACC105241,146463.29
ACC105242,142006.61
ACC105243,685521.80
ACC105244,407415.04
ACC105245,47849.71
ACC105246,177284.00
ACC105247,129391.87
ACC105248,653131.49
ACC105249,479198.04
ACC105250,466554.53
ACC105251,944450.78
ACC105252,385750.00
ACC105253,295142.53
ACC105254,977484.18
ACC105255,522476.36
ACC105256,317760.26
ACC105257,925042.99
ACC105258,476993.93
ACC105259,472290.97
ACC105260,786205.57
ACC105261,324299.94
ACC105262,111787.79
ACC105263,858155.33
ACC105264,177997.75
ACC105265,658786.16
ACC105266,494107.02
ACC105267,964669.20
ACC105268,115741.09
ACC105269,886741.35
ACC105270,956448.30
ACC105271,731836.88
ACC105272,773014.62
ACC105273,526333.76
ACC105274,699014.55
ACC105275,292031.97
ACC105276,611058.92
ACC105277,516887.81
ACC105278,317133.02
ACC105279,339609.36
ACC105280,490250.17
ACC105281,687509.29
ACC105282,742779.53
ACC105283,503863.49
ACC105284,29616.26
ACC105285,548509.18
ACC105286,904689.99
ACC105287,236920.85
ACC105288,895961.31
ACC105289,28634.83
ACC105290,455319.53
ACC105291,239980.68
ACC105292,380912.11
ACC105293,84662.41
ACC105294,920125.62
ACC105295,944081.53
ACC105296,839386.29
ACC105297,999386.40
ACC105298,265307.26
ACC105299,15272.45
ACC105300,96604.27
ACC105301,539462.36
ACC105302,74222.80
ACC105303,298706.56
ACC105304,402828.59
ACC105305,15916.06
ACC105306,190238.79
ACC105307,581750.36
ACC105308,735511.06
ACC105309,17427.88
ACC105310,234729.40
ACC105311,562716.44
ACC105312,377465.04
ACC105313,249732.47
ACC105314,463349.40
ACC105315,559277.87
ACC105316,167052.09
ACC105317,613645.14
ACC105318,921546.41
ACC105319,909011.85
ACC105320,22183.23
ACC105321,709332.44
ACC105322,181556.66
ACC105323,763845.33
ACC105324,854183.45
ACC105325,485490.36
ACC105326,17845.82
ACC105327,660440.61
ACC105328,70252.78
ACC105329,909075.44
ACC105330,506110.46
ACC105331,139758.04
ACC105332,724381.32
ACC105333,214154.16
ACC105334,412547.64
ACC105335,291173.63
ACC105336,376135.12
ACC105337,277293.39
ACC105338,385129.45
ACC105339,129604.24
ACC105340,694728.95
ACC105341,751709.77
ACC105342,767085.90
ACC105343,318106.95
ACC105344,652236.44
ACC105345,413127.83
ACC105346,734704.07
ACC105347,903370.79
ACC105348,794661.99
ACC105349,196967.30
ACC105350,326893.34
ACC105351,437407.38
ACC105352,122908.84
ACC105353,729086.75
ACC105354,592745.26
ACC105355,835573.01
ACC105356,637426.28
ACC105357,850856.13
ACC105358,425534.28
ACC105359,518818.77
ACC105360,90503.71
ACC105361,43813.08
ACC105362,687258.93
ACC105363,966766.44
ACC105364,438803.32
ACC105365,629577.61
ACC105366,426915.63
ACC105367,367845.96
ACC105368,785782.72
ACC105369,107057.38
ACC105370,408225.92
ACC105371,593307.55
ACC105372,19157.76
ACC105373,581270.65
ACC105374,948505.49
ACC105375,363433.83
ACC105376,952490.61
ACC105377,356346.48
ACC105378,159766.76
ACC105379,76730.24
ACC105380,402361.80
ACC105381,109431.58
ACC105382,725989.25
ACC105383,376258.47
ACC105384,943394.83
ACC105385,182340.56
ACC105386,526771.26
ACC105387,481606.11
ACC105388,992650.99
ACC105389,263831.48
ACC105390,457292.54
ACC105391,560247.76
ACC105392,452596.25
ACC105393,477370.85
ACC105394,827672.63
ACC105395,788254.64
ACC105396,407966.41
ACC105397,67172.25
ACC105398,481401.18
ACC105399,927448.48
ACC105400,76416.29
ACC105401,449149.94
ACC105402,862545.44
ACC105403,604171.39
ACC105404,385837.55
ACC105405,793224.22
ACC105406,184907.44
ACC105407,823857.22
ACC105408,302664.51
ACC105409,779147.03
ACC105410,13207.52
ACC105411,705541.03
ACC105412,545361.02
ACC105413,689687.12
ACC105414,346712.36
ACC105415,661332.14
ACC105416,685591.75
ACC105417,692620.35
ACC105418,969505.41
ACC105419,917702.16
ACC105420,746329.18
ACC105421,506516.94
ACC105422,968814.12
ACC105423,588202.98
ACC105424,231333.30
ACC105425,514798.79
ACC105426,853462.78
ACC105427,40931.55
ACC105428,314064.07
ACC105429,837960.50
ACC105430,258611.63
ACC105431,928696.07
ACC105432,266147.02
ACC105433,745205.07
ACC105434,280471.81
ACC105435,795414.74
ACC105436,476010.80
ACC105437,254040.11
ACC105438,675653.47
ACC105439,558792.34
ACC105440,417250.71
ACC105441,809612.60
ACC105442,754207.13
ACC105443,236770.17
ACC105444,763645.28
ACC105445,474730.70
ACC105446,483261.82
ACC105447,523634.52
ACC105448,363563.91
ACC105449,896628.07
ACC105450,639441.83
ACC105451,790994.15
ACC105452,180751.03
ACC105453,337571.06
ACC105454,972960.59
ACC105455,649101.54
ACC105456,461158.41
ACC105457,633392.17
ACC105458,204445.55
ACC105459,85193.71
ACC105460,326619.68
ACC105461,156951.99
ACC105462,377138.20
ACC105463,907666.78
ACC105464,535722.30
ACC105465,482390.61
ACC105466,732144.19
ACC105467,167974.82
ACC105468,980229.75
ACC105469,700823.17
ACC105470,182874.07
ACC105471,736157.68
ACC105472,341842.36
ACC105473,108867.43
ACC105474,766720.59
ACC105475,730852.54
ACC105476,678958.74
ACC105477,68060.99
ACC105478,307358.84
ACC105479,640533.78
ACC105480,486409.31
ACC105481,95832.91
ACC105482,729836.66
ACC105483,589551.17
ACC105484,222882.77
ACC105485,907239.74
ACC105486,432837.79
ACC105487,770300.34
ACC105488,880950.60
ACC105489,761158.41
ACC105490,658155.71
ACC105491,251560.76
ACC105492,353218.79
ACC105493,75047.98
ACC105494,296507.40
ACC105495,302674.77
ACC105496,965195.71
ACC105497,988750.09
ACC105498,811345.47
ACC105499,623817.73
ACC105500,940963.90
ACC105501,400092.65
ACC105502,888294.50
ACC105503,734123.01
ACC105504,251678.18
ACC105505,233293.75
ACC105506,297240.89
ACC105507,91876.38
ACC105508,359286.51
ACC105509,315332.82
ACC105510,836947.90
ACC105511,584383.31
ACC105512,958679.55
ACC105513,175563.17
ACC105514,988346.89
ACC105515,369438.97
ACC105516,890724.02
ACC105517,529885.49
ACC105518,332371.96
ACC105519,945594.06
ACC105520,886319.44
ACC105521,772783.81
ACC105522,491360.35
ACC105523,84610.94
ACC105524,527741.69
ACC105525,828445.50
ACC105526,429631.97
ACC105527,966643.37
ACC105528,578096.88
ACC105529,546044.48
ACC105530,748891.24
ACC105531,856748.96
ACC105532,282707.41
ACC105533,924061.63
ACC105534,677561.02
ACC105535,230357.46
ACC105536,547687.26
ACC105537,304248.60
ACC105538,690062.61
ACC105539,375268.88
ACC105540,930837.10
ACC105541,727511.47
ACC105542,242397.93
ACC105543,478644.70
ACC105544,238299.76
ACC105545,841597.95
ACC105546,994168.88
ACC105547,699280.49
ACC105548,977165.29
ACC105549,594016.75
ACC105550,24385.97
ACC105551,378213.20
ACC105552,729399.80
ACC105553,243100.31
ACC105554,769072.51
ACC105555,844416.70
ACC105556,956095.70
ACC105557,375541.67
ACC105558,542762.28
ACC105559,36978.20
ACC105560,583101.39
ACC105561,640093.99
ACC105562,843518.39
ACC105563,390724.01
ACC105564,609586.47
ACC105565,314416.25
ACC105566,512067.13
ACC105567,548777.41
ACC105568,210034.02
ACC105569,845280.59
ACC105570,900045.67
ACC105571,502981.64
ACC105572,487524.80
ACC105573,131527.06
ACC105574,290203.42
ACC105575,921510.79
ACC105576,681988.52
ACC105577,54259.05
ACC105578,692677.08
ACC105579,882316.34
ACC105580,951345.35
ACC105581,829817.20
ACC105582,766175.47
ACC105583,931322.14
ACC105584,986146.87
ACC105585,428052.40
ACC105586,991064.88
ACC105587,325480.24
ACC105588,719447.68
ACC105589,121338.10
ACC105590,382937.31
ACC105591,872940.06
ACC105592,933200.79
ACC105593,578619.93
ACC105594,140273.60
ACC105595,895658.84
ACC105596,310466.85
ACC105597,353595.06
ACC105598,168279.64
ACC105599,313794.79
ACC105600,349163.19
ACC105601,936846.72
ACC105602,192878.93
ACC105603,116176.35
ACC105604,147952.15
ACC105605,538428.74
ACC105606,164185.66
ACC105607,187028.69
ACC105608,278177.74
ACC105609,650002.73
ACC105610,187562.71
ACC105611,395965.47
ACC105612,167508.74
ACC105613,764175.04
ACC105614,592585.01
ACC105615,926017.26
ACC105616,291131.12
ACC105617,553163.78
ACC105618,925883.43
ACC105619,793169.05
ACC105620,94956.46
ACC105621,989345.12
ACC105622,552935.94
ACC105623,480518.18
ACC105624,102372.44
ACC105625,276586.45
ACC105626,306402.26
ACC105627,820740.45
ACC105628,801561.11
ACC105629,223568.22
ACC105630,164564.94
ACC105631,262064.90
ACC105632,84344.65
ACC105633,568529.14
ACC105634,102843.91
ACC105635,705410.16
ACC105636,459892.32
ACC105637,369039.05
ACC105638,434193.89
ACC105639,583722.88
ACC105640,467432.73
ACC105641,380511.44
ACC105642,770472.41
ACC105643,578885.61
ACC105644,261363.04
ACC105645,433212.27
ACC105646,326584.29
ACC105647,76824.90
ACC105648,249833.16
ACC105649,289504.25
ACC105650,712361.14
ACC105651,337651.43
ACC105652,54005.16
ACC105653,730986.03
ACC105654,663728.05
ACC105655,944803.08
ACC105656,59749.43
ACC105657,319042.34
ACC105658,844737.00
ACC105659,175237.47
ACC105660,146536.27
ACC105661,312116.89
ACC105662,965515.04
ACC105663,381734.60
ACC105664,589718.40
ACC105665,268751.98
ACC105666,698078.47
ACC105667,58321.44
ACC105668,32271.56
ACC105669,797108.16
ACC105670,342306.48
ACC105671,210718.27
ACC105672,350371.88
ACC105673,19285.76
ACC105674,258147.00
ACC105675,625533.90
ACC105676,873936.41
ACC105677,352314.01
ACC105678,927344.25
ACC105679,714699.37
ACC105680,698438.56
ACC105681,497156.50
ACC105682,218631.61
ACC105683,315332.12
ACC105684,27933.77
ACC105685,392501.47
ACC105686,704425.75
ACC105687,319859.75
ACC105688,601290.55
ACC105689,291462.80
ACC105690,494586.39
ACC105691,606810.63
ACC105692,784121.03
ACC105693,326612.51
ACC105694,453773.90
ACC105695,269190.25
ACC105696,477839.48
ACC105697,981998.17
ACC105698,63340.40
ACC105699,814815.13
ACC105700,354651.59
ACC105701,459968.23
ACC105702,286532.05
ACC105703,801363.17
ACC105704,53086.84
ACC105705,825736.04
ACC105706,457059.98
ACC105707,758227.33
ACC105708,572935.04
ACC105709,743657.81
ACC105710,95813.33
ACC105711,347521.16
ACC105712,161133.05
ACC105713,256182.86
ACC105714,628642.80
ACC105715,167787.72
ACC105716,871271.36
ACC105717,139353.71
ACC105718,679734.52
ACC105719,596100.61
ACC105720,858950.19
ACC105721,327591.34
ACC105722,860123.61
ACC105723,777323.38
ACC105724,673213.33
ACC105725,625296.02
ACC105726,559363.51
ACC105727,723305.90
ACC105728,340722.90
ACC105729,233526.16
ACC105730,960271.19
ACC105731,459748.41
ACC105732,964212.06
ACC105733,316687.69
ACC105734,592010.72
ACC105735,964352.40
ACC105736,380062.23
ACC105737,276774.29
ACC105738,25556.37
ACC105739,696703.44
ACC105740,991600.43
ACC105741,21242.88
ACC105742,17793.63
ACC105743,308094.82
ACC105744,514897.16
ACC105745,85092.12
ACC105746,336170.65
ACC105747,408202.33
ACC105748,152468.74
ACC105749,278130.86
ACC105750,494904.38
ACC105751,75158.61
ACC105752,67348.25
ACC105753,924781.44
ACC105754,386275.15
ACC105755,896152.45
ACC105756,525487.63
ACC105757,826057.30
ACC105758,276510.03
ACC105759,637191.16
ACC105760,608388.50
ACC105761,421586.80
ACC105762,905159.65
ACC105763,373116.20
ACC105764,800232.96
ACC105765,833725.52
ACC105766,529715.22
ACC105767,562350.29
ACC105768,734595.71
ACC105769,915906.02
ACC105770,453491.28
ACC105771,355180.72
ACC105772,325066.94
ACC105773,453419.53
ACC105774,504516.97
ACC105775,789647.09
ACC105776,21801.29
ACC105777,456806.37
ACC105778,986332.74
ACC105779,905303.09
ACC105780,562130.67
ACC105781,545951.32
ACC105782,88181.08
ACC105783,842260.27
ACC105784,557940.07
ACC105785,36838.49
ACC105786,462109.44
ACC105787,570998.26
ACC105788,395502.52
ACC105789,642714.30
ACC105790,807970.04
ACC105791,77439.39
ACC105792,644905.93
ACC105793,527140.08
ACC105794,314205.59
ACC105795,277736.73
ACC105796,796077.02
ACC105797,408085.51
ACC105798,552652.10
ACC105799,388113.78
ACC105800,256717.77
ACC105801,639821.85
ACC105802,409368.65
ACC105803,786919.22
ACC105804,934219.13
ACC105805,212918.27
ACC105806,300721.23
ACC105807,88824.90
ACC105808,468800.57
ACC105809,562127.72
ACC105810,894602.04
ACC105811,404795.70
ACC105812,748748.47
ACC105813,637367.94
ACC105814,800757.27
ACC105815,646098.70
ACC105816,110686.36
ACC105817,314361.45
ACC105818,881725.57
ACC105819,866195.64
ACC105820,478307.96
ACC105821,968792.49
ACC105822,66856.67
ACC105823,640875.64
ACC105824,71939.62
ACC105825,941071.94
ACC105826,996283.52
ACC105827,854437.05
ACC105828,778672.15
ACC105829,967970.66
ACC105830,819562.91
ACC105831,108115.43
ACC105832,198611.81
ACC105833,62489.55
ACC105834,234979.87
ACC105835,426281.14
ACC105836,367049.29
ACC105837,524379.29
ACC105838,620226.34
ACC105839,36193.50
ACC105840,695029.89
ACC105841,290705.15
ACC105842,593320.49
ACC105843,258299.95
ACC105844,261932.28
ACC105845,978772.37
ACC105846,64223.63
ACC105847,866206.66
ACC105848,393223.11
ACC105849,752584.72
ACC105850,502641.89
ACC105851,668524.23
ACC105852,174552.81
ACC105853,258804.06
ACC105854,295965.84
ACC105855,118804.83
ACC105856,339793.55
ACC105857,618911.11
ACC105858,933206.24
ACC105859,664738.62
ACC105860,575493.87
ACC105861,950937.39
ACC105862,956125.27
ACC105863,413666.48
ACC105864,607533.93
ACC105865,226745.65
ACC105866,747542.44
ACC105867,488291.28
ACC105868,447514.70
ACC105869,189381.59
ACC105870,19010.64
ACC105871,784234.45
ACC105872,266598.61
ACC105873,479501.29
ACC105874,705712.72
ACC105875,479785.32
ACC105876,783143.55
ACC105877,780299.40
ACC105878,195520.12
ACC105879,867829.60
ACC105880,797531.55
ACC105881,466719.95
ACC105882,131684.75
ACC105883,230519.17
ACC105884,373092.21
ACC105885,67027.21
ACC105886,94602.28
ACC105887,278759.64
ACC105888,605956.32
ACC105889,423045.84
ACC105890,197488.63
ACC105891,251042.82
ACC105892,379047.69
ACC105893,409549.87
ACC105894,63654.23
ACC105895,469539.88
ACC105896,226232.90
ACC105897,563387.34
ACC105898,309338.71
ACC105899,715697.66
ACC105900,771895.23
ACC105901,258972.45
ACC105902,405786.89
ACC105903,792843.60
ACC105904,428885.77
ACC105905,438759.24
ACC105906,67399.73
ACC105907,999506.52
ACC105908,673927.52
ACC105909,295231.15
ACC105910,609387.06
ACC105911,524298.76
ACC105912,444107.95
ACC105913,734797.79
ACC105914,708377.17
ACC105915,11281.50
ACC105916,41095.05
ACC105917,933785.54
ACC105918,552905.85
ACC105919,43748.67
ACC105920,791145.97
ACC105921,772440.73
ACC105922,187611.24
ACC105923,544316.50
ACC105924,368851.62
ACC105925,424534.28
ACC105926,935303.23
ACC105927,560093.36
ACC105928,600870.08
ACC105929,67764.20
ACC105930,64854.51
ACC105931,323532.04
ACC105932,372650.56
ACC105933,43696.57
ACC105934,430078.56
ACC105935,32329.27
ACC105936,356334.73
ACC105937,675469.30
ACC105938,35412.54
ACC105939,195438.96
ACC105940,661645.54
ACC105941,356901.47
ACC105942,178316.40
ACC105943,16904.16
ACC105944,433633.76
ACC105945,358009.75
ACC105946,745827.45
ACC105947,754788.82
ACC105948,981651.28
ACC105949,499227.26
ACC105950,743677.62
ACC105951,799004.47
ACC105952,922855.02
ACC105953,529853.49
ACC105954,140783.98
ACC105955,529277.60
ACC105956,580918.50
ACC105957,785433.20
ACC105958,659765.45
ACC105959,32892.49
ACC105960,536439.36
ACC105961,703870.06
ACC105962,515417.83
ACC105963,181170.50
ACC105964,619777.83
ACC105965,301125.51
ACC105966,997795.94
ACC105967,463910.24
ACC105968,579748.29
ACC105969,914335.84
ACC105970,134705.88
ACC105971,602214.42
ACC105972,862707.53
ACC105973,183100.17
ACC105974,830002.79
ACC105975,872267.62
ACC105976,406145.27
ACC105977,178549.89
ACC105978,949117.89
ACC105979,845705.79
ACC105980,958879.50
ACC105981,774604.54
ACC105982,391706.14
ACC105983,66231.51
ACC105984,726395.24
ACC105985,96551.89
ACC105986,823209.78
ACC105987,107080.55
ACC105988,34738.46
ACC105989,888759.79
ACC105990,282474.86
ACC105991,439833.63
ACC105992,699687.04
ACC105993,165934.73
ACC105994,321337.47
ACC105995,291893.89
ACC105996,449668.92
ACC105997,730886.84
ACC105998,144312.28
ACC105999,827713.76
ACC106000,721083.49
ACC106001,346244.08
ACC106002,882171.80
ACC106003,17556.46
ACC106004,33304.43
ACC106005,377977.39
ACC106006,502294.85
ACC106007,317215.87
ACC106008,297703.76
ACC106009,914956.76
ACC106010,171193.48
ACC106011,842694.67
ACC106012,930534.18
ACC106013,811052.73
ACC106014,810593.51
ACC106015,275354.34
ACC106016,453442.69
ACC106017,794530.28
ACC106018,547848.27
ACC106019,235501.98
ACC106020,67761.34
ACC106021,883652.19
ACC106022,854307.50
ACC106023,15767.14
ACC106024,549531.78
ACC106025,727515.87
ACC106026,301541.71
ACC106027,489948.51
ACC106028,751467.86
ACC106029,687193.57
ACC106030,35040.10
ACC106031,588273.61
ACC106032,445746.62
ACC106033,104226.87
ACC106034,918153.46
ACC106035,676216.07
ACC106036,17640.61
ACC106037,241447.79
ACC106038,205646.26
ACC106039,731153.61
ACC106040,364565.30
ACC106041,254955.05
ACC106042,526250.53
ACC106043,339225.88
ACC106044,648113.30
ACC106045,505869.76
ACC106046,147081.59
ACC106047,953765.54
ACC106048,968082.59
ACC106049,536226.67
ACC106050,349679.53
ACC106051,346626.16
ACC106052,987379.10
ACC106053,95027.67
ACC106054,717782.51
ACC106055,284620.30
ACC106056,464984.52
ACC106057,518090.71
ACC106058,750717.06
ACC106059,395106.58
ACC106060,90928.30
ACC106061,138873.33
ACC106062,353507.17
ACC106063,167528.21
ACC106064,662388.07
ACC106065,46931.48
ACC106066,325458.69
ACC106067,851407.21
ACC106068,543666.24
ACC106069,276094.94
ACC106070,443066.99
ACC106071,535936.46
ACC106072,464850.69
ACC106073,95797.50
ACC106074,870625.35
ACC106075,21888.59
ACC106076,444465.61
ACC106077,696295.34
ACC106078,752878.18
ACC106079,73073.84
ACC106080,120354.29
ACC106081,631739.32
ACC106082,498467.58
ACC106083,962030.56
ACC106084,950408.29
ACC106085,644237.15
ACC106086,960763.43
ACC106087,43020.37
ACC106088,160568.42
ACC106089,887147.93
ACC106090,983946.82
ACC106091,604726.76
ACC106092,581770.96
ACC106093,876897.78
ACC106094,846932.86
ACC106095,435318.61
ACC106096,20197.31
ACC106097,739586.41
ACC106098,235873.71
ACC106099,563742.29
ACC106100,206309.79
ACC106101,981575.59
ACC106102,847574.41
ACC106103,183244.11
ACC106104,577715.38
ACC106105,172106.66
ACC106106,431182.90
ACC106107,16201.13
ACC106108,298898.10
ACC106109,530790.33
ACC106110,963983.20
ACC106111,593352.11
ACC106112,257296.09
ACC106113,963543.69
ACC106114,229024.24
ACC106115,615471.44
ACC106116,40072.36
ACC106117,427219.31
ACC106118,227659.32
ACC106119,481417.71
ACC106120,319238.76
ACC106121,155779.39
ACC106122,118849.84
ACC106123,173314.82
ACC106124,144541.00
ACC106125,49411.80
ACC106126,159304.16
ACC106127,467386.52
ACC106128,563697.79
ACC106129,732468.19
ACC106130,704176.84
ACC106131,607667.77
ACC106132,668210.42
ACC106133,906523.92
ACC106134,67144.57
ACC106135,469453.31
ACC106136,580019.40
ACC106137,841216.63
ACC106138,701205.59
ACC106139,459921.72
ACC106140,139783.40
ACC106141,37816.04
ACC106142,987514.84
ACC106143,424885.45
ACC106144,141490.29
ACC106145,358709.08
ACC106146,688972.72
ACC106147,943069.36
ACC106148,630484.26
ACC106149,200154.94
ACC106150,668125.96
ACC106151,652708.73
ACC106152,512802.80
ACC106153,485771.94
ACC106154,85219.13
ACC106155,279583.99
ACC106156,852965.43
ACC106157,774262.88
ACC106158,851951.99
ACC106159,500872.44
ACC106160,765041.84
ACC106161,26868.20
ACC106162,809652.06
ACC106163,835399.72
ACC106164,217950.35
ACC106165,887955.93
ACC106166,847163.23
ACC106167,108010.94
ACC106168,270497.36
ACC106169,176014.98
ACC106170,653781.72
ACC106171,343858.90
ACC106172,394667.32
ACC106173,962113.45
ACC106174,126035.73
ACC106175,457419.20
ACC106176,977107.99
ACC106177,178615.59
ACC106178,214011.28
ACC106179,140994.74
ACC106180,78628.67
ACC106181,22621.27
ACC106182,273266.92
ACC106183,118359.05
ACC106184,339839.85
ACC106185,146199.22
ACC106186,962160.55
ACC106187,221015.72
ACC106188,697810.57
ACC106189,229030.37
ACC106190,811627.28
ACC106191,187313.59
ACC106192,683805.61
ACC106193,818559.43
ACC106194,985102.79
ACC106195,668359.27
ACC106196,445787.39
ACC106197,618173.64
ACC106198,510377.18
ACC106199,479307.05
ACC106200,631428.17
ACC106201,215284.40
ACC106202,122694.38
ACC106203,560182.07
ACC106204,807876.07
ACC106205,918482.57
ACC106206,189379.14
ACC106207,956907.05
ACC106208,803454.13
ACC106209,236170.81
ACC106210,740676.88
ACC106211,530653.42
ACC106212,493844.58
ACC106213,898246.21
ACC106214,309334.92
ACC106215,852026.38
ACC106216,811121.07
ACC106217,877513.50
ACC106218,522731.55
ACC106219,585920.04
ACC106220,448239.49
ACC106221,758554.75
ACC106222,746077.16
ACC106223,63142.04
ACC106224,444284.00
ACC106225,568763.24
ACC106226,643365.57
ACC106227,846108.36
ACC106228,296887.27
ACC106229,409169.47
ACC106230,494345.25
ACC106231,728047.90
ACC106232,387805.20
ACC106233,591544.62
ACC106234,460810.00
ACC106235,268232.08
ACC106236,495623.87
ACC106237,663061.69
ACC106238,243975.10
ACC106239,189758.95
ACC106240,26012.31
ACC106241,900526.63
ACC106242,606608.94
ACC106243,531372.15
ACC106244,934807.57
ACC106245,722862.74
ACC106246,128932.80
ACC106247,480683.77
ACC106248,42529.40
ACC106249,653137.42
ACC106250,956079.70
ACC106251,732996.29
ACC106252,860669.39
ACC106253,439966.99
ACC106254,47121.14
ACC106255,297682.75
ACC106256,940285.60
ACC106257,172616.26
ACC106258,11323.57
ACC106259,472785.01
ACC106260,272056.08
ACC106261,234530.45
ACC106262,296389.60
ACC106263,38128.99
ACC106264,734006.03
ACC106265,326394.21
ACC106266,495967.05
ACC106267,437831.81
ACC106268,228620.28
ACC106269,722106.75
ACC106270,519676.67
ACC106271,224589.35
ACC106272,264989.79
ACC106273,499296.08
ACC106274,468312.97
ACC106275,740584.25
ACC106276,744012.37
ACC106277,380163.07
ACC106278,149714.81
ACC106279,623242.51
ACC106280,85479.56
ACC106281,548555.80
ACC106282,987081.53
ACC106283,478393.49
ACC106284,135129.02
ACC106285,725217.81
ACC106286,821227.30
ACC106287,678651.61
ACC106288,827427.51
ACC106289,495137.10
ACC106290,231420.49
ACC106291,251039.10
ACC106292,935972.74
ACC106293,998842.63
ACC106294,576046.90
ACC106295,155008.17
ACC106296,407962.42
ACC106297,863352.17
ACC106298,654364.68
ACC106299,710096.62
ACC106300,12177.61
ACC106301,248270.62
ACC106302,624085.99
ACC106303,111465.07
ACC106304,481362.35
ACC106305,888270.09
ACC106306,556424.19
ACC106307,361515.00
ACC106308,159755.16
ACC106309,184853.08
ACC106310,130587.79
ACC106311,626675.22
ACC106312,144837.90
ACC106313,967907.46
ACC106314,123481.05
ACC106315,50271.00
ACC106316,529116.10
ACC106317,471106.98
ACC106318,287588.43
ACC106319,845153.44
ACC106320,692930.45
ACC106321,144693.23
ACC106322,740674.05
ACC106323,23467.78
ACC106324,682921.38
ACC106325,114595.24
ACC106326,565019.42
ACC106327,235578.62
ACC106328,912830.29
ACC106329,438200.04
ACC106330,401451.47
ACC106331,465744.99
ACC106332,873818.36
ACC106333,84382.28
ACC106334,974380.53
ACC106335,198653.50
ACC106336,280419.24
ACC106337,398634.28
ACC106338,158471.26
ACC106339,808367.34
ACC106340,185616.12
ACC106341,533306.51
ACC106342,665412.27
ACC106343,459638.91
ACC106344,934342.34
ACC106345,98076.98
ACC106346,180528.51
ACC106347,290859.05
ACC106348,368954.81
ACC106349,116812.59
ACC106350,253698.20
ACC106351,768180.09
ACC106352,542913.47
ACC106353,423967.64
ACC106354,857189.76
ACC106355,521551.14
ACC106356,680023.71
ACC106357,196585.12
ACC106358,674626.26
ACC106359,855541.93
ACC106360,106159.60
ACC106361,576823.45
ACC106362,880314.03
ACC106363,140909.02
ACC106364,958382.67
ACC106365,134726.27
ACC106366,516639.23
ACC106367,756870.50
ACC106368,492808.14
ACC106369,891685.80
ACC106370,319139.95
ACC106371,649007.32
ACC106372,727441.68
ACC106373,821719.31
ACC106374,964203.69
ACC106375,883598.03
ACC106376,369522.29
ACC106377,530286.54
ACC106378,123119.04
ACC106379,136019.22
ACC106380,168653.13
ACC106381,168920.43
ACC106382,998427.39
ACC106383,488608.53
ACC106384,507189.01
ACC106385,628425.80
ACC106386,624174.56
ACC106387,412087.59
ACC106388,157971.59
ACC106389,183820.92
ACC106390,400754.50
ACC106391,344281.13
ACC106392,886564.19
ACC106393,960554.03
ACC106394,867565.68
ACC106395,810444.98
ACC106396,780635.77
ACC106397,943821.91
ACC106398,632668.71
ACC106399,851028.53
ACC106400,43079.97
ACC106401,211050.09
ACC106402,848036.78
ACC106403,695149.67
ACC106404,957827.13
ACC106405,591763.93
ACC106406,841833.56
ACC106407,901447.46
ACC106408,398118.63
ACC106409,289187.67
ACC106410,65431.36
ACC106411,282305.08
ACC106412,86260.27
ACC106413,923953.19
ACC106414,352599.98
ACC106415,102698.76
ACC106416,801557.77
ACC106417,522282.33
ACC106418,911450.50
ACC106419,521129.55
ACC106420,859259.31
ACC106421,568927.43
ACC106422,436310.37
ACC106423,277233.80
ACC106424,327891.85
ACC106425,479011.21
ACC106426,896735.17
ACC106427,58743.83
ACC106428,805375.25
ACC106429,572702.63
ACC106430,384329.38
ACC106431,429484.71
ACC106432,985733.94
ACC106433,722397.67
ACC106434,544952.73
ACC106435,430043.37
ACC106436,918098.92
ACC106437,923743.57
ACC106438,974230.66
ACC106439,403635.64
ACC106440,218003.49
ACC106441,939453.10
ACC106442,568066.42
ACC106443,171522.69
ACC106444,597724.17
ACC106445,458399.83
ACC106446,947069.38
ACC106447,985091.97
ACC106448,947603.73
ACC106449,91967.88
ACC106450,794468.37
ACC106451,385418.97
ACC106452,843916.08
ACC106453,955049.90
ACC106454,81170.46
ACC106455,325764.96
ACC106456,840894.16
ACC106457,510443.95
ACC106458,699155.32
ACC106459,968041.84
ACC106460,265038.67
ACC106461,632695.23
ACC106462,915361.70
ACC106463,680788.84
ACC106464,918762.43
ACC106465,280661.01
ACC106466,642626.88
ACC106467,623657.17
ACC106468,397797.09
ACC106469,137246.59
ACC106470,432082.14
ACC106471,91787.58
ACC106472,632600.34
ACC106473,99868.52
ACC106474,202686.03
ACC106475,172791.17
ACC106476,448248.82
ACC106477,786244.83
ACC106478,878294.60
ACC106479,329308.57
ACC106480,229988.83
ACC106481,537095.86
ACC106482,130821.46
ACC106483,991322.78
ACC106484,422738.42
ACC106485,830258.29
ACC106486,839632.80
ACC106487,284540.32
ACC106488,792396.40
ACC106489,529572.59
ACC106490,852351.64
ACC106491,564231.11
ACC106492,184810.86
ACC106493,686699.18
ACC106494,200712.25
ACC106495,677931.40
ACC106496,494695.82
ACC106497,274751.17
ACC106498,577010.10
ACC106499,255365.14
ACC106500,41657.80
ACC106501,629300.68
ACC106502,402034.75
ACC106503,659827.86
ACC106504,733803.81
ACC106505,44924.36
ACC106506,294151.63
ACC106507,52103.16
ACC106508,791151.76
ACC106509,403997.48
ACC106510,461416.37
ACC106511,785746.18
ACC106512,381248.20
ACC106513,558929.29
ACC106514,404259.13
ACC106515,831268.58
ACC106516,418022.62
ACC106517,589451.63
ACC106518,365368.17
ACC106519,366399.18
ACC106520,221967.53
ACC106521,892930.63
ACC106522,715931.13
ACC106523,290170.03
ACC106524,715231.35
ACC106525,817965.98
ACC106526,913359.96
ACC106527,210091.71
ACC106528,289147.59
ACC106529,59774.81
ACC106530,935028.72
ACC106531,614132.28
ACC106532,724095.53
ACC106533,120027.24
ACC106534,235396.03
ACC106535,242603.76
ACC106536,772399.62
ACC106537,713907.65
ACC106538,10162.84
ACC106539,659385.50
ACC106540,664221.42
ACC106541,943221.26
ACC106542,320833.34
ACC106543,547177.77
ACC106544,594084.82
ACC106545,816347.59
ACC106546,866200.60
ACC106547,127680.09
ACC106548,671797.14
ACC106549,823762.25
ACC106550,513871.14
ACC106551,754727.52
ACC106552,866090.02
ACC106553,921706.56
ACC106554,574970.78
ACC106555,886493.98
ACC106556,692301.92
ACC106557,486378.33
ACC106558,718642.26
ACC106559,881885.87
ACC106560,886859.08
ACC106561,546750.79
ACC106562,709848.16
ACC106563,736199.92
ACC106564,201185.80
ACC106565,965795.60
ACC106566,674335.42
ACC106567,32008.29
ACC106568,325984.53
ACC106569,887493.74
ACC106570,608396.32
ACC106571,913059.70
ACC106572,633574.64
ACC106573,210563.05
ACC106574,718278.29
ACC106575,511749.60
ACC106576,701164.62
ACC106577,709313.32
ACC106578,864748.49
ACC106579,354412.72
ACC106580,781554.99
ACC106581,867460.12
ACC106582,792411.32
ACC106583,413331.08
ACC106584,489829.91
ACC106585,202085.59
ACC106586,70906.43
ACC106587,489925.73
ACC106588,415093.80
ACC106589,602229.60
ACC106590,636081.34
ACC106591,530114.83
ACC106592,245244.47
ACC106593,119827.12
ACC106594,743636.73
ACC106595,20271.40
ACC106596,900147.32
ACC106597,909877.42
ACC106598,395585.47
ACC106599,240603.12
ACC106600,674386.26
ACC106601,601838.17
ACC106602,31144.21
ACC106603,972102.50
ACC106604,745014.02
ACC106605,325282.42
ACC106606,138394.31
ACC106607,803479.38
ACC106608,642411.32
ACC106609,359839.07
ACC106610,441202.58
ACC106611,45689.13
ACC106612,93486.24
ACC106613,562357.14
ACC106614,967484.49
ACC106615,103808.36
ACC106616,336006.57
ACC106617,133091.50
ACC106618,839921.32
ACC106619,899086.11
ACC106620,710855.30
ACC106621,897502.96
ACC106622,778710.14
ACC106623,758012.52
ACC106624,215435.73
ACC106625,700997.62
ACC106626,487829.09
ACC106627,100197.60
ACC106628,136324.57
ACC106629,910600.94
ACC106630,721642.99
ACC106631,272741.83
ACC106632,492583.38
ACC106633,840168.45
ACC106634,617452.96
ACC106635,705606.38
ACC106636,702885.39
ACC106637,264281.00
ACC106638,61810.82
ACC106639,510254.19
ACC106640,179801.36
ACC106641,860454.16
ACC106642,184073.45
ACC106643,752534.76
ACC106644,913210.41
ACC106645,289711.38
ACC106646,949763.80
ACC106647,700423.67
ACC106648,941862.72
ACC106649,771928.43
ACC106650,488834.75
ACC106651,227804.44
ACC106652,267619.13
ACC106653,514650.78
ACC106654,299898.70
ACC106655,856993.76
ACC106656,440827.52
ACC106657,202318.86
ACC106658,950890.12
ACC106659,35162.42
ACC106660,377670.16
ACC106661,347005.21
ACC106662,679470.28
ACC106663,133192.79
ACC106664,701125.25
ACC106665,501875.76
ACC106666,232761.96
ACC106667,389840.17
ACC106668,296435.17
ACC106669,534631.74
ACC106670,85719.94
ACC106671,639328.64
ACC106672,839658.83
ACC106673,810171.49
ACC106674,340596.17
ACC106675,376713.38
ACC106676,84008.81
ACC106677,259631.49
ACC106678,926550.96
ACC106679,762480.21
ACC106680,183234.41
ACC106681,896822.64
ACC106682,678490.85
ACC106683,655929.19
ACC106684,144309.79
ACC106685,822873.92
ACC106686,557680.25
ACC106687,885902.45
ACC106688,423122.09
ACC106689,75626.81
ACC106690,963578.55
ACC106691,657368.40
ACC106692,946727.28
ACC106693,391994.46
ACC106694,226696.21
ACC106695,103262.27
ACC106696,654051.98
ACC106697,549106.88
ACC106698,476042.20
ACC106699,662809.61
ACC106700,73667.84
ACC106701,173608.17
ACC106702,221952.57
ACC106703,390322.88
ACC106704,182450.37
ACC106705,27954.40
ACC106706,175743.96
ACC106707,612162.67
ACC106708,612557.10
ACC106709,47980.91
ACC106710,751727.33
ACC106711,294193.13
ACC106712,476220.74
ACC106713,297364.35
ACC106714,604647.13
ACC106715,587638.44
ACC106716,608351.08
ACC106717,561900.93
ACC106718,606577.35
ACC106719,47759.46
ACC106720,845874.23
ACC106721,239753.74
ACC106722,621710.52
ACC106723,257222.20
ACC106724,860112.12
ACC106725,702992.42
ACC106726,755317.50
ACC106727,664417.49
ACC106728,514314.29
ACC106729,480855.97
ACC106730,284434.95
ACC106731,746317.76
ACC106732,282703.40
ACC106733,926213.77
ACC106734,472554.54
ACC106735,605720.63
ACC106736,180080.16
ACC106737,543683.33
ACC106738,548741.88
ACC106739,773929.68
ACC106740,772157.58
ACC106741,360782.19
ACC106742,573205.21
ACC106743,792062.50
ACC106744,386354.03
ACC106745,332349.56
ACC106746,626363.31
ACC106747,917250.48
ACC106748,200773.50
ACC106749,143267.52
ACC106750,856928.17
ACC106751,264010.84
ACC106752,195536.21
ACC106753,195245.00
ACC106754,26423.35
ACC106755,416020.21
ACC106756,925496.23
ACC106757,320096.57
ACC106758,892899.73
ACC106759,689409.67
ACC106760,906693.45
ACC106761,994556.26
ACC106762,675390.44
ACC106763,875525.77
ACC106764,60634.67
ACC106765,780211.21
ACC106766,652862.82
ACC106767,538867.19
ACC106768,990684.77
ACC106769,906622.66
ACC106770,797080.42
ACC106771,784606.52
ACC106772,283471.72
ACC106773,96121.32
ACC106774,717878.88
ACC106775,589746.39
ACC106776,345269.52
ACC106777,775121.74
ACC106778,201889.78
ACC106779,652534.31
ACC106780,988821.65
ACC106781,259095.66
ACC106782,51712.56
ACC106783,96275.74
ACC106784,540002.62
ACC106785,386575.80
ACC106786,251939.19
ACC106787,206134.08
ACC106788,146089.08
ACC106789,791732.43
ACC106790,471278.74
ACC106791,830897.03
ACC106792,838221.25
ACC106793,955171.96
ACC106794,826306.52
ACC106795,26013.16
ACC106796,829884.82
ACC106797,618651.68
ACC106798,462081.70
ACC106799,809467.58
ACC106800,920928.08
ACC106801,641387.61
ACC106802,818029.32
ACC106803,448265.76
ACC106804,802752.53
ACC106805,583551.90
ACC106806,834075.88
ACC106807,350433.96
ACC106808,694875.47
ACC106809,866413.73
ACC106810,32056.51
ACC106811,705520.25
ACC106812,206061.58
ACC106813,738373.04
ACC106814,410878.23
ACC106815,795594.53
ACC106816,684655.40
ACC106817,841867.98
ACC106818,600828.77
ACC106819,538696.24
ACC106820,292620.34
ACC106821,637807.86
ACC106822,782761.56
ACC106823,227567.92
ACC106824,816099.84
ACC106825,551789.97
ACC106826,341667.32
ACC106827,818338.63
ACC106828,42064.76
ACC106829,229904.14
ACC106830,791358.91
ACC106831,666584.54
ACC106832,595796.27
ACC106833,991410.90
ACC106834,427651.10
ACC106835,951896.05
ACC106836,717576.96
ACC106837,170999.64
ACC106838,271508.15
ACC106839,886718.48
ACC106840,969022.96
ACC106841,614689.52
ACC106842,491161.51
ACC106843,10810.43
ACC106844,949988.38
ACC106845,640732.28
ACC106846,153166.99
ACC106847,719176.84
ACC106848,465908.67
ACC106849,60106.86
ACC106850,66774.83
ACC106851,838785.42
ACC106852,822822.35
ACC106853,950367.40
ACC106854,133827.78
ACC106855,387763.80
ACC106856,273121.70
ACC106857,741711.80
ACC106858,777681.97
ACC106859,810100.43
ACC106860,19330.53
ACC106861,505184.69
ACC106862,329361.86
ACC106863,449136.59
ACC106864,445892.67
ACC106865,959909.66
ACC106866,947314.84
ACC106867,674337.64
ACC106868,90078.36
ACC106869,939166.50
ACC106870,688723.17
ACC106871,237970.38
ACC106872,412675.83
ACC106873,363986.02
ACC106874,305359.63
ACC106875,801389.35
ACC106876,357133.47
ACC106877,577730.23
ACC106878,125440.90
ACC106879,884649.52
ACC106880,342253.71
ACC106881,85858.04
ACC106882,34836.16
ACC106883,918112.30
ACC106884,978412.55
ACC106885,351746.52
ACC106886,536330.61
ACC106887,410602.26
ACC106888,190589.60
ACC106889,962045.21
ACC106890,484423.22
ACC106891,865496.93
ACC106892,213240.82
ACC106893,933585.78
ACC106894,335353.74
ACC106895,333896.00
ACC106896,422232.73
ACC106897,528352.09
ACC106898,107709.77
ACC106899,152718.02
ACC106900,897678.91
ACC106901,813435.03
ACC106902,988055.18
ACC106903,895210.22
ACC106904,728580.70
ACC106905,609254.83
ACC106906,428551.23
ACC106907,271934.46
ACC106908,795672.07
ACC106909,331627.32
ACC106910,779508.39
ACC106911,871804.84
ACC106912,242803.85
ACC106913,941484.10
ACC106914,299210.86
ACC106915,125204.99
ACC106916,149575.96
ACC106917,100225.95
ACC106918,786198.07
ACC106919,374600.22
ACC106920,28736.40
ACC106921,58796.12
ACC106922,585466.13
ACC106923,902387.25
ACC106924,601114.21
ACC106925,314605.62
ACC106926,749769.78
ACC106927,320986.94
ACC106928,948538.92
ACC106929,162424.40
ACC106930,70358.97
ACC106931,366387.27
ACC106932,591322.01
ACC106933,773272.69
ACC106934,418076.28
ACC106935,443481.93
ACC106936,161436.77
ACC106937,79204.12
ACC106938,245770.72
ACC106939,309626.64
ACC106940,515530.60
ACC106941,681666.80
ACC106942,386450.43
ACC106943,911848.40
ACC106944,643339.44
ACC106945,256861.53
ACC106946,278500.42
ACC106947,703094.54
ACC106948,466947.49
ACC106949,533185.94
ACC106950,679634.19
ACC106951,23796.75
ACC106952,844645.13
ACC106953,433460.38
ACC106954,315026.74
ACC106955,836851.74
ACC106956,379886.82
ACC106957,688177.35
ACC106958,512293.33
ACC106959,466883.51
ACC106960,161035.62
ACC106961,565497.53
ACC106962,846633.06
ACC106963,278353.80
ACC106964,751204.68
ACC106965,429136.13
ACC106966,933547.70
ACC106967,271725.60
ACC106968,699565.80
ACC106969,996640.34
ACC106970,954075.45
ACC106971,642460.83
ACC106972,385994.11
ACC106973,527854.04
ACC106974,428446.82
ACC106975,264147.25
ACC106976,919852.68
ACC106977,76597.45
ACC106978,478473.04
ACC106979,504500.58
ACC106980,731094.41
ACC106981,727760.57
ACC106982,526820.16
ACC106983,671376.33
ACC106984,737668.80
ACC106985,557115.50
ACC106986,522600.76
ACC106987,785252.54
ACC106988,867469.55
ACC106989,622198.40
ACC106990,107432.07
ACC106991,374907.72
ACC106992,305744.17
ACC106993,699593.97
ACC106994,894263.86
ACC106995,564219.86
ACC106996,150010.08
ACC106997,776875.44
ACC106998,892870.91
ACC106999,670150.78
ACC107000,674082.03
ACC107001,726310.10
ACC107002,280934.18
ACC107003,155056.52
ACC107004,980813.73
ACC107005,202235.89
ACC107006,348102.23
ACC107007,790477.93
ACC107008,919592.66
ACC107009,54746.40
ACC107010,242327.54
ACC107011,804516.78
ACC107012,489498.82
ACC107013,388992.11
ACC107014,913115.52
ACC107015,420791.73
ACC107016,442350.32
ACC107017,602012.60
ACC107018,495102.23
ACC107019,523794.11
ACC107020,731605.55
ACC107021,627559.81
ACC107022,397594.21
ACC107023,913227.62
ACC107024,523277.59
ACC107025,13854.54
ACC107026,931358.05
ACC107027,658616.97
ACC107028,933639.84
ACC107029,269638.57
ACC107030,883038.76
ACC107031,135109.32
ACC107032,475562.07
ACC107033,500241.90
ACC107034,320115.84
ACC107035,431968.33
ACC107036,900814.08
ACC107037,77679.90
ACC107038,465272.41
ACC107039,876774.45
ACC107040,799610.17
ACC107041,797027.18
ACC107042,698456.89
ACC107043,500796.45
ACC107044,401039.99
ACC107045,995485.20
ACC107046,727759.28
ACC107047,524387.21
ACC107048,258842.53
ACC107049,400668.05
ACC107050,966502.16
ACC107051,185583.84
ACC107052,376227.74
ACC107053,900675.51
ACC107054,713664.65
ACC107055,240355.25
ACC107056,771135.66
ACC107057,920505.21
ACC107058,77910.86
ACC107059,999141.56
ACC107060,199446.48
ACC107061,47275.48
ACC107062,882086.76
ACC107063,861468.54
ACC107064,598214.87
ACC107065,530587.94
ACC107066,765078.25
ACC107067,638496.48
ACC107068,294000.63
ACC107069,414153.66
ACC107070,191390.41
ACC107071,492376.47
ACC107072,122802.70
ACC107073,520539.59
ACC107074,35712.01
ACC107075,461238.09
ACC107076,867976.83
ACC107077,262561.24
ACC107078,390071.19
ACC107079,109521.40
ACC107080,200827.97
ACC107081,622455.34
ACC107082,444967.27
ACC107083,215192.49
ACC107084,635316.07
ACC107085,303511.58
ACC107086,163081.09
ACC107087,968144.82
ACC107088,53499.83
ACC107089,628323.87
ACC107090,164819.74
ACC107091,567790.56
ACC107092,631965.92
ACC107093,503242.57
ACC107094,639044.17
ACC107095,622484.22
ACC107096,921551.63
ACC107097,319965.94
ACC107098,309856.67
ACC107099,568997.46
ACC107100,663167.23
ACC107101,462504.08
ACC107102,451292.66
ACC107103,556777.21
ACC107104,171459.31
ACC107105,870981.33
ACC107106,906165.28
ACC107107,199170.87
ACC107108,915430.32
ACC107109,712912.63
ACC107110,373152.78
ACC107111,62190.52
ACC107112,390938.93
ACC107113,237696.85
ACC107114,697498.59
ACC107115,580714.87
ACC107116,724255.07
ACC107117,541115.56
ACC107118,175410.29
ACC107119,742290.63
ACC107120,838528.04
ACC107121,53607.13
ACC107122,390398.02
ACC107123,619896.83
ACC107124,596149.77
ACC107125,79006.86
ACC107126,301385.16
ACC107127,737173.71
ACC107128,239555.68
ACC107129,209300.93
ACC107130,277452.56
ACC107131,972694.48
ACC107132,961003.41
ACC107133,785736.70
ACC107134,412545.28
ACC107135,573871.57
ACC107136,568305.61
ACC107137,117364.68
ACC107138,255374.37
ACC107139,736040.25
ACC107140,288365.88
ACC107141,674757.10
ACC107142,965088.67
ACC107143,228151.28
ACC107144,713677.30
ACC107145,169255.69
ACC107146,602070.20
ACC107147,233330.26
ACC107148,398691.19
ACC107149,686645.81
ACC107150,365424.18
ACC107151,890325.20
ACC107152,853149.73
ACC107153,108637.14
ACC107154,144388.58
ACC107155,740564.81
ACC107156,318097.92
ACC107157,245950.35
ACC107158,299980.02
ACC107159,425188.90
ACC107160,987352.47
ACC107161,203167.02
ACC107162,575722.27
ACC107163,166988.06
ACC107164,862701.94
ACC107165,877794.96
ACC107166,402270.10
ACC107167,473704.17
ACC107168,105048.63
ACC107169,454233.33
ACC107170,190145.82
ACC107171,781593.53
ACC107172,806075.89
ACC107173,377492.06
ACC107174,297647.66
ACC107175,821544.02
ACC107176,715834.49
ACC107177,261627.47
ACC107178,147267.83
ACC107179,774363.03
ACC107180,380890.31
ACC107181,863900.72
ACC107182,583676.09
ACC107183,467117.22
ACC107184,965360.75
ACC107185,217648.39
ACC107186,99477.54
ACC107187,98606.01
ACC107188,393290.79
ACC107189,834774.34
ACC107190,491546.34
ACC107191,319189.30
ACC107192,355379.41
ACC107193,32629.27
ACC107194,850765.63
ACC107195,798266.57
ACC107196,326066.10
ACC107197,989839.57
ACC107198,121470.91
ACC107199,721717.36
ACC107200,788421.73
ACC107201,701379.22
ACC107202,283798.75
ACC107203,91565.32
ACC107204,44161.97
ACC107205,374848.72
ACC107206,542483.88
ACC107207,121015.72
ACC107208,744411.46
ACC107209,457532.07
ACC107210,719427.58
ACC107211,469843.18
ACC107212,63595.05
ACC107213,237348.05
ACC107214,244576.83
ACC107215,447869.75
ACC107216,444018.28
ACC107217,50294.48
ACC107218,580307.90
ACC107219,927974.55
ACC107220,542321.84
ACC107221,562403.66
ACC107222,538600.14
ACC107223,284715.14
ACC107224,461055.85
ACC107225,455585.37
ACC107226,897814.65
ACC107227,20216.77
ACC107228,389117.25
ACC107229,244027.67
ACC107230,76859.65
ACC107231,695499.35
ACC107232,253729.60
ACC107233,141059.31
ACC107234,28928.49
ACC107235,102863.16
ACC107236,114017.54
ACC107237,215546.63
ACC107238,494838.07
ACC107239,333343.03
ACC107240,362038.47
ACC107241,242005.50
ACC107242,687274.61
ACC107243,392566.86
ACC107244,411382.30
ACC107245,199654.26
ACC107246,871970.96
ACC107247,248618.14
ACC107248,386135.69
ACC107249,512614.89
ACC107250,179993.26
ACC107251,376702.78
ACC107252,594130.03
ACC107253,776391.01
ACC107254,536907.08
ACC107255,457560.30
ACC107256,947953.00
ACC107257,844607.53
ACC107258,329622.25
ACC107259,709634.35
ACC107260,255202.14
ACC107261,934792.28
ACC107262,290182.53
ACC107263,279032.14
ACC107264,265893.12
ACC107265,622712.38
ACC107266,547670.31
ACC107267,856253.01
ACC107268,849810.16
ACC107269,331447.71
ACC107270,284738.59
ACC107271,834555.35
ACC107272,969895.11
ACC107273,313991.62
ACC107274,144061.70
ACC107275,911656.97
ACC107276,179520.57
ACC107277,876713.70
ACC107278,972212.90
ACC107279,434228.07
ACC107280,461677.60
ACC107281,35501.87
ACC107282,564131.47
ACC107283,423336.70
ACC107284,726732.13
ACC107285,536821.27
ACC107286,900433.63
ACC107287,548645.42
ACC107288,742463.85
ACC107289,982284.26
ACC107290,472350.88
ACC107291,159734.48
ACC107292,565600.39
ACC107293,207621.50
ACC107294,245046.23
ACC107295,714439.68
ACC107296,617994.26
ACC107297,995175.80
ACC107298,609463.01
ACC107299,146544.89
ACC107300,172963.97
ACC107301,213210.81
ACC107302,395702.78
ACC107303,568557.90
ACC107304,758130.24
ACC107305,545434.01
ACC107306,947208.12
ACC107307,409623.60
ACC107308,300327.42
ACC107309,850178.04
ACC107310,64743.15
ACC107311,723893.74
ACC107312,855854.63
ACC107313,20667.16
ACC107314,632318.27
ACC107315,220871.65
ACC107316,965455.25
ACC107317,855715.72
ACC107318,513798.20
ACC107319,386391.03
ACC107320,57973.05
ACC107321,134062.14
ACC107322,568961.16
ACC107323,800962.43
ACC107324,979631.89
ACC107325,795337.84
ACC107326,71244.07
ACC107327,751235.84
ACC107328,207321.11
ACC107329,696402.37
ACC107330,816312.72
ACC107331,840278.34
ACC107332,644142.11
ACC107333,793445.83
ACC107334,930937.95
ACC107335,693254.67
ACC107336,793781.82
ACC107337,167867.72
ACC107338,75438.11
ACC107339,186924.73
ACC107340,597026.91
ACC107341,97485.44
ACC107342,980164.42
ACC107343,224135.73
ACC107344,498918.45
ACC107345,634108.80
ACC107346,827161.01
ACC107347,568187.78
ACC107348,928669.22
ACC107349,273936.45
ACC107350,82222.37
ACC107351,706590.41
ACC107352,666526.89
ACC107353,328587.63
ACC107354,170100.67
ACC107355,379303.94
ACC107356,972264.22
ACC107357,221877.50
ACC107358,986582.21
ACC107359,963072.47
ACC107360,338912.64
ACC107361,620677.08
ACC107362,115556.43
ACC107363,620907.95
ACC107364,422729.17
ACC107365,147368.07
ACC107366,137042.74
ACC107367,544171.60
ACC107368,466196.89
ACC107369,186511.08
ACC107370,63419.64
ACC107371,704026.62
ACC107372,705107.03
ACC107373,209389.98
ACC107374,525817.78
ACC107375,879299.17
ACC107376,493456.65
ACC107377,807077.94
ACC107378,760792.30
ACC107379,708985.55
ACC107380,811018.96
ACC107381,585590.59
ACC107382,778982.03
ACC107383,229782.86
ACC107384,478003.17
ACC107385,975548.89
ACC107386,782492.45
ACC107387,202095.94
ACC107388,879220.12
ACC107389,53569.70
ACC107390,46205.72
ACC107391,391987.49
ACC107392,356603.77
ACC107393,273333.95
ACC107394,480125.76
ACC107395,791489.01
ACC107396,313813.58
ACC107397,330952.52
ACC107398,105208.06
ACC107399,775579.51
ACC107400,109951.54
ACC107401,101857.50
ACC107402,873903.06
ACC107403,50964.51
ACC107404,251177.07
ACC107405,894990.84
ACC107406,198858.91
ACC107407,279551.79
ACC107408,859187.70
ACC107409,464545.67
ACC107410,58883.66
ACC107411,328221.40
ACC107412,634156.99
ACC107413,929934.59
ACC107414,170358.54
ACC107415,906126.51
ACC107416,246781.18
ACC107417,661017.53
ACC107418,834823.85
ACC107419,761337.10
ACC107420,219584.78
ACC107421,547915.93
ACC107422,979424.89
ACC107423,370152.91
ACC107424,451570.23
ACC107425,122972.75
ACC107426,946310.59
ACC107427,474862.94
ACC107428,172670.04
ACC107429,606588.18
ACC107430,839918.51
ACC107431,809117.20
ACC107432,905270.72
ACC107433,818767.25
ACC107434,927359.83
ACC107435,584403.01
ACC107436,269325.08
ACC107437,694261.65
ACC107438,316834.25
ACC107439,556381.85
ACC107440,495255.80
ACC107441,31169.67
ACC107442,442159.23
ACC107443,806043.20
ACC107444,734975.81
ACC107445,50778.52
ACC107446,268089.91
ACC107447,537771.57
ACC107448,625911.55
ACC107449,180290.46
ACC107450,791135.05
ACC107451,574498.17
ACC107452,225913.48
ACC107453,499869.27
ACC107454,524041.31
ACC107455,669122.83
ACC107456,758373.46
ACC107457,241175.93
ACC107458,809022.74
ACC107459,961342.96
ACC107460,506741.94
ACC107461,816232.35
ACC107462,515153.35
ACC107463,489914.48
ACC107464,75948.25
ACC107465,873059.30
ACC107466,359121.08
ACC107467,962196.75
ACC107468,904975.29
ACC107469,908079.77
ACC107470,335757.06
ACC107471,695596.34
ACC107472,360025.87
ACC107473,184761.24
ACC107474,135409.44
ACC107475,779225.82
ACC107476,521340.31
ACC107477,783390.47
ACC107478,979322.03
ACC107479,498733.25
ACC107480,458786.24
ACC107481,868231.64
ACC107482,591707.83
ACC107483,222832.75
ACC107484,681838.77
ACC107485,305613.71
ACC107486,748174.07
ACC107487,846581.58
ACC107488,698505.58
ACC107489,179725.25
ACC107490,94559.63
ACC107491,403899.50
ACC107492,365123.80
ACC107493,52064.89
ACC107494,928087.82
ACC107495,10215.25
ACC107496,194766.68
ACC107497,825603.09
ACC107498,564016.40
ACC107499,305450.95
ACC107500,356245.52
ACC107501,865755.65
ACC107502,405683.79
ACC107503,977818.89
ACC107504,958378.42
ACC107505,867251.93
ACC107506,404004.64
ACC107507,860106.70
ACC107508,445320.25
ACC107509,928900.70
ACC107510,734059.72
ACC107511,832264.90
ACC107512,268308.43
ACC107513,207113.89
ACC107514,311454.22
ACC107515,697187.78
ACC107516,967178.06
ACC107517,323843.41
ACC107518,829585.92
ACC107519,850591.66
ACC107520,551434.24
ACC107521,85318.71
ACC107522,280868.00
ACC107523,640845.85
ACC107524,425543.64
ACC107525,524642.57
ACC107526,330294.19
ACC107527,80500.53
ACC107528,916417.30
ACC107529,973910.31
ACC107530,28512.41
ACC107531,628081.84
ACC107532,992804.61
ACC107533,370062.00
ACC107534,203790.07
ACC107535,736487.96
ACC107536,76504.57
ACC107537,543160.34
ACC107538,457908.84
ACC107539,683021.37
ACC107540,263922.54
ACC107541,216206.01
ACC107542,330118.02
ACC107543,545730.93
ACC107544,53562.44
ACC107545,551960.74
ACC107546,75805.18
ACC107547,11314.00
ACC107548,360541.01
ACC107549,474542.05
ACC107550,962509.47
ACC107551,881341.94
ACC107552,303147.68
ACC107553,81787.28
ACC107554,315307.50
ACC107555,406023.69
ACC107556,388845.51
ACC107557,788553.30
ACC107558,366443.03
ACC107559,368111.48
ACC107560,857919.96
ACC107561,301226.66
ACC107562,310351.52
ACC107563,603877.35
ACC107564,872229.87
ACC107565,409763.20
ACC107566,984946.99
ACC107567,323354.76
ACC107568,664200.81
ACC107569,655558.99
ACC107570,523193.30
ACC107571,158239.01
ACC107572,517323.89
ACC107573,581374.05
ACC107574,95573.32
ACC107575,132980.01
ACC107576,303983.65
ACC107577,283388.09
ACC107578,224099.17
ACC107579,952676.62
ACC107580,569436.87
ACC107581,85262.01
ACC107582,571973.32
ACC107583,510395.50
ACC107584,722199.48
ACC107585,889811.72
ACC107586,799914.45
ACC107587,666488.60
ACC107588,580971.76
ACC107589,105570.53
ACC107590,390504.33
ACC107591,163372.46
ACC107592,716543.03
ACC107593,623123.81
ACC107594,385690.54
ACC107595,471057.56
ACC107596,353864.39
ACC107597,159644.55
ACC107598,949797.25
ACC107599,351481.32
ACC107600,154664.08
ACC107601,429541.10
ACC107602,211050.27
ACC107603,973397.98
ACC107604,294602.98
ACC107605,754547.60
ACC107606,268714.49
ACC107607,384218.01
ACC107608,291028.44
ACC107609,57946.22
ACC107610,730471.00
ACC107611,270765.73
ACC107612,587882.04
ACC107613,954903.82
ACC107614,735628.28
ACC107615,27437.83
ACC107616,723253.59
ACC107617,734139.38
ACC107618,504165.43
ACC107619,307695.64
ACC107620,832445.58
ACC107621,85307.45
ACC107622,939448.66
ACC107623,283214.11
ACC107624,695223.38
ACC107625,91591.01
ACC107626,153739.38
ACC107627,254335.26
ACC107628,50174.64
ACC107629,168041.62
ACC107630,760331.28
ACC107631,195738.61
ACC107632,821786.58
ACC107633,833187.35
ACC107634,104306.63
ACC107635,422441.43
ACC107636,196973.12
ACC107637,994348.85
ACC107638,635494.11
ACC107639,453381.06
ACC107640,567344.08
ACC107641,395961.36
ACC107642,872240.41
ACC107643,882907.00
ACC107644,711507.31
ACC107645,764995.34
ACC107646,913073.47
ACC107647,54524.87
ACC107648,918129.25
ACC107649,418300.96
ACC107650,55241.05
ACC107651,976184.84
ACC107652,595353.42
ACC107653,633371.29
ACC107654,524448.40
ACC107655,272296.36
ACC107656,155486.21
ACC107657,806626.96
ACC107658,228899.69
ACC107659,214476.57
ACC107660,15607.71
ACC107661,841869.39
ACC107662,392963.47
ACC107663,700804.51
ACC107664,584950.77
ACC107665,866032.67
ACC107666,621437.55
ACC107667,332052.73
ACC107668,598514.43
ACC107669,149783.69
ACC107670,414479.64
ACC107671,133008.63
ACC107672,763438.71
ACC107673,506877.63
ACC107674,135800.64
ACC107675,567572.09
ACC107676,860165.49
ACC107677,598471.14
ACC107678,872682.61
ACC107679,417830.99
ACC107680,484345.84
ACC107681,726827.37
ACC107682,925789.50
ACC107683,289766.87
ACC107684,297827.29
ACC107685,107017.72
ACC107686,589578.85
ACC107687,801631.46
ACC107688,487865.00
ACC107689,835331.66
ACC107690,990403.58
ACC107691,555361.41
ACC107692,172948.91
ACC107693,189151.76
ACC107694,199108.38
ACC107695,206661.88
ACC107696,891324.25
ACC107697,35033.12
ACC107698,138080.19
ACC107699,395591.15
ACC107700,154406.49
ACC107701,889646.06
ACC107702,369304.52
ACC107703,396616.61
ACC107704,601851.17
ACC107705,332098.81
ACC107706,360007.28
ACC107707,705189.29
ACC107708,138038.66
ACC107709,825951.68
ACC107710,885930.07
ACC107711,256897.07
ACC107712,221167.90
ACC107713,74966.48
ACC107714,709190.30
ACC107715,145208.44
ACC107716,966027.36
ACC107717,668305.04
ACC107718,818019.44
ACC107719,374707.13
ACC107720,309821.50
ACC107721,338498.09
ACC107722,889452.31
ACC107723,388544.04
ACC107724,987178.99
ACC107725,719050.70
ACC107726,233256.75
ACC107727,721596.64
ACC107728,985654.70
ACC107729,88032.59
ACC107730,286047.41
ACC107731,664527.27
ACC107732,496660.62
ACC107733,329422.20
ACC107734,218619.46
ACC107735,228570.21
ACC107736,168821.05
ACC107737,855330.11
ACC107738,207066.90
ACC107739,416454.03
ACC107740,601245.72
ACC107741,209522.80
ACC107742,189217.11
ACC107743,361378.56
ACC107744,903149.95
ACC107745,325899.93
ACC107746,522317.99
ACC107747,423417.94
ACC107748,133624.23
ACC107749,24748.49
ACC107750,625754.88
ACC107751,201109.47
ACC107752,811165.56
ACC107753,24704.16
ACC107754,943854.82
ACC107755,905313.69
ACC107756,426831.77
ACC107757,749395.63
ACC107758,818551.86
ACC107759,482695.79
ACC107760,347564.73
ACC107761,64729.67
ACC107762,609841.33
ACC107763,327378.64
ACC107764,287352.32
ACC107765,705694.99
ACC107766,253543.51
ACC107767,631457.19
ACC107768,433458.45
ACC107769,700420.00
ACC107770,770925.59
ACC107771,848139.41
ACC107772,382949.67
ACC107773,204014.78
ACC107774,643198.01
ACC107775,805293.47
ACC107776,891181.52
ACC107777,975459.90
ACC107778,775805.75
ACC107779,862130.98
ACC107780,868781.44
ACC107781,247474.59
ACC107782,902776.37
ACC107783,407646.08
ACC107784,456975.07
ACC107785,841904.33
ACC107786,570166.61
ACC107787,876255.01
ACC107788,82851.37
ACC107789,811712.61
ACC107790,389865.58
ACC107791,623845.41
ACC107792,386346.96
ACC107793,505144.37
ACC107794,400667.06
ACC107795,696145.30
ACC107796,409353.78
ACC107797,498048.16
ACC107798,232615.25
ACC107799,960960.77
ACC107800,54414.07
ACC107801,896701.97
ACC107802,543157.80
ACC107803,796406.82
ACC107804,925965.18
ACC107805,595781.84
ACC107806,739606.32
ACC107807,808770.50
ACC107808,921031.95
ACC107809,514345.98
ACC107810,161809.08
ACC107811,206095.87
ACC107812,258637.86
ACC107813,996875.44
ACC107814,61782.69
ACC107815,456969.08
ACC107816,828015.96
ACC107817,946521.56
ACC107818,593328.20
ACC107819,318308.67
ACC107820,644949.84
ACC107821,403753.78
ACC107822,514374.64
ACC107823,211228.78
ACC107824,443258.78
ACC107825,975584.99
ACC107826,777946.43
ACC107827,520245.31
ACC107828,494566.15
ACC107829,648470.69
ACC107830,504244.01
ACC107831,458232.77
ACC107832,354049.00
ACC107833,981836.31
ACC107834,526354.91
ACC107835,497616.35
ACC107836,602865.93
ACC107837,338981.32
ACC107838,745580.90
ACC107839,827297.07
ACC107840,229395.46
ACC107841,17841.88
ACC107842,829269.50
ACC107843,554759.26
ACC107844,911290.09
ACC107845,915762.96
ACC107846,234381.50
ACC107847,803698.23
ACC107848,828662.02
ACC107849,840039.01
ACC107850,563804.03
ACC107851,449331.90
ACC107852,595464.36
ACC107853,929526.55
ACC107854,269636.65
ACC107855,436324.41
ACC107856,971317.38
ACC107857,812114.88
ACC107858,88331.59
ACC107859,457950.25
ACC107860,649652.13
ACC107861,138261.05
ACC107862,406660.98
ACC107863,29766.58
ACC107864,640104.71
ACC107865,302152.02
ACC107866,685013.95
ACC107867,716637.49
ACC107868,463592.05
ACC107869,619353.01
ACC107870,175492.24
ACC107871,928467.24
ACC107872,847435.92
ACC107873,53032.29
ACC107874,936678.20
ACC107875,77451.63
ACC107876,925274.98
ACC107877,260023.22
ACC107878,844790.37
ACC107879,838043.84
ACC107880,52314.85
ACC107881,833091.87
ACC107882,282220.86
ACC107883,920159.05
ACC107884,100714.83
ACC107885,966822.88
ACC107886,769166.43
ACC107887,146404.08
ACC107888,32594.56
ACC107889,111519.29
ACC107890,442218.67
ACC107891,865320.88
ACC107892,459268.20
ACC107893,722431.50
ACC107894,875370.48
ACC107895,314770.28
ACC107896,704872.95
ACC107897,550488.50
ACC107898,603926.22
ACC107899,102659.57
ACC107900,330557.51
ACC107901,245498.47
ACC107902,460268.51
ACC107903,406230.01
ACC107904,261831.85
ACC107905,803519.63
ACC107906,322339.73
ACC107907,826072.84
ACC107908,936551.87
ACC107909,806770.76
ACC107910,351038.06
ACC107911,46929.98
ACC107912,414323.85
ACC107913,737059.20
ACC107914,581506.70
ACC107915,264162.09
ACC107916,199861.18
ACC107917,692248.73
ACC107918,35512.13
ACC107919,532530.86
ACC107920,933011.81
ACC107921,969772.01
ACC107922,637761.52
ACC107923,822642.55
ACC107924,216797.30
ACC107925,31612.41
ACC107926,368101.01
ACC107927,990039.62
ACC107928,601865.69
ACC107929,631537.34
ACC107930,394066.06
ACC107931,712502.37
ACC107932,91257.61
ACC107933,197660.27
ACC107934,934221.83
ACC107935,612637.07
ACC107936,163321.35
ACC107937,461640.93
ACC107938,482135.61
ACC107939,955277.72
ACC107940,522985.22
ACC107941,70002.83
ACC107942,213665.65
ACC107943,412617.37
ACC107944,112406.02
ACC107945,793155.63
ACC107946,396529.35
ACC107947,554311.23
ACC107948,261260.90
ACC107949,613753.17
ACC107950,990831.33
ACC107951,165057.19
ACC107952,304635.09
ACC107953,58002.42
ACC107954,222385.32
ACC107955,378360.92
ACC107956,422580.98
ACC107957,761456.52
ACC107958,937256.45
ACC107959,322331.11
ACC107960,669985.02
ACC107961,684684.19
ACC107962,855979.37
ACC107963,911426.62
ACC107964,248376.33
ACC107965,504001.36
ACC107966,19374.36
ACC107967,117091.08
ACC107968,592747.02
ACC107969,798184.47
ACC107970,834788.12
ACC107971,60161.53
ACC107972,796326.90
ACC107973,613753.79
ACC107974,201927.67
ACC107975,148826.56
ACC107976,704566.00
ACC107977,869023.23
ACC107978,21235.08
ACC107979,427735.38
ACC107980,636326.38
ACC107981,550657.81
ACC107982,884967.34
ACC107983,176622.89
ACC107984,195469.79
ACC107985,255962.03
ACC107986,831800.29
ACC107987,70517.30
ACC107988,539651.98
ACC107989,309543.30
ACC107990,689867.34
ACC107991,908235.04
ACC107992,815193.09
ACC107993,414350.53
ACC107994,920672.45
ACC107995,401444.61
ACC107996,737393.83
ACC107997,334384.31
ACC107998,617284.53
ACC107999,13093.62
ACC108000,274600.84
ACC108001,109606.77
ACC108002,184623.83
ACC108003,801445.59
ACC108004,311698.63
ACC108005,802749.25
ACC108006,877493.38
ACC108007,554360.87
ACC108008,574515.96
ACC108009,892823.34
ACC108010,653287.32
ACC108011,237782.79
ACC108012,610882.32
ACC108013,841186.00
ACC108014,771025.23
ACC108015,782653.33
ACC108016,606755.76
ACC108017,752991.47
ACC108018,846515.36
ACC108019,695684.36
ACC108020,966966.63
ACC108021,459783.17
ACC108022,355041.91
ACC108023,811548.53
ACC108024,39682.00
ACC108025,637835.40
ACC108026,288000.55
ACC108027,547130.61
ACC108028,981693.78
ACC108029,321650.59
ACC108030,898373.17
ACC108031,562493.21
ACC108032,168069.09
ACC108033,272749.22
ACC108034,411837.40
ACC108035,878162.79
ACC108036,134574.41
ACC108037,650560.50
ACC108038,385647.81
ACC108039,244229.51
ACC108040,524595.42
ACC108041,544828.22
ACC108042,226205.30
ACC108043,523581.48
ACC108044,564023.24
ACC108045,827492.20
ACC108046,378448.13
ACC108047,29357.24
ACC108048,197762.03
ACC108049,266487.17
ACC108050,195851.81
ACC108051,355401.63
ACC108052,310137.25
ACC108053,484321.83
ACC108054,198917.34
ACC108055,788148.66
ACC108056,178543.76
ACC108057,130657.34
ACC108058,332556.58
ACC108059,988931.59
ACC108060,195170.84
ACC108061,180399.97
ACC108062,188749.72
ACC108063,67233.45
ACC108064,335577.38
ACC108065,187055.00
ACC108066,510255.21
ACC108067,97843.17
ACC108068,245262.99
ACC108069,985258.77
ACC108070,403993.08
ACC108071,518270.60
ACC108072,706191.34
ACC108073,186513.03
ACC108074,379002.82
ACC108075,727099.92
ACC108076,414470.85
ACC108077,558191.26
ACC108078,163593.34
ACC108079,709225.01
ACC108080,208081.89
ACC108081,507868.18
ACC108082,459456.95
ACC108083,660111.00
ACC108084,819664.58
ACC108085,392944.58
ACC108086,157110.90
ACC108087,868365.37
ACC108088,973940.21
ACC108089,639395.99
ACC108090,307059.80
ACC108091,463977.65
ACC108092,902338.07
ACC108093,533269.69
ACC108094,154538.37
ACC108095,918600.95
ACC108096,28835.43
ACC108097,354285.78
ACC108098,772598.95
ACC108099,764199.40
ACC108100,150890.20
ACC108101,882569.47
ACC108102,458649.39
ACC108103,87274.19
ACC108104,767657.93
ACC108105,57147.48
ACC108106,803326.74
ACC108107,137707.47
ACC108108,294431.41
ACC108109,758387.67
ACC108110,637808.48
ACC108111,694026.56
ACC108112,707427.75
ACC108113,986043.04
ACC108114,266317.84
ACC108115,310592.35
ACC108116,216670.21
ACC108117,469980.59
ACC108118,214671.12
ACC108119,156854.59
ACC108120,346772.88
ACC108121,262034.14
ACC108122,723244.47
ACC108123,844392.56
ACC108124,825934.41
ACC108125,34713.85
ACC108126,293704.23
ACC108127,53973.47
ACC108128,992382.07
ACC108129,775738.60
ACC108130,293249.38
ACC108131,392312.38
ACC108132,734881.50
ACC108133,296526.61
ACC108134,407956.39
ACC108135,936605.39
ACC108136,249736.57
ACC108137,707887.71
ACC108138,768095.89
ACC108139,74235.02
ACC108140,480953.27
ACC108141,77204.97
ACC108142,953007.72
ACC108143,345309.49
ACC108144,62926.10
ACC108145,988376.47
ACC108146,841274.90
ACC108147,806898.98
ACC108148,596128.97
ACC108149,68707.21
ACC108150,43528.97
ACC108151,839971.30
ACC108152,855853.07
ACC108153,935799.24
ACC108154,50248.54
ACC108155,533104.40
ACC108156,862031.92
ACC108157,662282.69
ACC108158,605379.55
ACC108159,451067.98
ACC108160,124630.14
ACC108161,86962.61
ACC108162,658510.04
ACC108163,511316.79
ACC108164,413944.24
ACC108165,957626.96
ACC108166,203674.19
ACC108167,577327.28
ACC108168,218475.80
ACC108169,713368.05
ACC108170,891639.52
ACC108171,374535.44
ACC108172,584784.24
ACC108173,502814.90
ACC108174,704747.92
ACC108175,272397.08
ACC108176,593912.40
ACC108177,819156.26
ACC108178,909035.62
ACC108179,524793.34
ACC108180,747601.42
ACC108181,613254.24
ACC108182,867449.04
ACC108183,560642.56
ACC108184,564571.51
ACC108185,332505.43
ACC108186,570502.32
ACC108187,977156.00
ACC108188,432643.47
ACC108189,385401.81
ACC108190,546689.85
ACC108191,99688.57
ACC108192,206411.44
ACC108193,879975.88
ACC108194,974370.80
ACC108195,864586.63
ACC108196,452550.22
ACC108197,588484.44
ACC108198,889684.63
ACC108199,384824.15
ACC108200,195651.21
ACC108201,570792.87
ACC108202,211336.12
ACC108203,92544.19
ACC108204,966728.97
ACC108205,154966.75
ACC108206,992804.78
ACC108207,327886.33
ACC108208,614225.97
ACC108209,315559.96
ACC108210,755688.23
ACC108211,919682.33
ACC108212,603466.16
ACC108213,928008.25
ACC108214,644480.70
ACC108215,880740.51
ACC108216,985068.54
ACC108217,831395.21
ACC108218,623117.10
ACC108219,558515.56
ACC108220,15829.91
ACC108221,931651.57
ACC108222,217080.09
ACC108223,30974.63
ACC108224,87021.61
ACC108225,422982.22
ACC108226,71771.61
ACC108227,787420.69
ACC108228,624918.03
ACC108229,236984.35
ACC108230,898192.39
ACC108231,324924.32
ACC108232,286685.30
ACC108233,906528.28
ACC108234,430752.00
ACC108235,422839.83
ACC108236,441506.41
ACC108237,185016.77
ACC108238,779249.05
ACC108239,830646.02
ACC108240,582005.00
ACC108241,581121.81
ACC108242,597715.32
ACC108243,108053.07
ACC108244,984652.41
ACC108245,734516.91
ACC108246,386909.24
ACC108247,150955.49
ACC108248,419903.92
ACC108249,919481.31
ACC108250,954773.88
ACC108251,612387.22
ACC108252,953307.66
ACC108253,950546.35
ACC108254,800140.84
ACC108255,714148.90
ACC108256,957765.06
ACC108257,437587.95
ACC108258,939366.18
ACC108259,832228.25
ACC108260,74495.53
ACC108261,966937.77
ACC108262,513426.23
ACC108263,857523.37
ACC108264,586067.50
ACC108265,930194.02
ACC108266,514280.02
ACC108267,942704.62
ACC108268,169107.28
ACC108269,43457.29
ACC108270,424022.71
ACC108271,76314.78
ACC108272,586981.40
ACC108273,26699.43
ACC108274,188507.59
ACC108275,556408.36
ACC108276,623872.23
ACC108277,435893.24
ACC108278,828707.14
ACC108279,488169.07
ACC108280,421226.69
ACC108281,699388.40
ACC108282,428112.07
ACC108283,803021.45
ACC108284,555556.02
ACC108285,314813.79
ACC108286,302934.49
ACC108287,680765.37
ACC108288,992999.94
ACC108289,293518.70
ACC108290,553785.62
ACC108291,681214.50
ACC108292,400942.18
ACC108293,796235.71
ACC108294,642840.08
ACC108295,137707.13
ACC108296,830274.03
ACC108297,106255.20
ACC108298,439278.27
ACC108299,61685.01
ACC108300,863651.39
ACC108301,914946.12
ACC108302,518015.09
ACC108303,15299.10
ACC108304,65275.74
ACC108305,558940.65
ACC108306,652377.47
ACC108307,187702.16
ACC108308,366353.16
ACC108309,158719.86
ACC108310,330485.13
ACC108311,150327.08
ACC108312,617445.24
ACC108313,714695.01
ACC108314,887618.06
ACC108315,687025.78
ACC108316,324424.70
ACC108317,709174.20
ACC108318,432821.38
ACC108319,346457.54
ACC108320,138682.98
ACC108321,350836.21
ACC108322,747402.09
ACC108323,276566.14
ACC108324,84611.61
ACC108325,792503.55
ACC108326,845814.27
ACC108327,374374.63
ACC108328,298187.89
ACC108329,73114.14
ACC108330,245708.66
ACC108331,668652.22
ACC108332,249745.13
ACC108333,490835.85
ACC108334,963639.09
ACC108335,298271.40
ACC108336,731692.18
ACC108337,156250.35
ACC108338,626072.84
ACC108339,565275.28
ACC108340,688070.46
ACC108341,32453.41
ACC108342,951943.43
ACC108343,18812.60
ACC108344,717397.12
ACC108345,32775.19
ACC108346,393013.97
ACC108347,534175.27
ACC108348,563241.14
ACC108349,526619.75
ACC108350,851786.02
ACC108351,140186.28
ACC108352,198414.50
ACC108353,599655.14
ACC108354,513592.55
ACC108355,208136.89
ACC108356,48533.91
ACC108357,526255.21
ACC108358,579856.71
ACC108359,576361.35
ACC108360,929018.66
ACC108361,869702.15
ACC108362,323275.67
ACC108363,186362.75
ACC108364,666338.89
ACC108365,859203.09
ACC108366,302907.32
ACC108367,489168.07
ACC108368,849513.40
ACC108369,542257.18
ACC108370,567790.62
ACC108371,474290.80
ACC108372,451479.65
ACC108373,716328.75
ACC108374,911822.89
ACC108375,428319.13
ACC108376,782018.96
ACC108377,515140.40
ACC108378,560146.35
ACC108379,415723.07
ACC108380,184418.00
ACC108381,902193.84
ACC108382,608263.15
ACC108383,860988.01
ACC108384,216983.27
ACC108385,537359.88
ACC108386,439502.37
ACC108387,368633.11
ACC108388,557898.09
ACC108389,701547.58
ACC108390,694304.00
ACC108391,436062.04
ACC108392,787722.54
ACC108393,379571.25
ACC108394,956065.01
ACC108395,673519.01
ACC108396,88084.45
ACC108397,802377.80
ACC108398,243008.30
ACC108399,545687.50
ACC108400,637795.50
ACC108401,256780.40
ACC108402,383690.52
ACC108403,640669.67
ACC108404,858748.87
ACC108405,213763.32
ACC108406,165356.17
ACC108407,224223.57
ACC108408,753516.48
ACC108409,445281.28
ACC108410,289374.70
ACC108411,530210.93
ACC108412,724560.58
ACC108413,114270.32
ACC108414,806464.10
ACC108415,322222.61
ACC108416,31411.46
ACC108417,283321.28
ACC108418,456308.98
ACC108419,836299.26
ACC108420,347034.54
ACC108421,94134.72
ACC108422,221522.65
ACC108423,500553.96
ACC108424,647922.20
ACC108425,952486.14
ACC108426,134682.26
ACC108427,364329.77
ACC108428,224192.44
ACC108429,221972.63
ACC108430,529382.60
ACC108431,557288.17
ACC108432,996162.92
ACC108433,844296.68
ACC108434,271908.67
ACC108435,777526.27
ACC108436,742491.34
ACC108437,834261.38
ACC108438,289218.95
ACC108439,27459.24
ACC108440,232034.30
ACC108441,284009.42
ACC108442,631460.34
ACC108443,786779.78
ACC108444,707074.18
ACC108445,113332.91
ACC108446,593202.77
ACC108447,143321.64
ACC108448,109499.51
ACC108449,951113.49
ACC108450,806985.63
ACC108451,35103.47
ACC108452,943897.38
ACC108453,657122.15
ACC108454,345610.25
ACC108455,610219.80
ACC108456,922326.73
ACC108457,433515.81
ACC108458,525891.59
ACC108459,305570.79
ACC108460,14789.71
ACC108461,851412.12
ACC108462,996299.03
ACC108463,730686.66
ACC108464,497103.39
ACC108465,419906.89
ACC108466,824071.31
ACC108467,839103.94
ACC108468,23997.73
ACC108469,562818.31
ACC108470,653981.01
ACC108471,796888.95
ACC108472,479825.99
ACC108473,752299.25
ACC108474,990954.96
ACC108475,635980.29
ACC108476,152271.59
ACC108477,428254.35
ACC108478,322221.92
ACC108479,909036.23
ACC108480,645871.14
ACC108481,318230.80
ACC108482,291564.98
ACC108483,72423.18
ACC108484,352046.95
ACC108485,994121.23
ACC108486,698596.68
ACC108487,564870.80
ACC108488,820651.61
ACC108489,269625.49
ACC108490,849754.36
ACC108491,351145.23
ACC108492,264776.86
ACC108493,285962.07
ACC108494,894930.86
ACC108495,632855.68
ACC108496,545762.83
ACC108497,352802.91
ACC108498,404308.44
ACC108499,542210.53
ACC108500,448968.63
ACC108501,516824.97
ACC108502,784057.54
ACC108503,659178.10
ACC108504,732923.87
ACC108505,171629.68
ACC108506,527089.32
ACC108507,138083.37
ACC108508,384980.44
ACC108509,240075.82
ACC108510,16019.30
ACC108511,546185.21
ACC108512,905518.22
ACC108513,623304.38
ACC108514,699902.83
ACC108515,444230.54
ACC108516,840132.22
ACC108517,969903.38
ACC108518,854145.09
ACC108519,47369.71
ACC108520,725038.54
ACC108521,993768.31
ACC108522,374267.88
ACC108523,354144.39
ACC108524,605185.47
ACC108525,120258.83
ACC108526,448931.86
ACC108527,661522.19
ACC108528,887240.29
ACC108529,317234.36
ACC108530,695767.57
ACC108531,125153.89
ACC108532,630746.97
ACC108533,770471.96
ACC108534,985160.14
ACC108535,896167.64
ACC108536,700308.99
ACC108537,961826.07
ACC108538,792161.86
ACC108539,288890.75
ACC108540,129650.75
ACC108541,703286.14
ACC108542,55173.82
ACC108543,867903.14
ACC108544,794845.71
ACC108545,770819.06
ACC108546,601941.73
ACC108547,897778.03
ACC108548,148873.15
ACC108549,628554.41
ACC108550,88753.41
ACC108551,774753.95
ACC108552,852975.39
ACC108553,926477.24
ACC108554,687504.02
ACC108555,616408.11
ACC108556,662035.71
ACC108557,473338.56
ACC108558,677512.63
ACC108559,793165.36
ACC108560,311382.84
ACC108561,520975.53
ACC108562,614627.27
ACC108563,364177.51
ACC108564,251050.42
ACC108565,386653.87
ACC108566,249248.15
ACC108567,299747.18
ACC108568,340581.06
ACC108569,546401.89
ACC108570,697427.56
ACC108571,623045.55
ACC108572,762962.20
ACC108573,584601.15
ACC108574,135171.76
ACC108575,505388.33
ACC108576,700216.54
ACC108577,663330.20
ACC108578,275474.70
ACC108579,581784.05
ACC108580,765543.24
ACC108581,349128.79
ACC108582,360455.15
ACC108583,976858.58
ACC108584,167716.16
ACC108585,74956.73
ACC108586,787247.89
ACC108587,605585.39
ACC108588,482693.71
ACC108589,701166.56
ACC108590,496016.64
ACC108591,568514.68
ACC108592,575080.51
ACC108593,221292.04
ACC108594,371610.89
ACC108595,857396.09
ACC108596,548203.81
ACC108597,666373.64
ACC108598,346979.71
ACC108599,664228.00
ACC108600,876128.34
ACC108601,325400.60
ACC108602,636486.38
ACC108603,34842.79
ACC108604,923931.64
ACC108605,69242.94
ACC108606,450732.89
ACC108607,957150.96
ACC108608,583996.57
ACC108609,831180.40
ACC108610,941408.90
ACC108611,414118.37
ACC108612,635951.79
ACC108613,258804.03
ACC108614,625020.89
ACC108615,22439.39
ACC108616,486200.85
ACC108617,319674.67
ACC108618,338136.50
ACC108619,889694.91
ACC108620,219728.91
ACC108621,356666.59
ACC108622,993996.51
ACC108623,315547.98
ACC108624,672061.25
ACC108625,448407.68
ACC108626,831000.29
ACC108627,536230.92
ACC108628,102871.55
ACC108629,725646.85
ACC108630,267663.00
ACC108631,646216.13
ACC108632,114797.58
ACC108633,45737.39
ACC108634,916172.06
ACC108635,816539.92
ACC108636,281520.51
ACC108637,854719.21
ACC108638,157636.64
ACC108639,15761.03
ACC108640,318099.51
ACC108641,329716.39
ACC108642,286529.28
ACC108643,746987.76
ACC108644,953926.41
ACC108645,883534.86
ACC108646,309659.23
ACC108647,322795.89
ACC108648,934475.46
ACC108649,898454.03
ACC108650,206297.52
ACC108651,369185.55
ACC108652,62271.54
ACC108653,397250.07
ACC108654,60790.09
ACC108655,639989.51
ACC108656,260185.74
ACC108657,46471.26
ACC108658,147149.44
ACC108659,404345.56
ACC108660,771290.11
ACC108661,249906.01
ACC108662,806707.41
ACC108663,761985.33
ACC108664,889063.96
ACC108665,339041.02
ACC108666,434940.77
ACC108667,74167.42
ACC108668,579742.21
ACC108669,552102.50
ACC108670,42048.38
ACC108671,292096.48
ACC108672,265031.82
ACC108673,824005.75
ACC108674,113762.28
ACC108675,269621.51
ACC108676,338295.49
ACC108677,86207.59
ACC108678,64218.09
ACC108679,572894.39
ACC108680,570611.82
ACC108681,78064.80
ACC108682,271487.83
ACC108683,686496.99
ACC108684,414870.07
ACC108685,679845.47
ACC108686,128596.70
ACC108687,183307.87
ACC108688,366242.47
ACC108689,872023.37
ACC108690,548498.16
ACC108691,584081.38
ACC108692,996000.36
ACC108693,515904.83
ACC108694,490574.65
ACC108695,712350.25
ACC108696,932700.95
ACC108697,556995.59
ACC108698,558759.83
ACC108699,200839.28
ACC108700,990269.56
ACC108701,204809.53
ACC108702,487345.41
ACC108703,167091.22
ACC108704,126437.69
ACC108705,31053.73
ACC108706,379939.43
ACC108707,108456.93
ACC108708,147370.54
ACC108709,152294.40
ACC108710,779885.78
ACC108711,129991.09
ACC108712,265127.56
ACC108713,43315.68
ACC108714,456732.27
ACC108715,983120.22
ACC108716,343848.56
ACC108717,673427.63
ACC108718,323053.25
ACC108719,558214.26
ACC108720,378242.53
ACC108721,369963.14
ACC108722,519085.68
ACC108723,580393.11
ACC108724,254080.04
ACC108725,711122.51
ACC108726,659229.97
ACC108727,915039.39
ACC108728,824950.33
ACC108729,814182.40
ACC108730,334496.28
ACC108731,787563.67
ACC108732,642542.26
ACC108733,174880.51
ACC108734,678443.27
ACC108735,830983.14
ACC108736,19143.88
ACC108737,259520.07
ACC108738,411061.14
ACC108739,254824.99
ACC108740,140928.61
ACC108741,273007.66
ACC108742,875392.30
ACC108743,669755.03
ACC108744,868906.03
ACC108745,153645.93
ACC108746,25462.27
ACC108747,824158.13
ACC108748,231164.14
ACC108749,419046.92
ACC108750,741310.46
ACC108751,641660.32
ACC108752,235214.61
ACC108753,237015.08
ACC108754,97564.41
ACC108755,782284.30
ACC108756,782876.17
ACC108757,440668.15
ACC108758,896093.37
ACC108759,324568.12
ACC108760,302192.03
ACC108761,318421.62
ACC108762,860805.62
ACC108763,681553.28
ACC108764,411374.23
ACC108765,236758.35
ACC108766,33621.90
ACC108767,700062.20
ACC108768,808704.70
ACC108769,366935.76
ACC108770,365060.28
ACC108771,200135.76
ACC108772,329694.75
ACC108773,165954.16
ACC108774,760710.39
ACC108775,169891.27
ACC108776,638616.23
ACC108777,347217.14
ACC108778,96154.57
ACC108779,400386.00
ACC108780,715764.43
ACC108781,747358.66
ACC108782,47608.99
ACC108783,25336.31
ACC108784,884499.83
ACC108785,482695.91
ACC108786,483713.63
ACC108787,251742.95
ACC108788,643237.44
ACC108789,501684.85
ACC108790,645490.63
ACC108791,439611.84
ACC108792,757114.05
ACC108793,898614.19
ACC108794,996520.43
ACC108795,292036.14
ACC108796,992061.11
ACC108797,908568.10
ACC108798,873851.76
ACC108799,970918.44
ACC108800,730446.88
ACC108801,834419.87
ACC108802,962065.84
ACC108803,808564.04
ACC108804,102324.49
ACC108805,973289.51
ACC108806,618256.77
ACC108807,11263.77
ACC108808,829632.70
ACC108809,832505.05
ACC108810,464469.81
ACC108811,977812.06
ACC108812,892444.89
ACC108813,773652.39
ACC108814,246355.63
ACC108815,733669.13
ACC108816,36546.81
ACC108817,667781.25
ACC108818,922453.04
ACC108819,700177.06
ACC108820,890246.73
ACC108821,935254.20
ACC108822,87604.69
ACC108823,647878.95
ACC108824,65382.46
ACC108825,880083.62
ACC108826,246539.15
ACC108827,183565.86
ACC108828,232987.59
ACC108829,80896.12
ACC108830,449620.04
ACC108831,532190.10
ACC108832,178014.60
ACC108833,178896.35
ACC108834,492166.73
ACC108835,497234.90
ACC108836,569886.09
ACC108837,467372.32
ACC108838,411593.29
ACC108839,446518.57
ACC108840,646455.44
ACC108841,47391.35
ACC108842,632891.31
ACC108843,644738.10
ACC108844,718206.34
ACC108845,590381.15
ACC108846,812699.51
ACC108847,279320.32
ACC108848,47206.47
ACC108849,400272.50
ACC108850,785356.57
ACC108851,812350.12
ACC108852,121453.38
ACC108853,315800.47
ACC108854,270926.63
ACC108855,748483.88
ACC108856,529811.23
ACC108857,97417.72
ACC108858,905214.61
ACC108859,906832.45
ACC108860,615734.90
ACC108861,783069.42
ACC108862,45256.76
ACC108863,33811.60
ACC108864,799414.23
ACC108865,522810.79
ACC108866,980675.30
ACC108867,573909.19
ACC108868,227843.14
ACC108869,383918.57
ACC108870,141628.12
ACC108871,276206.82
ACC108872,360629.91
ACC108873,785755.45
ACC108874,97863.70
ACC108875,206319.91
ACC108876,696112.29
ACC108877,247190.74
ACC108878,990608.15
ACC108879,806184.14
ACC108880,207526.94
ACC108881,78863.66
ACC108882,909665.92
ACC108883,717816.70
ACC108884,162605.79
ACC108885,237994.94
ACC108886,522206.97
ACC108887,751820.18
ACC108888,242032.22
ACC108889,204810.43
ACC108890,547242.85
ACC108891,106972.71
ACC108892,152688.29
ACC108893,386935.00
ACC108894,470761.08
ACC108895,263761.55
ACC108896,880559.48
ACC108897,541347.22
ACC108898,740891.07
ACC108899,922169.08
ACC108900,765536.88
ACC108901,142655.89
ACC108902,350316.87
ACC108903,732407.71
ACC108904,716166.87
ACC108905,731566.30
ACC108906,864431.47
ACC108907,416627.92
ACC108908,816646.48
ACC108909,958449.17
ACC108910,358443.81
ACC108911,659885.65
ACC108912,171048.60
ACC108913,893908.05
ACC108914,234804.41
ACC108915,769858.01
ACC108916,120883.68
ACC108917,151160.16
ACC108918,63906.77
ACC108919,926933.56
ACC108920,531665.07
ACC108921,283903.65
ACC108922,606051.63
ACC108923,769380.78
ACC108924,362144.25
ACC108925,848139.06
ACC108926,771127.34
ACC108927,772310.92
ACC108928,876316.08
ACC108929,537144.94
ACC108930,44364.45
ACC108931,884103.64
ACC108932,253168.66
ACC108933,715477.88
ACC108934,891863.84
ACC108935,699851.73
ACC108936,602462.28
ACC108937,70474.14
ACC108938,308377.87
ACC108939,448207.70
ACC108940,736570.15
ACC108941,618275.70
ACC108942,632039.52
ACC108943,65778.69
ACC108944,658598.92
ACC108945,125885.14
ACC108946,606390.41
ACC108947,571917.38
ACC108948,585630.57
ACC108949,361174.31
ACC108950,869148.80
ACC108951,116394.96
ACC108952,792987.11
ACC108953,619128.98
ACC108954,349689.23
ACC108955,903018.81
ACC108956,630918.20
ACC108957,384906.37
ACC108958,153171.31
ACC108959,723770.96
ACC108960,279046.92
ACC108961,832515.33
ACC108962,108660.30
ACC108963,390494.40
ACC108964,436282.33
ACC108965,822098.34
ACC108966,941423.14
ACC108967,104543.49
ACC108968,914717.35
ACC108969,438902.39
ACC108970,125863.40
ACC108971,569140.51
ACC108972,205279.59
ACC108973,453070.39
ACC108974,785275.29
ACC108975,124443.96
ACC108976,450587.36
ACC108977,551367.36
ACC108978,937751.23
ACC108979,231535.88
ACC108980,156586.29
ACC108981,329875.46
ACC108982,864168.80
ACC108983,238673.48
ACC108984,489103.32
ACC108985,780549.55
ACC108986,14213.08
ACC108987,301227.37
ACC108988,744451.64
ACC108989,254319.55
ACC108990,159856.32
ACC108991,985741.36
ACC108992,674656.83
ACC108993,409158.56
ACC108994,352621.78
ACC108995,348500.83
ACC108996,417746.70
ACC108997,303205.65
ACC108998,241299.86
ACC108999,579884.92
ACC109000,741858.30
ACC109001,160639.36
ACC109002,680564.55
ACC109003,117603.90
ACC109004,728663.52
ACC109005,41543.24
ACC109006,338154.34
ACC109007,74687.12
ACC109008,556800.33
ACC109009,296486.85
ACC109010,528936.72
ACC109011,871787.81
ACC109012,139619.25
ACC109013,191965.82
ACC109014,248266.54
ACC109015,148009.58
ACC109016,413616.21
ACC109017,924201.81
ACC109018,224578.40
ACC109019,620036.01
ACC109020,694419.80
ACC109021,886098.32
ACC109022,162119.45
ACC109023,525858.19
ACC109024,136137.54
ACC109025,745380.48
ACC109026,849133.80
ACC109027,306846.00
ACC109028,487237.95
ACC109029,771116.99
ACC109030,594651.27
ACC109031,440298.26
ACC109032,731956.41
ACC109033,620930.08
ACC109034,548312.48
ACC109035,673932.14
ACC109036,550460.50
ACC109037,502243.57
ACC109038,912379.15
ACC109039,744036.69
ACC109040,713696.15
ACC109041,757902.37
ACC109042,653232.83
ACC109043,440216.33
ACC109044,579958.99
ACC109045,539416.15
ACC109046,141257.05
ACC109047,631788.06
ACC109048,239795.80
ACC109049,369937.34
ACC109050,673026.96
ACC109051,753973.93
ACC109052,733838.94
ACC109053,243878.91
ACC109054,28197.70
ACC109055,976042.01
ACC109056,734612.62
ACC109057,990809.37
ACC109058,75386.85
ACC109059,328501.99
ACC109060,258222.05
ACC109061,567932.74
ACC109062,676687.96
ACC109063,792349.10
ACC109064,765147.89
ACC109065,18068.13
ACC109066,269231.67
ACC109067,570176.87
ACC109068,771116.32
ACC109069,998589.26
ACC109070,114427.76
ACC109071,326742.29
ACC109072,89199.90
ACC109073,911265.96
ACC109074,451175.50
ACC109075,655268.87
ACC109076,502928.53
ACC109077,473369.96
ACC109078,488421.81
ACC109079,745411.09
ACC109080,277249.45
ACC109081,386764.59
ACC109082,34975.62
ACC109083,379380.38
ACC109084,689673.78
ACC109085,353993.16
ACC109086,70454.16
ACC109087,554245.93
ACC109088,457882.41
ACC109089,318612.78
ACC109090,830640.66
ACC109091,140875.50
ACC109092,22437.16
ACC109093,861190.63
ACC109094,993375.06
ACC109095,13369.48
ACC109096,844053.83
ACC109097,232487.32
ACC109098,407378.62
ACC109099,537167.67
ACC109100,824141.50
ACC109101,441396.06
ACC109102,516129.89
ACC109103,309272.51
ACC109104,214998.34
ACC109105,777189.80
ACC109106,992064.16
ACC109107,340232.82
ACC109108,382176.76
ACC109109,853547.83
ACC109110,192959.87
ACC109111,334671.30
ACC109112,506091.89
ACC109113,295690.81
ACC109114,92405.14
ACC109115,775215.30
ACC109116,512944.98
ACC109117,221748.11
ACC109118,249704.21
ACC109119,113703.60
ACC109120,226468.89
ACC109121,525214.23
ACC109122,561487.79
ACC109123,513493.47
ACC109124,371876.08
ACC109125,107020.18
ACC109126,177633.34
ACC109127,357580.82
ACC109128,251699.99
ACC109129,83353.67
ACC109130,847880.43
ACC109131,689072.45
ACC109132,139968.65
ACC109133,428906.92
ACC109134,72743.07
ACC109135,753313.07
ACC109136,246334.91
ACC109137,184713.03
ACC109138,672975.42
ACC109139,884670.98
ACC109140,895410.98
ACC109141,865151.77
ACC109142,465939.03
ACC109143,825624.73
ACC109144,848615.07
ACC109145,750063.65
ACC109146,204748.73
ACC109147,941369.80
ACC109148,86336.50
ACC109149,875204.93
ACC109150,617041.60
ACC109151,529677.31
ACC109152,267160.66
ACC109153,957510.15
ACC109154,744617.35
ACC109155,923188.49
ACC109156,88268.67
ACC109157,640796.91
ACC109158,443040.47
ACC109159,949717.11
ACC109160,916936.98
ACC109161,712657.03
ACC109162,341573.64
ACC109163,725458.16
ACC109164,57309.95
ACC109165,514321.29
ACC109166,608528.87
ACC109167,776264.84
ACC109168,389304.62
ACC109169,752268.47
ACC109170,765276.81
ACC109171,73357.17
ACC109172,937629.25
ACC109173,773269.40
ACC109174,503747.07
ACC109175,321964.03
ACC109176,698458.10
ACC109177,333413.12
ACC109178,937280.84
ACC109179,894476.79
ACC109180,269303.01
ACC109181,756458.58
ACC109182,23164.76
ACC109183,333705.99
ACC109184,694057.79
ACC109185,617586.51
ACC109186,677078.69
ACC109187,436784.44
ACC109188,220064.28
ACC109189,665296.65
ACC109190,415032.10
ACC109191,926147.89
ACC109192,137359.91
ACC109193,326803.00
ACC109194,257142.75
ACC109195,380851.31
ACC109196,42014.47
ACC109197,650824.32
ACC109198,709829.06
ACC109199,269241.84
ACC109200,625648.88
ACC109201,196149.55
ACC109202,318640.45
ACC109203,22711.72
ACC109204,831852.75
ACC109205,964778.31
ACC109206,343042.85
ACC109207,829891.40
ACC109208,677277.11
ACC109209,324793.34
ACC109210,17005.69
ACC109211,261221.45
ACC109212,230677.40
ACC109213,270416.86
ACC109214,25202.83
ACC109215,525353.29
ACC109216,357116.85
ACC109217,514935.77
ACC109218,424045.09
ACC109219,821282.01
ACC109220,486914.09
ACC109221,346349.85
ACC109222,89603.07
ACC109223,843501.29
ACC109224,379728.51
ACC109225,75704.64
ACC109226,660758.93
ACC109227,121798.37
ACC109228,93425.72
ACC109229,914116.27
ACC109230,745641.77
ACC109231,872569.39
ACC109232,675050.57
ACC109233,746476.93
ACC109234,222556.60
ACC109235,514737.04
ACC109236,837358.36
ACC109237,247750.45
ACC109238,993207.53
ACC109239,880491.65
ACC109240,678915.37
ACC109241,801624.31
ACC109242,416046.11
ACC109243,89151.80
ACC109244,968778.11
ACC109245,641079.76
ACC109246,131041.96
ACC109247,721455.65
ACC109248,888195.72
ACC109249,326173.63
ACC109250,54077.31
ACC109251,991544.25
ACC109252,881653.67
ACC109253,235995.91
ACC109254,99508.68
ACC109255,374787.05
ACC109256,517886.92
ACC109257,279374.34
ACC109258,603218.76
ACC109259,111426.57
ACC109260,428238.99
ACC109261,482441.79
ACC109262,215697.68
ACC109263,268782.00
ACC109264,204928.87
ACC109265,980665.46
ACC109266,585347.52
ACC109267,498453.24
ACC109268,895410.89
ACC109269,338356.20
ACC109270,856295.70
ACC109271,279605.24
ACC109272,141072.96
ACC109273,950033.74
ACC109274,862532.07
ACC109275,944989.26
ACC109276,169016.65
ACC109277,45318.86
ACC109278,221151.41
ACC109279,502870.30
ACC109280,104598.61
ACC109281,252255.72
ACC109282,111887.43
ACC109283,615482.12
ACC109284,549785.32
ACC109285,933137.44
ACC109286,237965.64
ACC109287,213019.63
ACC109288,188183.71
ACC109289,862015.57
ACC109290,634582.80
ACC109291,411504.20
ACC109292,421858.75
ACC109293,824119.13
ACC109294,296036.15
ACC109295,583121.61
ACC109296,277734.18
ACC109297,774390.87
ACC109298,340681.00
ACC109299,828833.49
ACC109300,622495.71
ACC109301,695268.89
ACC109302,314486.64
ACC109303,155201.40
ACC109304,544476.84
ACC109305,612698.79
ACC109306,458989.43
ACC109307,270439.23
ACC109308,179004.85
ACC109309,884156.49
ACC109310,247909.71
ACC109311,18723.27
ACC109312,510120.88
ACC109313,153194.58
ACC109314,358602.38
ACC109315,996740.02
ACC109316,876460.47
ACC109317,21694.49
ACC109318,209853.47
ACC109319,262341.27
ACC109320,432391.74
ACC109321,53614.68
ACC109322,616314.36
ACC109323,442001.31
ACC109324,767256.18
ACC109325,222569.55
ACC109326,692081.41
ACC109327,201535.46
ACC109328,95743.07
ACC109329,560056.64
ACC109330,71584.06
ACC109331,323239.79
ACC109332,541050.99
ACC109333,531569.01
ACC109334,625035.32
ACC109335,282251.08
ACC109336,239550.79
ACC109337,104187.97
ACC109338,578228.56
ACC109339,875501.55
ACC109340,391162.52
ACC109341,471545.13
ACC109342,182430.84
ACC109343,838157.57
ACC109344,223594.05
ACC109345,910276.31
ACC109346,739527.69
ACC109347,264881.35
ACC109348,900962.16
ACC109349,146259.02
ACC109350,630415.54
ACC109351,56644.90
ACC109352,628128.08
ACC109353,269032.73
ACC109354,750918.09
ACC109355,668150.19
ACC109356,931326.48
ACC109357,428846.56
ACC109358,699218.82
ACC109359,686174.22
ACC109360,923353.25
ACC109361,832760.71
ACC109362,131956.66
ACC109363,975358.37
ACC109364,587700.17
ACC109365,84148.47
ACC109366,92723.77
ACC109367,615100.02
ACC109368,410585.18
ACC109369,273802.84
ACC109370,76733.07
ACC109371,869281.09
ACC109372,762824.69
ACC109373,780646.62
ACC109374,208890.49
ACC109375,119581.08
ACC109376,984930.67
ACC109377,95777.44
ACC109378,619411.16
ACC109379,693074.07
ACC109380,898687.40
ACC109381,505249.00
ACC109382,311460.25
ACC109383,415697.39
ACC109384,616774.01
ACC109385,374597.24
ACC109386,879078.69
ACC109387,575005.97
ACC109388,818746.35
ACC109389,691665.20
ACC109390,510870.84
ACC109391,78390.10
ACC109392,356878.37
ACC109393,913762.37
ACC109394,995585.32
ACC109395,546635.26
ACC109396,848984.50
ACC109397,150614.91
ACC109398,389812.16
ACC109399,97341.89
ACC109400,397407.07
ACC109401,835919.83
ACC109402,655548.46
ACC109403,668298.33
ACC109404,633849.02
ACC109405,617611.55
ACC109406,176352.09
ACC109407,867414.74
ACC109408,568669.27
ACC109409,760181.71
ACC109410,245206.50
ACC109411,423276.20
ACC109412,270629.71
ACC109413,471562.86
ACC109414,725062.28
ACC109415,398762.39
ACC109416,108894.80
ACC109417,82194.04
ACC109418,24299.59
ACC109419,849507.10
ACC109420,703331.41
ACC109421,944931.35
ACC109422,794073.46
ACC109423,309234.73
ACC109424,701843.03
ACC109425,931449.01
ACC109426,882656.88
ACC109427,255211.92
ACC109428,564595.32
ACC109429,883696.10
ACC109430,253489.90
ACC109431,669191.20
ACC109432,194550.05
ACC109433,927832.10
ACC109434,588670.73
ACC109435,352299.88
ACC109436,761723.43
ACC109437,912858.44
ACC109438,288093.08
ACC109439,656340.50
ACC109440,295019.26
ACC109441,666896.82
ACC109442,476337.05
ACC109443,288921.46
ACC109444,630361.35
ACC109445,490733.69
ACC109446,814763.69
ACC109447,445723.55
ACC109448,317159.81
ACC109449,630859.01
ACC109450,145041.61
ACC109451,860035.94
ACC109452,416893.57
ACC109453,292771.09
ACC109454,532552.11
ACC109455,997457.36
ACC109456,767777.71
ACC109457,89802.90
ACC109458,563772.06
ACC109459,832360.63
ACC109460,348106.47
ACC109461,833144.08
ACC109462,320826.96
ACC109463,632356.45
ACC109464,227924.14
ACC109465,905091.19
ACC109466,578935.17
ACC109467,237568.95
ACC109468,654173.27
ACC109469,359853.19
ACC109470,58431.03
ACC109471,403049.37
ACC109472,908405.88
ACC109473,584471.31
ACC109474,782459.35
ACC109475,985104.66
ACC109476,228515.95
ACC109477,256583.60
ACC109478,964275.05
ACC109479,815707.46
ACC109480,886762.26
ACC109481,765869.89
ACC109482,234361.64
ACC109483,343479.29
ACC109484,765598.56
ACC109485,692059.88
ACC109486,67298.07
ACC109487,425002.84
ACC109488,780513.64
ACC109489,134368.04
ACC109490,491459.17
ACC109491,806420.22
ACC109492,695206.88
ACC109493,195139.56
ACC109494,291224.91
ACC109495,142413.07
ACC109496,388985.76
ACC109497,424349.07
ACC109498,951404.92
ACC109499,707736.10
ACC109500,109268.90
ACC109501,211388.20
ACC109502,487049.91
ACC109503,515489.56
ACC109504,683515.09
ACC109505,946311.35
ACC109506,458726.92
ACC109507,486267.45
ACC109508,504770.76
ACC109509,104377.98
ACC109510,283676.80
ACC109511,273206.74
ACC109512,43339.20
ACC109513,885338.17
ACC109514,567051.24
ACC109515,349788.99
ACC109516,243823.19
ACC109517,982451.99
ACC109518,424644.48
ACC109519,720009.69
ACC109520,611977.72
ACC109521,155716.88
ACC109522,159187.87
ACC109523,974231.47
ACC109524,739432.85
ACC109525,349196.18
ACC109526,296368.21
ACC109527,18676.63
ACC109528,306407.63
ACC109529,733699.61
ACC109530,84259.72
ACC109531,312089.56
ACC109532,13033.03
ACC109533,413361.84
ACC109534,540826.08
ACC109535,259614.37
ACC109536,708838.49
ACC109537,737897.44
ACC109538,88553.92
ACC109539,621383.69
ACC109540,17329.19
ACC109541,671479.83
ACC109542,83120.18
ACC109543,961703.08
ACC109544,928391.49
ACC109545,504300.71
ACC109546,264275.46
ACC109547,474042.38
ACC109548,905512.97
ACC109549,73909.63
ACC109550,911842.55
ACC109551,417308.09
ACC109552,237487.49
ACC109553,550417.24
ACC109554,677882.70
ACC109555,210072.73
ACC109556,225400.44
ACC109557,672564.85
ACC109558,537675.31
ACC109559,801575.72
ACC109560,855248.66
ACC109561,280520.63
ACC109562,17184.54
ACC109563,51385.89
ACC109564,414548.23
ACC109565,936057.63
ACC109566,813154.65
ACC109567,343630.43
ACC109568,517718.34
ACC109569,591501.27
ACC109570,283878.75
ACC109571,36645.09
ACC109572,499903.15
ACC109573,825503.99
ACC109574,664028.54
ACC109575,654790.26
ACC109576,362203.65
ACC109577,916311.71
ACC109578,55711.39
ACC109579,296002.88
ACC109580,623039.36
ACC109581,381732.44
ACC109582,920137.75
ACC109583,136418.00
ACC109584,440546.08
ACC109585,299498.93
ACC109586,669936.87
ACC109587,432095.45
ACC109588,739538.05
ACC109589,552137.96
ACC109590,181249.76
ACC109591,77525.07
ACC109592,963623.97
ACC109593,466815.65
ACC109594,427258.26
ACC109595,981160.57
ACC109596,828564.26
ACC109597,382923.55
ACC109598,500775.54
ACC109599,799745.57
ACC109600,896892.26
ACC109601,188402.59
ACC109602,672927.76
ACC109603,275646.71
ACC109604,296195.57
ACC109605,789971.51
ACC109606,337798.57
ACC109607,104797.26
ACC109608,624263.78
ACC109609,182534.38
ACC109610,339186.88
ACC109611,77180.57
ACC109612,443557.27
ACC109613,619086.63
ACC109614,985346.00
ACC109615,587047.19
ACC109616,795137.00
ACC109617,434420.74
ACC109618,330725.82
ACC109619,926259.74
ACC109620,258318.69
ACC109621,653853.78
ACC109622,460331.52
ACC109623,941298.63
ACC109624,606874.68
ACC109625,762055.57
ACC109626,772342.34
ACC109627,82538.40
ACC109628,785605.53
ACC109629,786851.42
ACC109630,568099.68
ACC109631,103416.95
ACC109632,12538.42
ACC109633,858605.88
ACC109634,125479.00
ACC109635,227072.60
ACC109636,911882.72
ACC109637,567463.89
ACC109638,632001.29
ACC109639,738911.23
ACC109640,691183.57
ACC109641,248332.84
ACC109642,477819.17
ACC109643,715392.68
ACC109644,312862.48
ACC109645,717034.37
ACC109646,135929.83
ACC109647,822089.26
ACC109648,865519.19
ACC109649,820537.08
ACC109650,787621.03
ACC109651,837769.86
ACC109652,813992.49
ACC109653,479600.66
ACC109654,105248.09
ACC109655,905902.56
ACC109656,89237.93
ACC109657,993520.60
ACC109658,701969.51
ACC109659,240544.19
ACC109660,629578.55
ACC109661,773956.05
ACC109662,229035.18
ACC109663,480099.11
ACC109664,673820.27
ACC109665,508057.20
ACC109666,195625.73
ACC109667,719881.19
ACC109668,944096.65
ACC109669,590277.46
ACC109670,854083.37
ACC109671,622800.60
ACC109672,592118.08
ACC109673,447363.80
ACC109674,324653.62
ACC109675,976824.24
ACC109676,986749.06
ACC109677,62063.04
ACC109678,418574.49
ACC109679,698121.71
ACC109680,663521.87
ACC109681,158064.86
ACC109682,736503.54
ACC109683,920009.88
ACC109684,567819.09
ACC109685,131621.42
ACC109686,920865.58
ACC109687,859948.32
ACC109688,563016.76
ACC109689,914141.99
ACC109690,715732.43
ACC109691,669913.25
ACC109692,582879.28
ACC109693,854854.71
ACC109694,606313.54
ACC109695,589492.02
ACC109696,23931.55
ACC109697,673361.01
ACC109698,892040.24
ACC109699,455990.98
ACC109700,158407.66
ACC109701,638577.58
ACC109702,822568.25
ACC109703,571738.09
ACC109704,71685.82
ACC109705,163168.48
ACC109706,14802.38
ACC109707,915588.51
ACC109708,249866.76
ACC109709,931114.55
ACC109710,781264.20
ACC109711,613403.95
ACC109712,363339.53
ACC109713,190550.26
ACC109714,255777.77
ACC109715,580979.10
ACC109716,980800.05
ACC109717,344417.57
ACC109718,741540.04
ACC109719,412525.64
ACC109720,835250.06
ACC109721,17843.84
ACC109722,99172.36
ACC109723,458401.93
ACC109724,59000.66
ACC109725,53446.28
ACC109726,718315.76
ACC109727,337289.11
ACC109728,268641.16
ACC109729,953996.91
ACC109730,655737.44
ACC109731,110466.00
ACC109732,843306.75
ACC109733,986053.01
ACC109734,875757.31
ACC109735,609223.79
ACC109736,470388.51
ACC109737,748264.34
ACC109738,995082.96
ACC109739,590787.52
ACC109740,272078.49
ACC109741,294114.61
ACC109742,113858.32
ACC109743,503375.43
ACC109744,263826.74
ACC109745,260835.58
ACC109746,907885.08
ACC109747,127227.70
ACC109748,371911.32
ACC109749,784153.62
ACC109750,493568.49
ACC109751,415575.69
ACC109752,361882.48
ACC109753,572384.91
ACC109754,57167.80
ACC109755,377598.20
ACC109756,192639.89
ACC109757,703190.63
ACC109758,643398.54
ACC109759,984425.30
ACC109760,842338.15
ACC109761,622036.54
ACC109762,545338.56
ACC109763,739201.42
ACC109764,502187.87
ACC109765,823070.11
ACC109766,147931.04
ACC109767,633108.12
ACC109768,912531.16
ACC109769,760736.87
ACC109770,371157.06
ACC109771,21072.75
ACC109772,362317.68
ACC109773,674002.06
ACC109774,536167.43
ACC109775,73653.54
ACC109776,998293.18
ACC109777,34525.90
ACC109778,148317.47
ACC109779,285292.17
ACC109780,593835.58
ACC109781,575561.46
ACC109782,615140.21
ACC109783,783764.00
ACC109784,509434.28
ACC109785,999700.36
ACC109786,164823.26
ACC109787,981232.12
ACC109788,677306.01
ACC109789,620887.90
ACC109790,971720.44
ACC109791,553825.03
ACC109792,721576.56
ACC109793,479360.24
ACC109794,749834.82
ACC109795,454109.02
ACC109796,632830.56
ACC109797,887327.26
ACC109798,43050.25
ACC109799,339215.03
ACC109800,681641.89
ACC109801,358331.39
ACC109802,352169.13
ACC109803,376705.57
ACC109804,859945.77
ACC109805,464258.12
ACC109806,43529.66
ACC109807,270531.86
ACC109808,31798.55
ACC109809,490956.06
ACC109810,832131.27
ACC109811,980631.02
ACC109812,96194.76
ACC109813,66344.51
ACC109814,693787.80
ACC109815,541853.62
ACC109816,124171.41
ACC109817,393743.66
ACC109818,15857.80
ACC109819,950986.50
ACC109820,810427.18
ACC109821,377957.75
ACC109822,524568.13
ACC109823,374650.43
ACC109824,986120.42
ACC109825,12373.95
ACC109826,318851.11
ACC109827,255802.85
ACC109828,904382.23
ACC109829,402009.12
ACC109830,35957.20
ACC109831,382464.90
ACC109832,853391.88
ACC109833,990044.92
ACC109834,122885.03
ACC109835,469117.84
ACC109836,343609.54
ACC109837,333935.79
ACC109838,249886.66
ACC109839,48978.01
ACC109840,285947.40
ACC109841,211657.32
ACC109842,177960.83
ACC109843,364060.17
ACC109844,106282.40
ACC109845,859082.18
ACC109846,341338.42
ACC109847,99578.06
ACC109848,258775.29
ACC109849,315828.26
ACC109850,128493.78
ACC109851,639807.35
ACC109852,785958.19
ACC109853,919218.77
ACC109854,261182.43
ACC109855,984049.22
ACC109856,697488.60
ACC109857,734225.95
ACC109858,110409.63
ACC109859,213784.64
ACC109860,511840.66
ACC109861,201440.86
ACC109862,651076.76
ACC109863,815497.67
ACC109864,236015.26
ACC109865,385217.85
ACC109866,833330.81
ACC109867,417972.37
ACC109868,17598.63
ACC109869,970189.03
ACC109870,518360.00
ACC109871,318131.84
ACC109872,201184.19
ACC109873,826324.20
ACC109874,759532.16
ACC109875,25688.57
ACC109876,167296.06
ACC109877,150633.98
ACC109878,316365.01
ACC109879,804014.42
ACC109880,236512.76
ACC109881,897469.51
ACC109882,128845.58
ACC109883,912714.46
ACC109884,264487.85
ACC109885,439167.63
ACC109886,503084.54
ACC109887,256402.82
ACC109888,944999.80
ACC109889,864523.75
ACC109890,46193.59
ACC109891,844129.45
ACC109892,768036.31
ACC109893,164242.48
ACC109894,748617.65
ACC109895,764795.83
ACC109896,468229.11
ACC109897,660125.84
ACC109898,935931.30
ACC109899,615723.56
ACC109900,425702.88
ACC109901,78302.06
ACC109902,259327.12
ACC109903,214303.38
ACC109904,876588.06
ACC109905,826281.28
ACC109906,954676.60
ACC109907,556353.79
ACC109908,854069.79
ACC109909,169044.07
ACC109910,924137.33
ACC109911,779456.40
ACC109912,892906.09
ACC109913,160726.29
ACC109914,151808.15
ACC109915,255111.97
ACC109916,160846.43
ACC109917,415758.49
ACC109918,385902.26
ACC109919,690074.39
ACC109920,229317.41
ACC109921,156550.69
ACC109922,574310.88
ACC109923,774671.16
ACC109924,23114.92
ACC109925,853983.19
ACC109926,998273.51
ACC109927,334307.58
ACC109928,474653.30
ACC109929,832071.57
ACC109930,680148.77
ACC109931,939677.92
ACC109932,392569.82
ACC109933,519218.79
ACC109934,485997.68
ACC109935,551470.95
ACC109936,587167.91
ACC109937,515450.01
ACC109938,491844.51
ACC109939,326557.45
ACC109940,796306.54
ACC109941,37945.25
ACC109942,664073.23
ACC109943,914787.35
ACC109944,144902.77
ACC109945,516043.02
ACC109946,509445.78
ACC109947,48598.91
ACC109948,719213.05
ACC109949,11682.26
ACC109950,528696.13
ACC109951,111656.92
ACC109952,983494.50
ACC109953,21982.99
ACC109954,419557.75
ACC109955,597688.09
ACC109956,711519.73
ACC109957,457335.64
ACC109958,670424.16
ACC109959,776569.69
ACC109960,78730.49
ACC109961,470976.55
ACC109962,914621.65
ACC109963,211554.61
ACC109964,172562.05
ACC109965,874571.96
ACC109966,667489.60
ACC109967,589279.14
ACC109968,438657.16
ACC109969,278815.46
ACC109970,304118.92
ACC109971,452900.86
ACC109972,879310.54
ACC109973,758463.53
ACC109974,74689.81
ACC109975,208353.35
ACC109976,687545.51
ACC109977,657591.28
ACC109978,616880.67
ACC109979,194279.69
ACC109980,825723.12
ACC109981,623145.86
ACC109982,10785.54
ACC109983,447721.18
ACC109984,501518.63
ACC109985,933106.33
ACC109986,521182.42
ACC109987,40088.43
ACC109988,806474.08
ACC109989,879730.18
ACC109990,614836.78
ACC109991,951330.73
ACC109992,893145.94
ACC109993,628472.92
ACC109994,156803.18
ACC109995,854546.00
ACC109996,886114.65
ACC109997,119212.53
ACC109998,779405.34
ACC109999,988536.97
