TXN202600000001,ACC108286,1380.13,WITHDRAWAL,2026-06-14 03:13:08
TXN202600000002,ACC105697,3251.51,DEPOSIT,2026-02-16 05:53:32
TXN202600000003,ACC109617,3960.69,DEPOSIT,2026-02-11 14:42:19
TXN202600000004,ACC107830,4475.53,DEPOSIT,2026-07-20 23:20:27
TXN202600000005,ACC100175,2006.27,DEPOSIT,2026-08-22 05:10:57
TXN202600000006,ACC100646,2003.60,WITHDRAWAL,2026-10-23 03:17:32
TXN202600000007,ACC104646,1968.01,DEPOSIT,2026-07-16 10:49:12
TXN202600000008,ACC102195,3397.75,DEPOSIT,2026-03-21 09:31:22
TXN202600000009,ACC100475,4571.36,DEPOSIT,2026-01-02 05:11:43
TXN202600000010,ACC104197,3107.16,DEPOSIT,2026-03-09 10:38:21
TXN202600000011,ACC108863,1167.56,WITHDRAWAL,2026-11-21 10:03:22
TXN202600000012,ACC108657,798.40,DEPOSIT,2026-02-12 20:23:16
TXN202600000013,ACC109227,3009.30,DEPOSIT,2026-10-14 16:28:49
TXN202600000014,ACC102040,497.94,REVERSAL,2026-08-12 11:25:58
TXN202600000015,ACC101179,3602.17,DEPOSIT,2026-12-26 23:59:53
TXN202600000016,ACC100091,2833.89,DEPOSIT,2026-08-12 00:06:42
TXN202600000017,ACC100119,103.08,REVERSAL,2026-01-12 20:57:49
TXN202600000018,ACC100747,4539.83,DEPOSIT,2026-09-07 16:32:49
TXN202600000019,ACC107758,3280.08,DEPOSIT,2026-03-21 12:25:12
TXN202600000020,ACC104814,578.50,WITHDRAWAL,2026-02-17 04:49:42
TXN202600000021,ACC104812,379.68,REVERSAL,2026-07-14 02:55:04
TXN202600000022,ACC103035,1356.24,DEPOSIT,2026-02-02 16:26:49
TXN202600000023,ACC104842,1073.77,REVERSAL,2026-01-14 22:48:02
TXN202600000024,ACC101447,4750.27,DEPOSIT,2026-01-14 02:31:05
TXN202600000025,ACC109382,3991.49,DEPOSIT,2026-07-15 20:05:12
TXN202600000026,ACC101609,4640.50,DEPOSIT,2026-06-11 17:53:53
TXN202600000027,ACC105928,1401.86,WITHDRAWAL,2026-09-15 22:39:57
TXN202600000028,ACC109321,556.50,DEPOSIT,2026-01-06 06:29:54
TXN202600000029,ACC100020,2050.37,DEPOSIT,2026-01-23 07:41:09
TXN202600000030,ACC105239,423.36,WITHDRAWAL,2026-04-20 19:36:15
TXN202600000031,ACC108911,1988.36,WITHDRAWAL,2026-11-15 05:06:11
TXN202600000032,ACC101862,3425.91,DEPOSIT,2026-07-17 15:21:04
TXN202600000033,ACC104297,4612.91,DEPOSIT,2026-04-01 09:27:55
TXN202600000034,ACC105735,850.66,DEPOSIT,2026-05-24 03:39:05
TXN202600000035,ACC107513,1662.53,DEPOSIT,2026-12-12 14:20:47
TXN202600000036,ACC109907,4481.24,DEPOSIT,2026-07-02 20:21:32
TXN202600000037,ACC105527,172.05,WITHDRAWAL,2026-10-02 04:10:22
TXN202600000038,ACC103169,1235.65,WITHDRAWAL,2026-12-17 05:48:51
TXN202600000039,ACC103523,1995.73,DEPOSIT,2026-12-07 15:56:40
TXN202600000040,ACC109606,1976.64,WITHDRAWAL,2026-02-09 08:54:21
TXN202600000041,ACC100835,2198.06,DEPOSIT,2026-11-04 09:11:30
TXN202600000042,ACC103947,822.90,WITHDRAWAL,2026-08-13 01:09:26
TXN202600000043,ACC109963,413.94,WITHDRAWAL,2026-02-15 16:54:18
TXN202600000044,ACC104872,2929.77,DEPOSIT,2026-04-12 22:11:41
TXN202600000045,ACC106950,1672.23,DEPOSIT,2026-02-26 21:40:50
TXN202600000046,ACC109248,651.22,DEPOSIT,2026-01-27 14:50:22
TXN202600000047,ACC106257,508.74,DEPOSIT,2026-02-12 10:56:46
TXN202600000048,ACC105301,107.44,REVERSAL,2026-02-27 13:09:14
TXN202600000049,ACC106935,4954.48,DEPOSIT,2026-06-20 15:06:24
TXN202600000050,ACC109915,1406.26,DEPOSIT,2026-06-12 17:26:45
TXN202600000051,ACC106040,582.20,WITHDRAWAL,2026-06-07 09:55:58
TXN202600000052,ACC106985,592.68,REVERSAL,2026-09-09 12:35:10
TXN202600000053,ACC102036,4368.37,DEPOSIT,2026-10-01 15:08:43
TXN202600000054,ACC107194,3856.69,DEPOSIT,2026-08-08 23:47:13
TXN202600000055,ACC105764,2026.66,WITHDRAWAL,2026-08-25 10:33:37
TXN202600000056,ACC101763,723.17,REVERSAL,2026-09-22 15:13:49
TXN202600000057,ACC101480,2445.73,DEPOSIT,2026-09-26 16:17:19
TXN202600000058,ACC100541,610.22,WITHDRAWAL,2026-01-28 14:43:37
TXN202600000059,ACC100923,3614.42,DEPOSIT,2026-05-11 13:15:23
TXN202600000060,ACC108019,4529.70,DEPOSIT,2026-03-21 16:30:59
TXN202600000061,ACC104915,4558.02,DEPOSIT,2026-06-10 22:03:16
TXN202600000062,ACC103751,598.35,DEPOSIT,2026-09-27 23:23:32
TXN202600000063,ACC104054,4548.28,DEPOSIT,2026-08-04 19:50:07
TXN202600000064,ACC100205,3107.84,DEPOSIT,2026-02-09 13:20:15
TXN202600000065,ACC104423,979.05,DEPOSIT,2026-01-10 00:12:19
TXN202600000066,ACC102089,1802.70,WITHDRAWAL,2026-08-07 06:41:28
TXN202600000067,ACC108430,2289.12,DEPOSIT,2026-03-12 00:27:07
TXN202600000068,ACC107893,1253.54,WITHDRAWAL,2026-09-13 00:24:48
TXN202600000069,ACC108166,198.22,WITHDRAWAL,2026-07-15 15:57:35
TXN202600000070,ACC108268,1361.76,WITHDRAWAL,2026-02-07 16:15:31
TXN202600000071,ACC100561,325.81,WITHDRAWAL,2026-01-21 02:32:03
TXN202600000072,ACC109506,3389.13,DEPOSIT,2026-07-22 02:08:27
TXN202600000073,ACC108167,1283.98,WITHDRAWAL,2026-05-01 20:27:36
TXN202600000074,ACC102181,938.14,DEPOSIT,2026-05-08 04:16:41
TXN202600000075,ACC106701,1468.25,DEPOSIT,2026-10-14 00:42:37
TXN202600000076,ACC102862,3310.92,DEPOSIT,2026-05-25 07:58:34
TXN202600000077,ACC100560,2068.42,DEPOSIT,2026-05-20 22:07:51
TXN202600000078,ACC104224,2751.73,DEPOSIT,2026-01-25 10:24:16
TXN202600000079,ACC105665,203.17,WITHDRAWAL,2026-01-25 03:27:13
TXN202600000080,ACC106561,1928.07,WITHDRAWAL,2026-07-03 21:47:10
TXN202600000081,ACC103387,3518.88,DEPOSIT,2026-11-22 17:39:36
TXN202600000082,ACC102183,1904.80,WITHDRAWAL,2026-03-13 14:00:14
TXN202600000083,ACC101744,1831.61,WITHDRAWAL,2026-01-14 08:51:06
TXN202600000084,ACC103803,875.76,DEPOSIT,2026-02-14 04:51:34
TXN202600000085,ACC103299,697.60,DEPOSIT,2026-08-17 15:41:26
TXN202600000086,ACC106169,3574.04,DEPOSIT,2026-09-17 14:00:54
TXN202600000087,ACC101871,928.67,REVERSAL,2026-11-15 11:36:56
TXN202600000088,ACC104345,4178.90,DEPOSIT,2026-03-03 14:37:41
TXN202600000089,ACC105813,1127.79,DEPOSIT,2026-10-04 11:37:06
TXN202600000090,ACC108534,942.75,WITHDRAWAL,2026-08-04 07:59:07
TXN202600000091,ACC102915,1084.16,WITHDRAWAL,2026-01-03 05:07:31
TXN202600000092,ACC109259,3107.58,DEPOSIT,2026-10-24 23:58:43
TXN202600000093,ACC109985,1657.03,DEPOSIT,2026-06-15 00:39:31
TXN202600000094,ACC100574,3720.04,DEPOSIT,2026-02-09 03:39:47
TXN202600000095,ACC100662,882.55,WITHDRAWAL,2026-02-21 15:19:30
TXN202600000096,ACC108614,1084.89,DEPOSIT,2026-07-05 14:25:01
TXN202600000097,ACC104536,4473.66,DEPOSIT,2026-12-21 06:52:35
TXN202600000098,ACC103559,1445.38,WITHDRAWAL,2026-03-13 22:27:16
TXN202600000099,ACC109601,1249.15,DEPOSIT,2026-11-17 12:43:57
TXN202600000100,ACC108798,4736.25,DEPOSIT,2026-01-01 03:29:15
TXN202600000101,ACC106461,1371.73,WITHDRAWAL,2026-10-23 13:16:44
TXN202600000102,ACC102246,1592.34,WITHDRAWAL,2026-11-07 11:54:58
TXN202600000103,ACC103968,1631.61,DEPOSIT,2026-10-19 10:57:36
TXN202600000104,ACC102393,1636.94,WITHDRAWAL,2026-05-19 14:43:49
TXN202600000105,ACC104501,4700.90,DEPOSIT,2026-05-28 23:14:40
TXN202600000106,ACC102771,2003.48,DEPOSIT,2026-02-05 19:35:06
TXN202600000107,ACC106883,4481.68,DEPOSIT,2026-02-12 01:55:06
TXN202600000108,ACC104801,1101.37,DEPOSIT,2026-03-23 14:10:35
TXN202600000109,ACC107705,731.37,WITHDRAWAL,2026-10-28 02:49:33
TXN202600000110,ACC104855,780.51,DEPOSIT,2026-10-23 23:01:28
TXN202600000111,ACC109145,4723.65,DEPOSIT,2026-09-18 09:22:28
TXN202600000112,ACC102992,1682.31,DEPOSIT,2026-04-28 23:59:30
TXN202600000113,ACC107601,2683.49,DEPOSIT,2026-05-10 19:27:53
TXN202600000114,ACC103583,4867.47,DEPOSIT,2026-08-16 00:22:57
TXN202600000115,ACC109285,4235.07,DEPOSIT,2026-04-09 00:35:34
TXN202600000116,ACC105747,801.81,DEPOSIT,2026-12-05 17:21:57
TXN202600000117,ACC100825,4072.47,DEPOSIT,2026-01-20 19:25:54
TXN202600000118,ACC106232,1890.03,WITHDRAWAL,2026-03-09 21:18:09
TXN202600000119,ACC102011,3124.58,DEPOSIT,2026-11-05 02:40:48
TXN202600000120,ACC103224,987.27,DEPOSIT,2026-10-10 00:32:25
TXN202600000121,ACC101309,900.96,DEPOSIT,2026-01-16 22:11:22
TXN202600000122,ACC103458,1389.91,DEPOSIT,2026-02-19 21:34:46
TXN202600000123,ACC107840,4736.04,DEPOSIT,2026-10-12 15:37:34
TXN202600000124,ACC109026,971.20,DEPOSIT,2026-07-17 14:47:48
TXN202600000125,ACC102893,1226.15,WITHDRAWAL,2026-04-10 06:27:28
TXN202600000126,ACC108926,3334.56,DEPOSIT,2026-02-22 00:58:55
TXN202600000127,ACC107583,1818.86,DEPOSIT,2026-08-27 16:25:47
TXN202600000128,ACC102722,2485.13,DEPOSIT,2026-02-11 02:28:42
TXN202600000129,ACC105564,2749.07,DEPOSIT,2026-10-10 12:07:24
TXN202600000130,ACC105058,1171.41,WITHDRAWAL,2026-02-22 02:21:58
TXN202600000131,ACC101296,174.29,REVERSAL,2026-02-13 09:04:37
TXN202600000132,ACC104397,1978.08,DEPOSIT,2026-06-06 04:24:27
TXN202600000133,ACC108282,3208.84,DEPOSIT,2026-04-17 23:49:15
TXN202600000134,ACC102033,4118.29,DEPOSIT,2026-04-23 00:22:21
TXN202600000135,ACC108673,1537.65,DEPOSIT,2026-09-13 16:24:12
TXN202600000136,ACC109034,3765.33,DEPOSIT,2026-09-10 14:37:42
TXN202600000137,ACC107855,4537.17,DEPOSIT,2026-08-08 02:52:24
TXN202600000138,ACC109173,1055.70,REVERSAL,2026-02-18 00:50:04
TXN202600000139,ACC106751,1788.10,DEPOSIT,2026-11-03 19:29:35
TXN202600000140,ACC106322,4474.56,DEPOSIT,2026-10-18 20:41:39
TXN202600000141,ACC104162,170.98,REVERSAL,2026-02-14 10:42:07
TXN202600000142,ACC101192,616.95,REVERSAL,2026-06-19 12:47:41
TXN202600000143,ACC101771,2988.24,DEPOSIT,2026-10-16 06:23:12
TXN202600000144,ACC101664,2284.29,DEPOSIT,2026-08-02 20:49:29
TXN202600000145,ACC106331,2549.16,DEPOSIT,2026-07-21 20:45:06
TXN202600000146,ACC102131,2187.49,DEPOSIT,2026-12-27 23:56:26
TXN202600000147,ACC104119,649.17,DEPOSIT,2026-01-11 02:13:19
TXN202600000148,ACC102576,4842.42,DEPOSIT,2026-04-13 14:21:28
TXN202600000149,ACC104294,4147.36,DEPOSIT,2026-12-13 19:40:22
TXN202600000150,ACC109991,369.28,WITHDRAWAL,2026-03-17 22:15:26
TXN202600000151,ACC107879,3308.77,DEPOSIT,2026-12-12 06:01:28
TXN202600000152,ACC104322,3411.30,DEPOSIT,2026-03-09 04:05:08
TXN202600000153,ACC101632,2670.12,DEPOSIT,2026-11-10 08:53:18
TXN202600000154,ACC106626,3213.41,DEPOSIT,2026-08-14 16:01:51
TXN202600000155,ACC103315,724.37,WITHDRAWAL,2026-07-21 10:00:16
TXN202600000156,ACC108246,1710.38,DEPOSIT,2026-01-23 19:43:40
TXN202600000157,ACC103513,2702.16,DEPOSIT,2026-09-03 08:38:16
TXN202600000158,ACC108823,2373.64,DEPOSIT,2026-02-26 22:06:21
TXN202600000159,ACC102129,1218.91,DEPOSIT,2026-11-08 23:24:23
TXN202600000160,ACC107535,1707.51,WITHDRAWAL,2026-02-14 08:49:07
TXN202600000161,ACC101939,3205.35,DEPOSIT,2026-11-14 17:14:14
TXN202600000162,ACC105320,1085.25,WITHDRAWAL,2026-08-18 11:55:29
TXN202600000163,ACC108733,171.61,WITHDRAWAL,2026-03-02 08:38:16
TXN202600000164,ACC109746,4841.37,DEPOSIT,2026-08-04 03:25:30
TXN202600000165,ACC101055,600.96,REVERSAL,2026-09-17 12:22:37
TXN202600000166,ACC109869,2488.92,DEPOSIT,2026-05-02 12:05:39
TXN202600000167,ACC104482,1462.20,DEPOSIT,2026-12-20 11:43:15
TXN202600000168,ACC101429,4915.01,DEPOSIT,2026-03-27 07:16:27
TXN202600000169,ACC100228,3643.97,DEPOSIT,2026-05-07 12:29:41
TXN202600000170,ACC102572,702.69,WITHDRAWAL,2026-10-02 09:30:40
TXN202600000171,ACC104320,444.23,WITHDRAWAL,2026-01-02 07:01:18
TXN202600000172,ACC108162,2813.71,DEPOSIT,2026-07-27 16:25:47
TXN202600000173,ACC104249,2010.41,WITHDRAWAL,2026-12-06 21:50:22
TXN202600000174,ACC100688,4863.02,DEPOSIT,2026-09-27 10:36:16
TXN202600000175,ACC109766,438.09,WITHDRAWAL,2026-03-25 15:57:52
TXN202600000176,ACC107235,2009.02,WITHDRAWAL,2026-09-10 19:30:44
TXN202600000177,ACC104263,3244.01,DEPOSIT,2026-02-09 22:43:44
TXN202600000178,ACC108292,2817.28,DEPOSIT,2026-04-17 02:23:48
TXN202600000179,ACC107398,2465.98,DEPOSIT,2026-06-18 22:43:20
TXN202600000180,ACC109060,1897.73,WITHDRAWAL,2026-02-21 17:59:15
TXN202600000181,ACC109994,2135.72,DEPOSIT,2026-02-08 06:42:20
TXN202600000182,ACC103014,958.06,DEPOSIT,2026-12-15 23:33:56
TXN202600000183,ACC105750,1127.77,DEPOSIT,2026-05-18 09:15:06
TXN202600000184,ACC102806,991.98,WITHDRAWAL,2026-05-22 03:59:03
TXN202600000185,ACC107695,1629.23,WITHDRAWAL,2026-04-25 18:26:59
TXN202600000186,ACC102743,3374.51,DEPOSIT,2026-02-28 23:36:58
TXN202600000187,ACC106490,3075.15,DEPOSIT,2026-01-02 07:56:20
TXN202600000188,ACC107193,831.93,DEPOSIT,2026-05-22 23:33:59
TXN202600000189,ACC101685,4390.13,DEPOSIT,2026-09-27 13:56:14
TXN202600000190,ACC100487,880.49,WITHDRAWAL,2026-05-09 04:34:17
TXN202600000191,ACC106764,546.57,REVERSAL,2026-10-02 03:21:34
TXN202600000192,ACC101583,1680.26,DEPOSIT,2026-08-26 09:56:16
TXN202600000193,ACC107309,1705.63,DEPOSIT,2026-02-15 14:15:44
TXN202600000194,ACC108235,3694.08,DEPOSIT,2026-01-18 00:58:30
TXN202600000195,ACC103127,2738.07,DEPOSIT,2026-12-15 16:29:46
TXN202600000196,ACC108957,3707.08,DEPOSIT,2026-05-04 18:52:08
TXN202600000197,ACC104475,897.67,DEPOSIT,2026-04-15 21:29:05
TXN202600000198,ACC104440,3903.41,DEPOSIT,2026-01-24 17:05:42
TXN202600000199,ACC108677,256.00,WITHDRAWAL,2026-11-11 20:08:04
TXN202600000200,ACC102922,4897.35,DEPOSIT,2026-02-16 12:42:00
TXN202600000201,ACC107332,1107.12,DEPOSIT,2026-01-08 22:10:18
TXN202600000202,ACC104582,1167.21,WITHDRAWAL,2026-09-13 22:45:25
TXN202600000203,ACC100806,4396.59,DEPOSIT,2026-03-01 13:45:07
TXN202600000204,ACC103311,3032.61,DEPOSIT,2026-02-21 19:24:10
TXN202600000205,ACC102288,533.50,DEPOSIT,2026-05-13 20:58:38
TXN202600000206,ACC106944,4360.03,DEPOSIT,2026-01-26 16:42:16
TXN202600000207,ACC109002,390.45,REVERSAL,2026-12-11 23:52:54
TXN202600000208,ACC101543,948.34,DEPOSIT,2026-04-22 21:04:59
TXN202600000209,ACC101543,3451.28,DEPOSIT,2026-01-24 06:05:46
TXN202600000210,ACC100816,4551.41,DEPOSIT,2026-03-22 18:45:36
TXN202600000211,ACC102482,4172.71,DEPOSIT,2026-07-05 03:23:19
TXN202600000212,ACC105263,4883.69,DEPOSIT,2026-05-15 02:04:29
TXN202600000213,ACC102646,840.46,WITHDRAWAL,2026-11-25 13:35:45
TXN202600000214,ACC104886,4009.72,DEPOSIT,2026-12-01 16:31:12
TXN202600000215,ACC109109,3944.40,DEPOSIT,2026-03-13 08:34:43
TXN202600000216,ACC107716,1937.47,WITHDRAWAL,2026-10-28 13:52:58
TXN202600000217,ACC105672,1003.13,DEPOSIT,2026-11-12 04:54:57
TXN202600000218,ACC100767,666.17,WITHDRAWAL,2026-11-04 03:28:10
TXN202600000219,ACC107415,4765.98,DEPOSIT,2026-12-11 06:53:03
TXN202600000220,ACC101737,520.68,REVERSAL,2026-11-14 09:09:51
TXN202600000221,ACC103999,3052.62,DEPOSIT,2026-11-21 22:09:08
TXN202600000222,ACC104079,1310.30,DEPOSIT,2026-04-24 19:17:34
TXN202600000223,ACC102241,4905.63,DEPOSIT,2026-02-24 05:14:19
TXN202600000224,ACC109264,567.42,REVERSAL,2026-12-07 20:09:41
TXN202600000225,ACC102922,1916.45,DEPOSIT,2026-04-07 03:24:35
TXN202600000226,ACC104137,873.35,REVERSAL,2026-06-24 02:48:21
TXN202600000227,ACC106365,4157.24,DEPOSIT,2026-06-16 18:54:59
TXN202600000228,ACC102702,856.20,DEPOSIT,2026-11-28 07:06:30
TXN202600000229,ACC102382,616.26,DEPOSIT,2026-06-19 10:08:09
TXN202600000230,ACC101043,364.34,REVERSAL,2026-09-13 07:37:23
TXN202600000231,ACC100457,3629.59,DEPOSIT,2026-03-14 02:34:04
TXN202600000232,ACC107337,1831.17,DEPOSIT,2026-07-06 03:22:40
TXN202600000233,ACC109359,3623.54,DEPOSIT,2026-07-11 23:13:12
TXN202600000234,ACC103573,1654.53,DEPOSIT,2026-09-16 09:57:05
TXN202600000235,ACC101329,2526.84,DEPOSIT,2026-06-12 21:55:11
TXN202600000236,ACC102251,4021.38,DEPOSIT,2026-02-27 20:45:57
TXN202600000237,ACC107541,2667.74,DEPOSIT,2026-01-22 15:32:22
TXN202600000238,ACC107720,551.81,WITHDRAWAL,2026-07-07 23:40:58
TXN202600000239,ACC106295,3850.53,DEPOSIT,2026-11-17 12:04:38
TXN202600000240,ACC102366,4982.12,DEPOSIT,2026-12-12 02:32:21
TXN202600000241,ACC108554,4562.13,DEPOSIT,2026-02-12 15:49:01
TXN202600000242,ACC109033,870.66,DEPOSIT,2026-02-10 14:04:49
TXN202600000243,ACC101420,3920.59,DEPOSIT,2026-05-04 02:48:17
TXN202600000244,ACC109631,1927.79,WITHDRAWAL,2026-02-06 11:42:47
TXN202600000245,ACC105432,3762.76,DEPOSIT,2026-10-20 00:56:36
TXN202600000246,ACC105765,604.15,DEPOSIT,2026-08-17 03:20:42
TXN202600000247,ACC108565,2720.62,DEPOSIT,2026-05-20 22:07:14
TXN202600000248,ACC102909,1439.05,WITHDRAWAL,2026-03-15 01:23:00
TXN202600000249,ACC104045,1241.23,DEPOSIT,2026-01-28 05:25:07
TXN202600000250,ACC109340,1566.32,WITHDRAWAL,2026-04-04 04:40:24
TXN202600000251,ACC100472,3821.61,DEPOSIT,2026-07-20 14:11:24
TXN202600000252,ACC104040,759.50,DEPOSIT,2026-10-20 10:27:37
TXN202600000253,ACC101624,1437.05,WITHDRAWAL,2026-04-12 02:37:02
TXN202600000254,ACC103040,1353.96,WITHDRAWAL,2026-11-17 02:21:25
TXN202600000255,ACC102462,1445.28,WITHDRAWAL,2026-07-02 21:29:15
TXN202600000256,ACC100468,4004.00,DEPOSIT,2026-05-05 02:57:33
TXN202600000257,ACC106107,4273.09,DEPOSIT,2026-08-20 07:36:30
TXN202600000258,ACC107556,589.76,WITHDRAWAL,2026-03-26 17:23:41
TXN202600000259,ACC107537,4411.33,DEPOSIT,2026-01-17 06:23:46
TXN202600000260,ACC107701,2634.37,DEPOSIT,2026-10-26 02:53:08
TXN202600000261,ACC103656,4258.19,DEPOSIT,2026-07-17 19:30:26
TXN202600000262,ACC104543,216.14,REVERSAL,2026-05-09 14:57:57
TXN202600000263,ACC107246,566.27,REVERSAL,2026-04-20 15:05:51
TXN202600000264,ACC104563,831.62,DEPOSIT,2026-06-06 04:40:44
TXN202600000265,ACC103477,4622.89,DEPOSIT,2026-08-21 09:48:11
TXN202600000266,ACC104600,2227.87,DEPOSIT,2026-07-21 16:09:45
TXN202600000267,ACC103569,1427.75,DEPOSIT,2026-06-07 06:50:14
TXN202600000268,ACC100165,1529.92,WITHDRAWAL,2026-01-15 13:48:28
TXN202600000269,ACC100202,3261.08,DEPOSIT,2026-11-12 13:58:11
TXN202600000270,ACC102793,1621.83,DEPOSIT,2026-10-21 15:06:58
TXN202600000271,ACC101613,154.83,WITHDRAWAL,2026-06-11 06:45:46
TXN202600000272,ACC107543,1173.34,WITHDRAWAL,2026-10-27 17:11:47
TXN202600000273,ACC109856,2453.51,DEPOSIT,2026-10-11 23:24:49
TXN202600000274,ACC106862,4254.92,DEPOSIT,2026-01-05 15:27:09
TXN202600000275,ACC104226,4654.27,DEPOSIT,2026-04-23 11:34:21
TXN202600000276,ACC100165,1985.03,WITHDRAWAL,2026-04-15 10:23:13
TXN202600000277,ACC109058,4452.33,DEPOSIT,2026-04-21 14:07:23
TXN202600000278,ACC103861,2268.44,DEPOSIT,2026-07-01 05:55:13
TXN202600000279,ACC105366,4225.07,DEPOSIT,2026-08-11 17:36:52
TXN202600000280,ACC102687,2901.61,DEPOSIT,2026-11-03 08:44:38
TXN202600000281,ACC101549,129.78,WITHDRAWAL,2026-10-10 14:55:46
TXN202600000282,ACC100413,4544.59,DEPOSIT,2026-01-03 09:16:12
TXN202600000283,ACC108623,2197.28,DEPOSIT,2026-03-05 16:55:12
TXN202600000284,ACC104277,3989.04,DEPOSIT,2026-11-06 01:31:24
TXN202600000285,ACC102560,4202.18,DEPOSIT,2026-12-26 19:00:50
TXN202600000286,ACC103880,4703.85,DEPOSIT,2026-09-06 10:29:17
TXN202600000287,ACC102149,1105.23,WITHDRAWAL,2026-08-28 03:37:10
TXN202600000288,ACC108394,3275.82,DEPOSIT,2026-12-17 19:43:24
TXN202600000289,ACC101422,131.05,WITHDRAWAL,2026-11-12 19:30:22
TXN202600000290,ACC106683,2601.89,DEPOSIT,2026-08-27 12:50:03
TXN202600000291,ACC105779,4835.55,DEPOSIT,2026-12-23 04:34:51
TXN202600000292,ACC106051,3741.37,DEPOSIT,2026-08-05 20:27:22
TXN202600000293,ACC104969,960.91,DEPOSIT,2026-02-09 23:47:03
TXN202600000294,ACC100411,3004.28,DEPOSIT,2026-12-13 13:33:45
TXN202600000295,ACC103668,300.90,WITHDRAWAL,2026-06-08 16:17:00
TXN202600000296,ACC103270,3502.85,DEPOSIT,2026-06-06 01:08:52
TXN202600000297,ACC107239,514.12,DEPOSIT,2026-12-16 09:26:02
TXN202600000298,ACC102143,614.87,WITHDRAWAL,2026-02-06 19:56:20
TXN202600000299,ACC109351,1849.94,DEPOSIT,2026-06-26 17:02:31
TXN202600000300,ACC101293,2800.70,DEPOSIT,2026-08-12 04:14:42
TXN202600000301,ACC100046,3365.03,DEPOSIT,2026-04-05 23:51:37
TXN202600000302,ACC101906,539.79,DEPOSIT,2026-04-01 07:56:15
TXN202600000303,ACC109308,4542.54,DEPOSIT,2026-01-25 06:03:16
TXN202600000304,ACC101906,741.74,WITHDRAWAL,2026-06-11 11:56:49
TXN202600000305,ACC102553,2890.99,DEPOSIT,2026-04-28 14:59:54
TXN202600000306,ACC105039,1265.01,WITHDRAWAL,2026-03-03 05:17:45
TXN202600000307,ACC102598,2866.24,DEPOSIT,2026-08-27 13:46:20
TXN202600000308,ACC108386,1939.26,WITHDRAWAL,2026-09-12 15:21:30
TXN202600000309,ACC106435,3494.06,DEPOSIT,2026-01-05 08:30:35
TXN202600000310,ACC101108,590.92,WITHDRAWAL,2026-10-12 17:01:49
TXN202600000311,ACC107721,1365.55,DEPOSIT,2026-12-26 17:59:24
TXN202600000312,ACC109036,4404.24,DEPOSIT,2026-08-28 10:48:03
TXN202600000313,ACC101576,539.85,REVERSAL,2026-01-06 23:40:10
TXN202600000314,ACC108258,390.92,WITHDRAWAL,2026-05-09 11:27:29
TXN202600000315,ACC109499,3869.77,DEPOSIT,2026-12-19 04:19:19
TXN202600000316,ACC104096,1806.51,WITHDRAWAL,2026-05-10 23:33:14
TXN202600000317,ACC104808,1918.76,WITHDRAWAL,2026-06-22 06:11:33
TXN202600000318,ACC106761,798.62,DEPOSIT,2026-07-09 11:38:08
TXN202600000319,ACC104469,3756.26,DEPOSIT,2026-02-06 22:58:47
TXN202600000320,ACC104642,233.32,WITHDRAWAL,2026-08-09 06:26:04
TXN202600000321,ACC108133,1175.52,DEPOSIT,2026-01-02 06:37:15
TXN202600000322,ACC108350,3287.57,DEPOSIT,2026-08-26 12:57:27
TXN202600000323,ACC100385,1955.33,WITHDRAWAL,2026-11-20 11:06:32
TXN202600000324,ACC101942,1720.31,WITHDRAWAL,2026-03-01 13:51:39
TXN202600000325,ACC109042,4694.61,DEPOSIT,2026-04-16 14:43:01
TXN202600000326,ACC106806,3365.92,DEPOSIT,2026-11-27 13:13:58
TXN202600000327,ACC102379,3425.90,DEPOSIT,2026-12-15 08:10:16
TXN202600000328,ACC109268,1235.85,WITHDRAWAL,2026-12-16 08:14:03
TXN202600000329,ACC104787,1458.70,WITHDRAWAL,2026-07-06 10:14:54
TXN202600000330,ACC108218,129.14,WITHDRAWAL,2026-12-05 19:24:24
TXN202600000331,ACC107009,3755.28,DEPOSIT,2026-07-26 21:07:19
TXN202600000332,ACC107843,103.44,REVERSAL,2026-06-19 01:17:40
TXN202600000333,ACC105058,198.84,WITHDRAWAL,2026-11-28 05:23:31
TXN202600000334,ACC108099,2819.06,DEPOSIT,2026-10-28 16:42:06
TXN202600000335,ACC104852,324.74,REVERSAL,2026-10-23 12:03:32
TXN202600000336,ACC106879,4468.28,DEPOSIT,2026-11-28 15:07:22
TXN202600000337,ACC104757,445.90,REVERSAL,2026-06-03 22:28:47
TXN202600000338,ACC109788,271.94,WITHDRAWAL,2026-05-05 23:45:44
TXN202600000339,ACC106423,311.63,WITHDRAWAL,2026-04-10 17:18:34
TXN202600000340,ACC105973,3757.24,DEPOSIT,2026-02-26 19:30:51
TXN202600000341,ACC100730,2236.13,DEPOSIT,2026-04-10 22:28:39
TXN202600000342,ACC109636,805.53,DEPOSIT,2026-05-06 21:59:48
TXN202600000343,ACC105197,3146.58,DEPOSIT,2026-04-13 16:43:56
TXN202600000344,ACC109074,899.34,DEPOSIT,2026-06-23 06:29:16
TXN202600000345,ACC103710,2248.14,DEPOSIT,2026-02-21 07:08:18
TXN202600000346,ACC107627,1793.50,DEPOSIT,2026-09-18 09:28:24
TXN202600000347,ACC109580,3873.08,DEPOSIT,2026-01-12 01:09:24
TXN202600000348,ACC102873,1612.36,WITHDRAWAL,2026-05-23 20:49:20
TXN202600000349,ACC103279,4662.07,DEPOSIT,2026-03-20 14:52:22
TXN202600000350,ACC100754,499.04,REVERSAL,2026-12-16 04:46:27
TXN202600000351,ACC105934,778.88,WITHDRAWAL,2026-04-12 06:16:23
TXN202600000352,ACC100620,1558.40,WITHDRAWAL,2026-06-19 20:24:19
TXN202600000353,ACC101423,4873.51,DEPOSIT,2026-06-06 09:14:08
TXN202600000354,ACC100269,607.67,DEPOSIT,2026-12-09 01:00:48
TXN202600000355,ACC100076,2774.02,DEPOSIT,2026-12-10 19:07:23
TXN202600000356,ACC102816,4624.16,DEPOSIT,2026-03-22 13:28:07
TXN202600000357,ACC100033,1402.54,WITHDRAWAL,2026-08-20 10:15:40
TXN202600000358,ACC104738,454.40,WITHDRAWAL,2026-05-21 05:22:34
TXN202600000359,ACC101219,1684.27,WITHDRAWAL,2026-02-14 13:36:39
TXN202600000360,ACC107339,3050.22,DEPOSIT,2026-03-15 09:27:06
TXN202600000361,ACC101147,704.02,WITHDRAWAL,2026-12-05 02:34:22
TXN202600000362,ACC103289,1432.19,DEPOSIT,2026-09-04 08:57:53
TXN202600000363,ACC101969,2665.07,DEPOSIT,2026-09-09 11:49:50
TXN202600000364,ACC108999,615.32,DEPOSIT,2026-04-14 21:22:22
TXN202600000365,ACC109204,1091.94,DEPOSIT,2026-05-25 06:30:30
TXN202600000366,ACC104779,4927.76,DEPOSIT,2026-03-18 10:13:27
TXN202600000367,ACC102486,845.49,DEPOSIT,2026-10-17 16:12:43
TXN202600000368,ACC101934,428.41,WITHDRAWAL,2026-10-22 23:39:34
TXN202600000369,ACC100373,4201.44,DEPOSIT,2026-09-08 13:53:20
TXN202600000370,ACC104037,2157.05,DEPOSIT,2026-03-17 14:00:52
TXN202600000371,ACC104853,1137.93,WITHDRAWAL,2026-08-14 14:15:18
TXN202600000372,ACC100557,1872.91,WITHDRAWAL,2026-02-14 22:05:19
TXN202600000373,ACC109177,1096.55,DEPOSIT,2026-06-14 15:32:00
TXN202600000374,ACC104804,231.75,WITHDRAWAL,2026-03-03 02:33:00
TXN202600000375,ACC109569,1100.85,WITHDRAWAL,2026-01-21 12:39:57
TXN202600000376,ACC101411,2595.57,DEPOSIT,2026-07-26 21:00:01
TXN202600000377,ACC107247,1532.68,WITHDRAWAL,2026-07-18 23:48:11
TXN202600000378,ACC100120,931.07,REVERSAL,2026-08-07 20:40:32
TXN202600000379,ACC106578,959.09,DEPOSIT,2026-03-06 00:44:24
TXN202600000380,ACC108401,861.89,DEPOSIT,2026-03-04 08:44:05
TXN202600000381,ACC107493,1058.13,DEPOSIT,2026-02-04 09:37:23
TXN202600000382,ACC109891,1336.11,WITHDRAWAL,2026-02-18 06:34:49
TXN202600000383,ACC109504,4202.66,DEPOSIT,2026-08-27 21:11:45
TXN202600000384,ACC100809,4210.32,DEPOSIT,2026-10-02 04:40:05
TXN202600000385,ACC102636,1327.35,DEPOSIT,2026-01-01 04:50:42
TXN202600000386,ACC103240,3652.37,DEPOSIT,2026-07-08 02:55:15
TXN202600000387,ACC100341,1077.37,REVERSAL,2026-01-07 13:09:12
TXN202600000388,ACC105200,1400.59,WITHDRAWAL,2026-01-04 11:21:31
TXN202600000389,ACC100920,3935.28,DEPOSIT,2026-08-23 01:41:43
TXN202600000390,ACC105486,4900.60,DEPOSIT,2026-07-14 22:10:46
TXN202600000391,ACC103164,2117.74,DEPOSIT,2026-06-17 00:28:12
TXN202600000392,ACC105885,1263.69,DEPOSIT,2026-08-03 21:29:12
TXN202600000393,ACC106606,1496.41,DEPOSIT,2026-11-15 01:17:19
TXN202600000394,ACC108908,3511.93,DEPOSIT,2026-07-06 09:45:29
TXN202600000395,ACC100117,159.18,WITHDRAWAL,2026-03-21 03:45:59
TXN202600000396,ACC100714,4934.09,DEPOSIT,2026-05-18 00:02:19
TXN202600000397,ACC100181,3698.15,DEPOSIT,2026-06-25 19:48:05
TXN202600000398,ACC104525,817.05,WITHDRAWAL,2026-08-24 12:35:09
TXN202600000399,ACC109185,244.26,WITHDRAWAL,2026-08-16 17:01:17
TXN202600000400,ACC103312,1632.03,DEPOSIT,2026-06-13 16:43:23
TXN202600000401,ACC108439,4424.02,DEPOSIT,2026-12-27 11:45:14
TXN202600000402,ACC102507,4538.22,DEPOSIT,2026-08-25 10:07:14
TXN202600000403,ACC100048,1356.04,DEPOSIT,2026-02-06 13:02:25
TXN202600000404,ACC107836,1050.81,WITHDRAWAL,2026-02-03 15:30:39
TXN202600000405,ACC100240,841.82,WITHDRAWAL,2026-10-28 11:40:58
TXN202600000406,ACC106196,500.67,DEPOSIT,2026-09-28 23:44:29
TXN202600000407,ACC105639,752.03,DEPOSIT,2026-03-12 21:45:50
TXN202600000408,ACC108126,416.35,WITHDRAWAL,2026-09-27 22:10:49
TXN202600000409,ACC104555,442.11,WITHDRAWAL,2026-10-13 22:39:00
TXN202600000410,ACC108634,1035.60,WITHDRAWAL,2026-04-10 12:52:18
TXN202600000411,ACC105566,936.96,WITHDRAWAL,2026-09-07 16:24:58
TXN202600000412,ACC102262,3875.36,DEPOSIT,2026-10-07 02:16:30
TXN202600000413,ACC102074,2351.65,DEPOSIT,2026-08-11 07:00:57
TXN202600000414,ACC105660,4410.28,DEPOSIT,2026-06-19 08:47:32
TXN202600000415,ACC107659,270.11,WITHDRAWAL,2026-07-17 01:07:03
TXN202600000416,ACC100583,2948.61,DEPOSIT,2026-07-17 07:46:51
TXN202600000417,ACC103132,1670.95,DEPOSIT,2026-10-13 22:05:29
TXN202600000418,ACC103456,1278.83,DEPOSIT,2026-06-05 00:15:48
TXN202600000419,ACC106410,671.10,DEPOSIT,2026-02-09 01:32:12
TXN202600000420,ACC104038,3064.15,DEPOSIT,2026-05-11 07:07:39
TXN202600000421,ACC107061,1187.54,DEPOSIT,2026-09-08 19:03:59
TXN202600000422,ACC105418,1768.15,DEPOSIT,2026-05-10 08:07:09
TXN202600000423,ACC100711,1059.81,DEPOSIT,2026-10-01 00:20:16
TXN202600000424,ACC105177,1682.94,DEPOSIT,2026-03-12 12:18:59
TXN202600000425,ACC102828,882.74,WITHDRAWAL,2026-02-11 01:44:29
TXN202600000426,ACC104100,1371.36,WITHDRAWAL,2026-03-23 15:01:18
TXN202600000427,ACC108319,4844.09,DEPOSIT,2026-06-01 04:09:43
TXN202600000428,ACC109242,3581.91,DEPOSIT,2026-03-28 17:24:56
TXN202600000429,ACC101718,1305.89,DEPOSIT,2026-01-14 03:06:05
TXN202600000430,ACC105142,887.60,DEPOSIT,2026-01-17 07:46:45
TXN202600000431,ACC108724,4868.19,DEPOSIT,2026-10-06 00:36:02
TXN202600000432,ACC106355,788.03,WITHDRAWAL,2026-05-06 05:28:35
TXN202600000433,ACC103389,4072.60,DEPOSIT,2026-08-01 09:12:29
TXN202600000434,ACC104748,133.72,WITHDRAWAL,2026-01-24 02:10:37
TXN202600000435,ACC109128,1329.31,WITHDRAWAL,2026-07-14 06:34:50
TXN202600000436,ACC104593,557.81,WITHDRAWAL,2026-05-28 15:38:31
TXN202600000437,ACC107357,3954.26,DEPOSIT,2026-09-12 04:08:40
TXN202600000438,ACC100597,1730.93,DEPOSIT,2026-02-19 21:43:09
TXN202600000439,ACC102958,960.74,WITHDRAWAL,2026-09-16 20:21:37
TXN202600000440,ACC109299,2782.27,DEPOSIT,2026-04-28 18:38:13
TXN202600000441,ACC107235,3324.44,DEPOSIT,2026-07-06 05:00:46
TXN202600000442,ACC101903,1734.92,WITHDRAWAL,2026-02-05 00:08:22
TXN202600000443,ACC101294,1128.80,WITHDRAWAL,2026-04-13 02:29:44
TXN202600000444,ACC109642,2585.15,DEPOSIT,2026-07-24 18:03:55
TXN202600000445,ACC100862,2067.12,WITHDRAWAL,2026-09-15 18:11:51
TXN202600000446,ACC108525,1203.74,DEPOSIT,2026-03-08 03:08:29
TXN202600000447,ACC107328,1491.66,WITHDRAWAL,2026-08-20 18:36:26
TXN202600000448,ACC104952,3441.27,DEPOSIT,2026-06-06 05:03:49
TXN202600000449,ACC109999,2723.95,DEPOSIT,2026-10-27 16:00:24
TXN202600000450,ACC105587,2861.66,DEPOSIT,2026-08-13 19:06:02
TXN202600000451,ACC106893,4643.85,DEPOSIT,2026-01-23 23:20:43
TXN202600000452,ACC102114,1978.46,WITHDRAWAL,2026-06-11 03:23:07
TXN202600000453,ACC109050,1177.02,WITHDRAWAL,2026-02-27 09:35:16
TXN202600000454,ACC107943,2686.89,DEPOSIT,2026-02-09 10:12:41
TXN202600000455,ACC108594,4235.19,DEPOSIT,2026-02-09 14:42:06
TXN202600000456,ACC103823,622.21,DEPOSIT,2026-12-23 05:29:12
TXN202600000457,ACC109061,1532.50,DEPOSIT,2026-07-13 07:57:39
TXN202600000458,ACC109823,319.08,WITHDRAWAL,2026-08-03 10:46:00
TXN202600000459,ACC103262,4836.27,DEPOSIT,2026-09-05 07:23:25
TXN202600000460,ACC102761,2265.85,DEPOSIT,2026-03-22 17:19:32
TXN202600000461,ACC108549,3920.13,DEPOSIT,2026-07-10 23:34:58
TXN202600000462,ACC109479,382.79,WITHDRAWAL,2026-05-16 10:17:06
TXN202600000463,ACC105585,1138.75,WITHDRAWAL,2026-05-17 12:48:57
TXN202600000464,ACC106057,4935.66,DEPOSIT,2026-04-11 20:11:11
TXN202600000465,ACC108918,1999.21,WITHDRAWAL,2026-08-20 07:14:29
TXN202600000466,ACC101114,1352.28,WITHDRAWAL,2026-09-10 07:58:50
TXN202600000467,ACC100685,987.52,DEPOSIT,2026-10-09 08:43:02
TXN202600000468,ACC102636,4726.90,DEPOSIT,2026-01-03 14:15:07
TXN202600000469,ACC107121,640.12,WITHDRAWAL,2026-11-22 16:14:07
TXN202600000470,ACC104933,635.73,WITHDRAWAL,2026-08-26 20:05:02
TXN202600000471,ACC101175,2772.39,DEPOSIT,2026-12-24 09:37:47
TXN202600000472,ACC106818,3086.91,DEPOSIT,2026-01-11 09:20:52
TXN202600000473,ACC104133,3082.52,DEPOSIT,2026-03-05 04:49:45
TXN202600000474,ACC102665,942.70,WITHDRAWAL,2026-09-14 17:57:47
TXN202600000475,ACC108852,2043.71,WITHDRAWAL,2026-08-03 06:47:15
TXN202600000476,ACC108283,877.73,WITHDRAWAL,2026-02-05 10:04:19
TXN202600000477,ACC104641,1488.99,DEPOSIT,2026-12-14 08:17:06
TXN202600000478,ACC105895,4971.00,DEPOSIT,2026-07-23 23:41:47
TXN202600000479,ACC101133,805.77,WITHDRAWAL,2026-05-07 17:07:53
TXN202600000480,ACC109018,2052.85,DEPOSIT,2026-11-25 21:33:47
TXN202600000481,ACC102677,692.01,WITHDRAWAL,2026-05-08 18:02:40
TXN202600000482,ACC105027,3668.43,DEPOSIT,2026-07-21 02:10:13
TXN202600000483,ACC102221,3986.39,DEPOSIT,2026-04-25 22:58:20
TXN202600000484,ACC109444,1575.03,WITHDRAWAL,2026-09-25 13:53:58
TXN202600000485,ACC101750,1303.37,DEPOSIT,2026-05-12 11:27:33
TXN202600000486,ACC101907,966.61,DEPOSIT,2026-03-15 05:40:55
TXN202600000487,ACC109999,2628.20,DEPOSIT,2026-11-17 01:41:59
TXN202600000488,ACC100608,965.80,DEPOSIT,2026-01-10 09:30:46
TXN202600000489,ACC100073,1554.85,WITHDRAWAL,2026-02-21 14:53:14
TXN202600000490,ACC102591,1062.01,WITHDRAWAL,2026-12-07 09:22:16
TXN202600000491,ACC100147,2033.36,WITHDRAWAL,2026-09-17 20:49:10
TXN202600000492,ACC103077,263.50,REVERSAL,2026-12-14 08:37:32
TXN202600000493,ACC108788,149.18,WITHDRAWAL,2026-04-11 15:22:59
TXN202600000494,ACC106016,1854.14,DEPOSIT,2026-01-11 06:43:18
TXN202600000495,ACC100839,2960.03,DEPOSIT,2026-08-04 22:37:14
TXN202600000496,ACC103921,2940.60,DEPOSIT,2026-06-06 22:41:38
TXN202600000497,ACC109122,1470.03,WITHDRAWAL,2026-06-14 20:43:09
TXN202600000498,ACC107619,1001.15,DEPOSIT,2026-05-07 08:50:24
TXN202600000499,ACC108560,4142.42,DEPOSIT,2026-09-06 20:25:41
TXN202600000500,ACC104590,273.81,WITHDRAWAL,2026-07-24 11:22:21
TXN202600000501,ACC108365,970.65,WITHDRAWAL,2026-07-22 07:15:26
TXN202600000502,ACC103653,4688.82,DEPOSIT,2026-04-03 19:08:28
TXN202600000503,ACC103584,3985.00,DEPOSIT,2026-08-03 19:38:19
TXN202600000504,ACC108028,4706.31,DEPOSIT,2026-12-15 10:40:08
TXN202600000505,ACC105683,4305.44,DEPOSIT,2026-06-22 18:33:40
TXN202600000506,ACC102134,4934.51,DEPOSIT,2026-10-07 22:14:58
TXN202600000507,ACC102398,4788.50,DEPOSIT,2026-08-10 20:18:06
TXN202600000508,ACC101067,1003.33,DEPOSIT,2026-06-11 00:55:03
TXN202600000509,ACC104371,1748.81,WITHDRAWAL,2026-02-02 17:43:42
TXN202600000510,ACC101816,1857.19,DEPOSIT,2026-10-21 04:41:23
TXN202600000511,ACC100500,3207.89,DEPOSIT,2026-06-05 14:31:14
TXN202600000512,ACC109487,779.48,WITHDRAWAL,2026-05-12 08:34:44
TXN202600000513,ACC103199,1581.01,WITHDRAWAL,2026-11-07 19:46:52
TXN202600000514,ACC108335,180.03,REVERSAL,2026-09-23 21:53:07
TXN202600000515,ACC103754,1804.41,DEPOSIT,2026-11-19 07:48:33
TXN202600000516,ACC100877,4627.36,DEPOSIT,2026-06-07 13:18:17
TXN202600000517,ACC107081,1747.61,WITHDRAWAL,2026-02-11 16:02:35
TXN202600000518,ACC109968,4893.56,DEPOSIT,2026-08-04 01:21:18
TXN202600000519,ACC106509,1770.25,WITHDRAWAL,2026-01-16 11:05:55
TXN202600000520,ACC103722,535.71,DEPOSIT,2026-01-22 00:01:59
TXN202600000521,ACC109592,4152.28,DEPOSIT,2026-04-23 20:25:54
TXN202600000522,ACC102643,2278.35,DEPOSIT,2026-04-17 21:31:38
TXN202600000523,ACC109708,1344.90,WITHDRAWAL,2026-06-09 18:09:14
TXN202600000524,ACC100016,924.42,WITHDRAWAL,2026-03-03 05:37:20
TXN202600000525,ACC106130,3461.81,DEPOSIT,2026-03-11 02:24:49
TXN202600000526,ACC105906,3504.81,DEPOSIT,2026-04-25 19:11:14
TXN202600000527,ACC107062,1884.06,DEPOSIT,2026-12-27 14:15:43
TXN202600000528,ACC108570,1957.65,WITHDRAWAL,2026-09-10 10:20:21
TXN202600000529,ACC109729,1106.97,WITHDRAWAL,2026-07-10 17:15:30
TXN202600000530,ACC103737,2867.16,DEPOSIT,2026-01-07 14:57:24
TXN202600000531,ACC109231,1958.16,WITHDRAWAL,2026-09-02 18:08:47
TXN202600000532,ACC106005,3756.46,DEPOSIT,2026-11-21 07:32:36
TXN202600000533,ACC100400,541.79,DEPOSIT,2026-02-04 19:20:06
TXN202600000534,ACC101734,713.04,REVERSAL,2026-05-28 11:59:52
TXN202600000535,ACC104298,2767.16,DEPOSIT,2026-12-16 11:53:06
TXN202600000536,ACC105823,3702.06,DEPOSIT,2026-08-08 06:50:30
TXN202600000537,ACC104556,3255.17,DEPOSIT,2026-12-25 08:52:52
TXN202600000538,ACC102696,4430.93,DEPOSIT,2026-08-19 09:51:03
TXN202600000539,ACC102110,1686.13,DEPOSIT,2026-01-04 03:23:15
TXN202600000540,ACC109497,930.55,REVERSAL,2026-04-19 12:08:54
TXN202600000541,ACC108037,536.24,WITHDRAWAL,2026-03-13 14:03:30
TXN202600000542,ACC105826,1218.03,WITHDRAWAL,2026-02-11 17:27:48
TXN202600000543,ACC109667,1711.00,WITHDRAWAL,2026-01-13 17:15:09
TXN202600000544,ACC107894,1582.08,DEPOSIT,2026-05-16 22:44:48
TXN202600000545,ACC108283,465.22,REVERSAL,2026-03-04 20:10:41
TXN202600000546,ACC103655,1616.78,DEPOSIT,2026-02-05 14:41:26
TXN202600000547,ACC106756,1247.23,WITHDRAWAL,2026-03-10 17:00:11
TXN202600000548,ACC102715,4609.14,DEPOSIT,2026-04-07 04:05:51
TXN202600000549,ACC105828,4650.84,DEPOSIT,2026-06-05 02:48:53
TXN202600000550,ACC100572,3809.17,DEPOSIT,2026-08-16 13:34:55
TXN202600000551,ACC106140,632.89,WITHDRAWAL,2026-12-17 02:02:25
TXN202600000552,ACC108078,4084.36,DEPOSIT,2026-10-28 01:14:07
TXN202600000553,ACC104658,4789.45,DEPOSIT,2026-01-20 02:16:54
TXN202600000554,ACC100203,970.37,REVERSAL,2026-07-22 21:20:53
TXN202600000555,ACC100618,4877.91,DEPOSIT,2026-03-25 18:14:28
TXN202600000556,ACC106713,832.51,REVERSAL,2026-04-05 01:08:59
TXN202600000557,ACC107695,2647.10,DEPOSIT,2026-05-13 01:38:56
TXN202600000558,ACC102684,2505.54,DEPOSIT,2026-11-07 08:50:49
TXN202600000559,ACC102271,256.31,WITHDRAWAL,2026-01-26 11:47:25
TXN202600000560,ACC106198,1273.24,WITHDRAWAL,2026-01-27 01:10:15
TXN202600000561,ACC109171,2698.95,DEPOSIT,2026-03-08 14:43:59
TXN202600000562,ACC102731,597.44,DEPOSIT,2026-04-02 01:17:58
TXN202600000563,ACC103772,604.90,WITHDRAWAL,2026-05-06 09:04:47
TXN202600000564,ACC107443,3231.72,DEPOSIT,2026-04-23 18:28:50
TXN202600000565,ACC103929,3900.76,DEPOSIT,2026-11-09 09:59:35
TXN202600000566,ACC101175,1196.18,DEPOSIT,2026-09-08 19:39:50
TXN202600000567,ACC108214,1110.87,DEPOSIT,2026-04-16 09:32:27
TXN202600000568,ACC103309,1843.03,WITHDRAWAL,2026-11-14 21:50:01
TXN202600000569,ACC102768,3253.30,DEPOSIT,2026-12-19 21:39:49
TXN202600000570,ACC106094,4326.87,DEPOSIT,2026-01-22 15:39:41
TXN202600000571,ACC106627,3498.78,DEPOSIT,2026-03-26 19:12:06
TXN202600000572,ACC100805,1704.89,WITHDRAWAL,2026-12-03 23:28:34
TXN202600000573,ACC102869,1308.13,DEPOSIT,2026-02-10 15:30:27
TXN202600000574,ACC101764,1404.88,DEPOSIT,2026-01-24 22:12:31
TXN202600000575,ACC105084,2139.96,DEPOSIT,2026-04-08 01:05:31
TXN202600000576,ACC105695,368.58,WITHDRAWAL,2026-10-14 06:33:13
TXN202600000577,ACC106811,1481.53,DEPOSIT,2026-10-15 04:29:39
TXN202600000578,ACC103803,887.67,DEPOSIT,2026-11-14 19:21:58
TXN202600000579,ACC108619,1744.83,DEPOSIT,2026-04-28 05:01:16
TXN202600000580,ACC105792,2306.21,DEPOSIT,2026-12-24 18:29:13
TXN202600000581,ACC108597,831.24,DEPOSIT,2026-01-28 14:53:16
TXN202600000582,ACC102745,2813.56,DEPOSIT,2026-07-28 18:48:05
TXN202600000583,ACC105116,3725.17,DEPOSIT,2026-11-01 06:28:14
TXN202600000584,ACC109069,4912.23,DEPOSIT,2026-05-07 05:41:39
TXN202600000585,ACC103592,128.62,REVERSAL,2026-04-10 23:41:35
TXN202600000586,ACC100071,3497.58,DEPOSIT,2026-10-27 19:33:54
TXN202600000587,ACC108206,2265.97,DEPOSIT,2026-01-02 03:56:41
TXN202600000588,ACC103120,4862.64,DEPOSIT,2026-10-28 03:44:42
TXN202600000589,ACC108059,1490.67,WITHDRAWAL,2026-02-25 20:51:27
TXN202600000590,ACC107486,2027.63,WITHDRAWAL,2026-10-27 06:05:05
TXN202600000591,ACC107600,501.76,DEPOSIT,2026-10-13 06:43:35
TXN202600000592,ACC102053,1522.89,WITHDRAWAL,2026-08-17 18:26:45
TXN202600000593,ACC107048,2054.58,WITHDRAWAL,2026-09-08 02:02:25
TXN202600000594,ACC103033,1156.81,WITHDRAWAL,2026-11-20 08:05:18
TXN202600000595,ACC108006,1879.33,WITHDRAWAL,2026-06-23 18:25:25
TXN202600000596,ACC100294,1267.65,WITHDRAWAL,2026-06-02 03:14:40
TXN202600000597,ACC102874,2909.40,DEPOSIT,2026-12-15 20:54:48
TXN202600000598,ACC101240,1502.55,DEPOSIT,2026-08-03 20:06:41
TXN202600000599,ACC108115,4764.99,DEPOSIT,2026-10-24 20:01:12
TXN202600000600,ACC100180,3929.55,DEPOSIT,2026-06-10 06:24:03
TXN202600000601,ACC102399,3365.14,DEPOSIT,2026-11-26 19:04:10
TXN202600000602,ACC103352,837.57,DEPOSIT,2026-06-17 19:45:45
TXN202600000603,ACC107229,989.50,WITHDRAWAL,2026-09-13 21:11:21
TXN202600000604,ACC104207,682.55,DEPOSIT,2026-01-25 09:21:56
TXN202600000605,ACC109557,1574.11,WITHDRAWAL,2026-08-21 19:41:20
TXN202600000606,ACC108446,1711.73,DEPOSIT,2026-11-04 13:29:36
TXN202600000607,ACC103134,1336.33,DEPOSIT,2026-11-27 06:24:16
TXN202600000608,ACC106618,2502.45,DEPOSIT,2026-01-16 17:04:49
TXN202600000609,ACC102798,255.47,REVERSAL,2026-07-04 12:04:01
TXN202600000610,ACC104987,767.10,DEPOSIT,2026-12-10 20:37:45
TXN202600000611,ACC101775,2037.53,WITHDRAWAL,2026-09-26 03:39:40
TXN202600000612,ACC104858,715.70,WITHDRAWAL,2026-02-10 15:56:31
TXN202600000613,ACC100397,3793.90,DEPOSIT,2026-07-10 06:02:08
TXN202600000614,ACC106246,4594.23,DEPOSIT,2026-11-07 07:25:18
TXN202600000615,ACC105965,580.75,DEPOSIT,2026-06-01 08:07:13
TXN202600000616,ACC103462,1482.47,WITHDRAWAL,2026-06-19 12:55:03
TXN202600000617,ACC104872,2434.31,DEPOSIT,2026-10-11 04:58:01
TXN202600000618,ACC106999,4556.98,DEPOSIT,2026-09-11 04:10:57
TXN202600000619,ACC106918,3994.99,DEPOSIT,2026-03-11 06:27:57
TXN202600000620,ACC109478,2932.93,DEPOSIT,2026-02-13 12:14:12
TXN202600000621,ACC100678,2483.66,DEPOSIT,2026-01-15 10:23:51
TXN202600000622,ACC106935,2001.73,WITHDRAWAL,2026-12-18 13:44:38
TXN202600000623,ACC108603,1295.74,DEPOSIT,2026-12-13 22:25:15
TXN202600000624,ACC104597,1561.52,WITHDRAWAL,2026-03-16 15:56:59
TXN202600000625,ACC103505,1064.26,WITHDRAWAL,2026-05-02 14:11:08
TXN202600000626,ACC102291,1471.61,WITHDRAWAL,2026-06-18 20:17:59
TXN202600000627,ACC105340,1745.60,DEPOSIT,2026-04-03 12:32:54
TXN202600000628,ACC100688,1507.21,DEPOSIT,2026-11-27 18:02:58
TXN202600000629,ACC105346,1370.54,WITHDRAWAL,2026-10-04 18:32:06
TXN202600000630,ACC100424,1895.54,WITHDRAWAL,2026-07-10 06:01:30
TXN202600000631,ACC101872,4817.76,DEPOSIT,2026-12-16 21:55:58
TXN202600000632,ACC106502,4560.69,DEPOSIT,2026-11-02 02:33:09
TXN202600000633,ACC101689,1708.78,DEPOSIT,2026-12-28 15:33:52
TXN202600000634,ACC106551,2046.17,DEPOSIT,2026-07-18 03:46:18
TXN202600000635,ACC102109,1471.85,DEPOSIT,2026-08-19 09:06:42
TXN202600000636,ACC108888,619.55,WITHDRAWAL,2026-11-16 01:04:07
TXN202600000637,ACC102644,1894.88,DEPOSIT,2026-08-03 11:46:07
TXN202600000638,ACC105712,1897.94,DEPOSIT,2026-05-15 11:35:03
TXN202600000639,ACC100409,2316.82,DEPOSIT,2026-03-14 10:29:32
TXN202600000640,ACC106280,660.09,DEPOSIT,2026-02-28 15:37:40
TXN202600000641,ACC104820,2253.71,DEPOSIT,2026-03-23 12:53:12
TXN202600000642,ACC102535,3994.72,DEPOSIT,2026-08-17 18:14:04
TXN202600000643,ACC106577,3942.80,DEPOSIT,2026-03-25 10:22:19
TXN202600000644,ACC107947,802.43,DEPOSIT,2026-01-21 02:37:04
TXN202600000645,ACC107885,1226.75,DEPOSIT,2026-11-10 18:01:12
TXN202600000646,ACC103587,295.48,REVERSAL,2026-02-08 13:35:23
TXN202600000647,ACC104640,933.30,WITHDRAWAL,2026-11-21 08:48:47
TXN202600000648,ACC106873,929.00,DEPOSIT,2026-08-12 21:38:27
TXN202600000649,ACC106932,2411.70,DEPOSIT,2026-07-05 09:51:15
TXN202600000650,ACC106571,4655.11,DEPOSIT,2026-07-14 03:07:41
TXN202600000651,ACC104516,2061.10,WITHDRAWAL,2026-11-07 19:12:15
TXN202600000652,ACC104345,532.81,DEPOSIT,2026-08-10 12:51:55
TXN202600000653,ACC109281,2850.51,DEPOSIT,2026-02-23 20:06:35
TXN202600000654,ACC103834,768.23,DEPOSIT,2026-10-09 20:56:57
TXN202600000655,ACC100974,569.02,DEPOSIT,2026-06-04 20:00:02
TXN202600000656,ACC100583,640.79,DEPOSIT,2026-01-04 05:24:40
TXN202600000657,ACC100332,4391.43,DEPOSIT,2026-09-22 02:20:19
TXN202600000658,ACC102330,146.77,WITHDRAWAL,2026-08-15 20:26:37
TXN202600000659,ACC105105,2420.80,DEPOSIT,2026-02-28 16:28:02
TXN202600000660,ACC105248,1507.45,WITHDRAWAL,2026-05-01 09:56:31
TXN202600000661,ACC102706,2063.15,DEPOSIT,2026-12-11 12:37:13
TXN202600000662,ACC107578,610.62,REVERSAL,2026-10-03 16:29:37
TXN202600000663,ACC104207,904.31,DEPOSIT,2026-10-05 12:42:56
TXN202600000664,ACC107266,602.30,DEPOSIT,2026-06-16 00:32:34
TXN202600000665,ACC102174,4389.19,DEPOSIT,2026-04-04 20:04:30
TXN202600000666,ACC103401,3123.00,DEPOSIT,2026-07-10 16:19:53
TXN202600000667,ACC109665,4976.82,DEPOSIT,2026-11-18 15:51:49
TXN202600000668,ACC108430,828.73,DEPOSIT,2026-12-08 08:34:13
TXN202600000669,ACC108322,301.17,WITHDRAWAL,2026-07-06 23:47:25
TXN202600000670,ACC105162,1154.63,WITHDRAWAL,2026-07-21 03:44:39
TXN202600000671,ACC108669,2068.33,DEPOSIT,2026-12-22 18:34:06
TXN202600000672,ACC105415,3023.92,DEPOSIT,2026-08-21 15:04:47
TXN202600000673,ACC104333,674.58,WITHDRAWAL,2026-02-12 11:45:44
TXN202600000674,ACC101439,4081.10,DEPOSIT,2026-12-07 05:14:10
TXN202600000675,ACC105903,1407.75,DEPOSIT,2026-06-08 03:58:12
TXN202600000676,ACC102178,231.62,REVERSAL,2026-06-25 03:09:13
TXN202600000677,ACC103060,3378.47,DEPOSIT,2026-01-15 18:36:45
TXN202600000678,ACC102960,4017.81,DEPOSIT,2026-01-25 12:00:23
TXN202600000679,ACC105027,2101.90,DEPOSIT,2026-04-06 05:01:00
TXN202600000680,ACC105542,768.34,DEPOSIT,2026-11-02 17:24:50
TXN202600000681,ACC109803,1635.54,WITHDRAWAL,2026-10-22 13:26:05
TXN202600000682,ACC109700,948.19,WITHDRAWAL,2026-05-12 14:41:19
TXN202600000683,ACC108119,1114.13,WITHDRAWAL,2026-02-24 01:09:32
TXN202600000684,ACC100843,4530.51,DEPOSIT,2026-11-25 02:34:12
TXN202600000685,ACC109226,2507.07,DEPOSIT,2026-07-18 09:01:00
TXN202600000686,ACC100516,3385.82,DEPOSIT,2026-08-02 04:23:26
TXN202600000687,ACC102859,4207.21,DEPOSIT,2026-01-16 00:03:43
TXN202600000688,ACC101980,1973.13,WITHDRAWAL,2026-08-18 07:10:13
TXN202600000689,ACC101227,3913.06,DEPOSIT,2026-11-25 13:28:39
TXN202600000690,ACC101372,2260.98,DEPOSIT,2026-02-23 01:14:34
TXN202600000691,ACC107202,2438.13,DEPOSIT,2026-09-17 06:56:33
TXN202600000692,ACC108710,4733.94,DEPOSIT,2026-12-16 06:36:19
TXN202600000693,ACC106008,4091.51,DEPOSIT,2026-04-24 01:01:52
TXN202600000694,ACC106635,3783.68,DEPOSIT,2026-01-07 03:53:17
TXN202600000695,ACC107471,3039.20,DEPOSIT,2026-10-25 08:54:28
TXN202600000696,ACC104344,810.34,WITHDRAWAL,2026-11-06 02:36:59
TXN202600000697,ACC100255,1681.02,WITHDRAWAL,2026-03-18 08:39:37
TXN202600000698,ACC105311,3169.78,DEPOSIT,2026-06-22 09:48:22
TXN202600000699,ACC106362,1114.31,WITHDRAWAL,2026-07-21 06:01:31
TXN202600000700,ACC101571,975.57,WITHDRAWAL,2026-06-13 22:10:38
TXN202600000701,ACC101247,3809.88,DEPOSIT,2026-01-03 06:27:41
TXN202600000702,ACC106140,275.78,REVERSAL,2026-08-26 11:42:56
TXN202600000703,ACC108827,3950.49,DEPOSIT,2026-05-22 09:40:11
TXN202600000704,ACC100505,170.03,REVERSAL,2026-08-07 17:41:58
TXN202600000705,ACC105977,2374.30,DEPOSIT,2026-11-08 18:13:28
TXN202600000706,ACC105796,3558.14,DEPOSIT,2026-12-09 05:18:25
TXN202600000707,ACC104459,2129.32,DEPOSIT,2026-09-11 21:43:12
TXN202600000708,ACC108591,1559.09,WITHDRAWAL,2026-08-23 04:34:42
TXN202600000709,ACC109634,4602.00,DEPOSIT,2026-11-23 21:17:38
TXN202600000710,ACC104781,1028.88,REVERSAL,2026-11-01 03:30:40
TXN202600000711,ACC102488,1115.98,WITHDRAWAL,2026-05-19 00:24:00
TXN202600000712,ACC108333,798.10,DEPOSIT,2026-01-05 07:20:33
TXN202600000713,ACC104845,1219.11,WITHDRAWAL,2026-04-17 01:56:09
TXN202600000714,ACC108976,4146.23,DEPOSIT,2026-11-01 13:38:11
TXN202600000715,ACC104815,2505.28,DEPOSIT,2026-11-21 17:00:31
TXN202600000716,ACC108266,3957.64,DEPOSIT,2026-04-12 23:46:50
TXN202600000717,ACC104371,1463.84,WITHDRAWAL,2026-06-10 10:38:18
TXN202600000718,ACC102182,3965.31,DEPOSIT,2026-01-11 04:59:53
TXN202600000719,ACC107809,3447.37,DEPOSIT,2026-05-07 17:40:47
TXN202600000720,ACC100978,4705.27,DEPOSIT,2026-09-24 11:02:54
TXN202600000721,ACC100253,1584.60,DEPOSIT,2026-03-17 08:03:55
TXN202600000722,ACC101771,1382.33,WITHDRAWAL,2026-03-09 19:03:24
TXN202600000723,ACC109568,1436.56,DEPOSIT,2026-01-02 13:46:14
TXN202600000724,ACC105970,2054.09,WITHDRAWAL,2026-01-27 17:58:20
TXN202600000725,ACC109589,622.98,DEPOSIT,2026-02-15 10:04:00
TXN202600000726,ACC102268,1895.36,WITHDRAWAL,2026-03-27 15:52:39
TXN202600000727,ACC101585,3073.92,DEPOSIT,2026-06-18 02:19:03
TXN202600000728,ACC100168,1279.45,DEPOSIT,2026-09-22 05:43:39
TXN202600000729,ACC107914,1919.57,WITHDRAWAL,2026-12-18 04:21:01
TXN202600000730,ACC106490,183.95,WITHDRAWAL,2026-10-25 15:50:05
TXN202600000731,ACC109145,1606.13,WITHDRAWAL,2026-04-16 14:37:48
TXN202600000732,ACC103861,452.06,REVERSAL,2026-01-03 18:24:11
TXN202600000733,ACC100507,1208.50,DEPOSIT,2026-01-27 01:22:53
TXN202600000734,ACC101942,1473.84,DEPOSIT,2026-09-02 04:12:20
TXN202600000735,ACC109489,1809.37,DEPOSIT,2026-04-13 21:28:34
TXN202600000736,ACC109644,4365.85,DEPOSIT,2026-10-26 07:41:01
TXN202600000737,ACC104201,1790.79,WITHDRAWAL,2026-07-01 09:27:01
TXN202600000738,ACC101045,1854.63,DEPOSIT,2026-03-25 17:35:18
TXN202600000739,ACC106148,1636.54,DEPOSIT,2026-09-14 01:37:18
TXN202600000740,ACC104242,4435.38,DEPOSIT,2026-04-01 19:09:30
TXN202600000741,ACC101255,1888.00,WITHDRAWAL,2026-07-10 20:46:45
TXN202600000742,ACC106443,3689.15,DEPOSIT,2026-05-12 19:08:35
TXN202600000743,ACC107358,211.76,WITHDRAWAL,2026-07-16 17:44:06
TXN202600000744,ACC104926,2199.28,DEPOSIT,2026-12-10 00:18:03
TXN202600000745,ACC105514,2111.06,DEPOSIT,2026-05-03 04:50:53
TXN202600000746,ACC108641,4192.51,DEPOSIT,2026-04-01 10:24:52
TXN202600000747,ACC105884,3472.48,DEPOSIT,2026-12-10 10:00:33
TXN202600000748,ACC104744,645.55,REVERSAL,2026-02-05 11:01:07
TXN202600000749,ACC103899,461.32,WITHDRAWAL,2026-07-05 07:23:20
TXN202600000750,ACC103969,2828.20,DEPOSIT,2026-06-19 21:39:37
TXN202600000751,ACC107968,2304.31,DEPOSIT,2026-05-15 16:14:30
TXN202600000752,ACC109691,1197.04,DEPOSIT,2026-11-24 02:45:22
TXN202600000753,ACC102977,3909.44,DEPOSIT,2026-06-24 02:57:01
TXN202600000754,ACC105813,1212.82,WITHDRAWAL,2026-04-08 02:03:55
TXN202600000755,ACC103707,1117.52,WITHDRAWAL,2026-09-07 06:13:50
TXN202600000756,ACC109764,712.25,REVERSAL,2026-08-21 12:27:04
TXN202600000757,ACC102986,1928.03,DEPOSIT,2026-08-16 07:27:40
TXN202600000758,ACC106446,3282.91,DEPOSIT,2026-09-18 11:56:23
TXN202600000759,ACC105699,1279.43,DEPOSIT,2026-06-19 09:34:44
TXN202600000760,ACC106914,1263.96,WITHDRAWAL,2026-09-07 20:24:07
TXN202600000761,ACC103409,1919.47,DEPOSIT,2026-08-20 23:10:41
TXN202600000762,ACC105721,3677.56,DEPOSIT,2026-01-03 01:52:36
TXN202600000763,ACC105117,4193.12,DEPOSIT,2026-05-19 09:09:23
TXN202600000764,ACC102950,1701.92,WITHDRAWAL,2026-11-26 05:12:32
TXN202600000765,ACC100022,3949.54,DEPOSIT,2026-08-13 16:28:33
TXN202600000766,ACC108569,525.67,WITHDRAWAL,2026-02-06 21:38:28
TXN202600000767,ACC100065,259.18,REVERSAL,2026-06-25 15:36:44
TXN202600000768,ACC101346,3080.61,DEPOSIT,2026-09-18 23:54:59
TXN202600000769,ACC106203,789.53,REVERSAL,2026-09-09 07:29:30
TXN202600000770,ACC101713,2296.70,DEPOSIT,2026-10-21 18:00:52
TXN202600000771,ACC103306,957.49,WITHDRAWAL,2026-09-13 15:57:03
TXN202600000772,ACC107100,3307.95,DEPOSIT,2026-02-17 00:23:21
TXN202600000773,ACC108755,3333.23,DEPOSIT,2026-01-18 14:02:55
TXN202600000774,ACC109736,1473.79,DEPOSIT,2026-10-15 20:06:47
TXN202600000775,ACC104900,1517.84,DEPOSIT,2026-02-21 07:09:54
TXN202600000776,ACC100457,1003.12,WITHDRAWAL,2026-04-11 12:54:49
TXN202600000777,ACC102562,2922.54,DEPOSIT,2026-04-02 23:58:37
TXN202600000778,ACC104518,887.83,WITHDRAWAL,2026-04-09 10:54:27
TXN202600000779,ACC100990,1533.17,DEPOSIT,2026-05-11 06:40:22
TXN202600000780,ACC106084,843.27,DEPOSIT,2026-06-15 21:23:08
TXN202600000781,ACC109122,379.99,WITHDRAWAL,2026-08-26 15:11:39
TXN202600000782,ACC107043,2643.71,DEPOSIT,2026-10-14 23:11:07
TXN202600000783,ACC108040,1121.81,DEPOSIT,2026-02-15 05:14:35
TXN202600000784,ACC107926,936.37,DEPOSIT,2026-07-01 19:37:54
TXN202600000785,ACC102170,1822.06,DEPOSIT,2026-12-09 20:07:46
TXN202600000786,ACC103516,166.48,WITHDRAWAL,2026-01-01 13:28:16
TXN202600000787,ACC106676,426.09,WITHDRAWAL,2026-06-16 17:13:04
TXN202600000788,ACC103597,1798.27,DEPOSIT,2026-01-07 21:49:15
TXN202600000789,ACC109045,3974.38,DEPOSIT,2026-12-07 07:04:41
TXN202600000790,ACC101311,3172.83,DEPOSIT,2026-06-19 16:40:16
TXN202600000791,ACC108198,2553.67,DEPOSIT,2026-03-04 14:25:28
TXN202600000792,ACC102951,3012.00,DEPOSIT,2026-10-09 05:23:23
TXN202600000793,ACC107459,1926.92,DEPOSIT,2026-06-24 18:38:06
TXN202600000794,ACC109052,4847.20,DEPOSIT,2026-11-12 09:34:38
TXN202600000795,ACC108485,4772.82,DEPOSIT,2026-07-02 05:10:13
TXN202600000796,ACC103957,1052.84,REVERSAL,2026-01-03 23:14:13
TXN202600000797,ACC100929,4155.48,DEPOSIT,2026-06-12 10:22:22
TXN202600000798,ACC104515,1062.71,WITHDRAWAL,2026-10-24 23:48:15
TXN202600000799,ACC100186,469.61,WITHDRAWAL,2026-01-17 22:06:32
TXN202600000800,ACC100474,3022.69,DEPOSIT,2026-02-12 17:34:53
TXN202600000801,ACC104033,4594.60,DEPOSIT,2026-03-19 05:22:28
TXN202600000802,ACC106298,2233.31,DEPOSIT,2026-12-20 07:45:56
TXN202600000803,ACC109549,4420.51,DEPOSIT,2026-02-12 23:06:15
TXN202600000804,ACC109963,1276.00,WITHDRAWAL,2026-01-14 05:06:05
TXN202600000805,ACC107494,2709.13,DEPOSIT,2026-03-24 20:45:23
TXN202600000806,ACC108374,646.37,DEPOSIT,2026-04-20 21:04:13
TXN202600000807,ACC104284,242.07,WITHDRAWAL,2026-09-22 11:47:05
TXN202600000808,ACC104719,3228.23,DEPOSIT,2026-11-18 02:56:35
TXN202600000809,ACC102038,4565.39,DEPOSIT,2026-06-11 10:38:11
TXN202600000810,ACC102159,1675.56,WITHDRAWAL,2026-09-03 16:12:47
TXN202600000811,ACC108822,364.71,WITHDRAWAL,2026-04-09 02:34:37
TXN202600000812,ACC107550,4819.03,DEPOSIT,2026-12-18 06:14:16
TXN202600000813,ACC107672,596.49,DEPOSIT,2026-02-21 11:17:47
TXN202600000814,ACC103726,1172.75,WITHDRAWAL,2026-06-08 09:51:26
TXN202600000815,ACC107465,3748.97,DEPOSIT,2026-08-11 15:18:39
TXN202600000816,ACC109171,1313.87,WITHDRAWAL,2026-05-19 23:24:58
TXN202600000817,ACC101701,4090.84,DEPOSIT,2026-09-20 14:15:21
TXN202600000818,ACC102015,2800.22,DEPOSIT,2026-01-25 12:01:51
TXN202600000819,ACC109386,3124.64,DEPOSIT,2026-03-22 21:42:45
TXN202600000820,ACC100299,1506.39,DEPOSIT,2026-03-10 12:42:54
TXN202600000821,ACC101320,1158.00,DEPOSIT,2026-02-01 11:05:59
TXN202600000822,ACC109457,3701.08,DEPOSIT,2026-07-16 14:32:10
TXN202600000823,ACC106539,1990.69,WITHDRAWAL,2026-05-21 17:14:43
TXN202600000824,ACC109253,580.73,WITHDRAWAL,2026-05-01 16:44:15
TXN202600000825,ACC104816,1451.96,WITHDRAWAL,2026-07-15 04:09:51
TXN202600000826,ACC109747,2967.52,DEPOSIT,2026-05-24 04:56:45
TXN202600000827,ACC105715,4297.48,DEPOSIT,2026-02-10 10:05:18
TXN202600000828,ACC101986,3225.28,DEPOSIT,2026-10-12 07:18:37
TXN202600000829,ACC103802,657.40,DEPOSIT,2026-06-06 00:06:36
TXN202600000830,ACC102294,1080.73,WITHDRAWAL,2026-10-22 18:30:03
TXN202600000831,ACC100987,2052.66,WITHDRAWAL,2026-05-09 11:49:32
TXN202600000832,ACC100628,2625.62,DEPOSIT,2026-04-18 23:40:18
TXN202600000833,ACC105705,821.64,WITHDRAWAL,2026-02-03 03:14:23
TXN202600000834,ACC101423,497.06,REVERSAL,2026-06-13 01:10:22
TXN202600000835,ACC101773,323.31,WITHDRAWAL,2026-08-12 00:32:13
TXN202600000836,ACC102593,3596.42,DEPOSIT,2026-06-12 23:08:44
TXN202600000837,ACC101024,3355.17,DEPOSIT,2026-10-17 22:19:35
TXN202600000838,ACC100884,4706.99,DEPOSIT,2026-08-20 07:10:28
TXN202600000839,ACC109414,1100.70,WITHDRAWAL,2026-10-23 04:38:11
TXN202600000840,ACC109438,1970.81,WITHDRAWAL,2026-02-14 19:16:08
TXN202600000841,ACC104196,1188.35,WITHDRAWAL,2026-02-23 05:41:32
TXN202600000842,ACC104140,1992.44,WITHDRAWAL,2026-05-25 02:30:01
TXN202600000843,ACC102162,1349.57,DEPOSIT,2026-10-06 09:33:59
TXN202600000844,ACC107238,1333.49,WITHDRAWAL,2026-11-06 06:55:12
TXN202600000845,ACC101181,1733.74,WITHDRAWAL,2026-04-26 03:11:15
TXN202600000846,ACC108241,4582.37,DEPOSIT,2026-02-26 04:04:51
TXN202600000847,ACC103508,3341.40,DEPOSIT,2026-10-08 23:52:02
TXN202600000848,ACC103842,974.75,DEPOSIT,2026-12-10 21:49:25
TXN202600000849,ACC106771,4345.92,DEPOSIT,2026-08-21 23:31:00
TXN202600000850,ACC105182,3441.44,DEPOSIT,2026-01-20 09:02:48
TXN202600000851,ACC103116,2814.90,DEPOSIT,2026-05-23 03:21:29
TXN202600000852,ACC105968,1690.18,WITHDRAWAL,2026-02-27 18:45:49
TXN202600000853,ACC104002,4659.01,DEPOSIT,2026-03-04 18:45:10
TXN202600000854,ACC104035,2208.28,DEPOSIT,2026-08-20 20:53:39
TXN202600000855,ACC109888,613.35,WITHDRAWAL,2026-03-26 01:40:48
TXN202600000856,ACC101326,2608.41,DEPOSIT,2026-02-09 22:32:54
TXN202600000857,ACC108632,906.35,DEPOSIT,2026-03-07 23:40:38
TXN202600000858,ACC100094,2835.86,DEPOSIT,2026-03-23 05:02:22
TXN202600000859,ACC104294,1564.20,DEPOSIT,2026-05-25 10:52:05
TXN202600000860,ACC107437,4473.81,DEPOSIT,2026-08-27 06:36:41
TXN202600000861,ACC104627,1214.31,WITHDRAWAL,2026-05-15 01:06:23
TXN202600000862,ACC105457,1119.50,WITHDRAWAL,2026-02-15 21:12:05
TXN202600000863,ACC100950,2331.54,DEPOSIT,2026-02-02 22:09:02
TXN202600000864,ACC102849,1029.56,DEPOSIT,2026-08-06 23:12:35
TXN202600000865,ACC109125,894.42,DEPOSIT,2026-05-25 08:41:50
TXN202600000866,ACC107600,3228.14,DEPOSIT,2026-08-26 07:59:29
TXN202600000867,ACC102939,3239.22,DEPOSIT,2026-11-23 18:34:02
TXN202600000868,ACC101101,266.04,REVERSAL,2026-12-19 01:00:07
TXN202600000869,ACC106482,3672.36,DEPOSIT,2026-01-15 11:53:55
TXN202600000870,ACC108066,4372.05,DEPOSIT,2026-05-04 09:08:06
TXN202600000871,ACC106080,3038.43,DEPOSIT,2026-10-28 19:46:40
TXN202600000872,ACC101192,2628.90,DEPOSIT,2026-04-10 22:19:09
TXN202600000873,ACC100494,1999.85,WITHDRAWAL,2026-01-20 15:03:11
TXN202600000874,ACC104493,1031.49,DEPOSIT,2026-08-18 01:48:45
TXN202600000875,ACC107652,1614.64,DEPOSIT,2026-06-16 17:38:20
TXN202600000876,ACC102380,3247.71,DEPOSIT,2026-08-23 20:46:07
TXN202600000877,ACC109409,1230.19,WITHDRAWAL,2026-04-17 14:44:16
TXN202600000878,ACC100012,2271.37,DEPOSIT,2026-05-10 16:04:21
TXN202600000879,ACC105255,227.79,WITHDRAWAL,2026-05-16 21:26:23
TXN202600000880,ACC105331,794.47,DEPOSIT,2026-05-22 06:12:40
TXN202600000881,ACC105988,1314.24,WITHDRAWAL,2026-05-20 16:30:51
TXN202600000882,ACC105786,1754.88,DEPOSIT,2026-08-03 01:35:30
TXN202600000883,ACC105996,659.09,DEPOSIT,2026-12-21 02:52:11
TXN202600000884,ACC102923,1281.46,DEPOSIT,2026-04-28 07:54:08
TXN202600000885,ACC106547,1398.96,WITHDRAWAL,2026-07-26 21:47:41
TXN202600000886,ACC106261,1024.97,DEPOSIT,2026-12-12 02:05:21
TXN202600000887,ACC109975,530.61,DEPOSIT,2026-06-16 15:55:44
TXN202600000888,ACC104737,3085.79,DEPOSIT,2026-12-10 15:13:16
TXN202600000889,ACC101147,4687.62,DEPOSIT,2026-01-06 08:05:04
TXN202600000890,ACC109533,1153.95,WITHDRAWAL,2026-01-13 18:36:45
TXN202600000891,ACC105119,3658.24,DEPOSIT,2026-09-13 10:05:27
TXN202600000892,ACC103175,462.23,WITHDRAWAL,2026-04-11 03:13:52
TXN202600000893,ACC100731,614.83,DEPOSIT,2026-02-01 14:04:54
TXN202600000894,ACC105588,2796.45,DEPOSIT,2026-05-03 09:27:28
TXN202600000895,ACC108058,2005.81,DEPOSIT,2026-07-02 06:06:26
TXN202600000896,ACC108879,3042.73,DEPOSIT,2026-10-26 17:50:31
TXN202600000897,ACC102324,1849.52,WITHDRAWAL,2026-02-17 20:12:46
TXN202600000898,ACC107918,1645.72,WITHDRAWAL,2026-10-06 19:40:42
TXN202600000899,ACC103189,2183.34,DEPOSIT,2026-06-19 06:06:58
TXN202600000900,ACC104606,1785.27,WITHDRAWAL,2026-09-23 01:30:53
TXN202600000901,ACC109258,4051.69,DEPOSIT,2026-02-04 20:25:57
TXN202600000902,ACC105008,1027.79,DEPOSIT,2026-09-07 04:55:52
TXN202600000903,ACC108267,1084.50,REVERSAL,2026-08-26 16:08:55
TXN202600000904,ACC102268,1317.92,WITHDRAWAL,2026-11-17 21:11:25
TXN202600000905,ACC105267,2159.32,DEPOSIT,2026-03-04 08:04:26
TXN202600000906,ACC107826,1550.55,WITHDRAWAL,2026-04-02 20:58:02
TXN202600000907,ACC109035,3313.20,DEPOSIT,2026-06-05 18:43:55
TXN202600000908,ACC109137,1484.73,DEPOSIT,2026-07-10 16:00:51
TXN202600000909,ACC108932,1033.26,DEPOSIT,2026-07-22 21:09:37
TXN202600000910,ACC109759,4639.45,DEPOSIT,2026-08-02 04:00:58
TXN202600000911,ACC108532,1759.87,DEPOSIT,2026-12-08 16:06:47
TXN202600000912,ACC105895,3825.97,DEPOSIT,2026-11-19 02:17:06
TXN202600000913,ACC104361,1960.58,WITHDRAWAL,2026-02-09 09:56:20
TXN202600000914,ACC108689,2931.10,DEPOSIT,2026-04-25 07:12:57
TXN202600000915,ACC101337,4143.13,DEPOSIT,2026-03-06 03:29:40
TXN202600000916,ACC101948,1432.98,DEPOSIT,2026-07-19 02:25:38
TXN202600000917,ACC107323,2765.28,DEPOSIT,2026-05-10 20:37:28
TXN202600000918,ACC105591,2237.75,DEPOSIT,2026-04-06 10:50:44
TXN202600000919,ACC104607,4861.80,DEPOSIT,2026-02-05 10:27:30
TXN202600000920,ACC103326,2400.27,DEPOSIT,2026-04-05 11:05:03
TXN202600000921,ACC109881,1512.61,DEPOSIT,2026-02-11 10:02:40
TXN202600000922,ACC100992,1834.34,DEPOSIT,2026-10-19 20:34:41
TXN202600000923,ACC104028,1539.42,WITHDRAWAL,2026-09-05 21:43:00
TXN202600000924,ACC109774,828.22,WITHDRAWAL,2026-05-12 23:24:07
TXN202600000925,ACC103042,102.32,REVERSAL,2026-10-01 07:02:06
TXN202600000926,ACC104799,1909.48,DEPOSIT,2026-08-26 14:41:05
TXN202600000927,ACC100168,3070.38,DEPOSIT,2026-09-11 12:09:01
TXN202600000928,ACC107103,1090.16,WITHDRAWAL,2026-01-16 22:18:12
TXN202600000929,ACC104614,695.01,DEPOSIT,2026-01-28 01:57:55
TXN202600000930,ACC101159,731.15,DEPOSIT,2026-02-06 19:29:16
TXN202600000931,ACC105405,4317.72,DEPOSIT,2026-05-03 12:08:44
TXN202600000932,ACC103750,726.50,REVERSAL,2026-06-16 08:46:19
TXN202600000933,ACC103866,1341.15,WITHDRAWAL,2026-06-11 01:45:43
TXN202600000934,ACC100366,4308.93,DEPOSIT,2026-05-21 16:34:05
TXN202600000935,ACC100776,1976.56,WITHDRAWAL,2026-05-15 10:10:33
TXN202600000936,ACC105402,1606.45,WITHDRAWAL,2026-12-28 13:50:45
TXN202600000937,ACC105491,935.56,WITHDRAWAL,2026-07-10 09:32:14
TXN202600000938,ACC109228,580.67,REVERSAL,2026-11-13 12:12:41
TXN202600000939,ACC100502,4068.68,DEPOSIT,2026-07-23 14:17:45
TXN202600000940,ACC106131,608.46,WITHDRAWAL,2026-07-01 20:36:45
TXN202600000941,ACC100855,1218.33,DEPOSIT,2026-12-10 23:00:03
TXN202600000942,ACC105690,1867.43,DEPOSIT,2026-11-20 09:49:15
TXN202600000943,ACC105370,496.14,WITHDRAWAL,2026-04-01 00:23:49
TXN202600000944,ACC101820,1111.95,DEPOSIT,2026-04-10 01:52:08
TXN202600000945,ACC106257,1807.17,WITHDRAWAL,2026-05-05 09:53:29
TXN202600000946,ACC109428,457.23,REVERSAL,2026-10-06 01:06:19
TXN202600000947,ACC105939,3138.66,DEPOSIT,2026-11-12 06:11:03
TXN202600000948,ACC109779,1210.10,WITHDRAWAL,2026-03-03 20:18:44
TXN202600000949,ACC103579,1105.27,DEPOSIT,2026-10-08 06:27:04
TXN202600000950,ACC108105,3580.39,DEPOSIT,2026-11-15 02:58:46
TXN202600000951,ACC109400,2669.22,DEPOSIT,2026-10-07 19:20:19
TXN202600000952,ACC105749,3636.59,DEPOSIT,2026-02-21 01:31:45
TXN202600000953,ACC101907,4526.83,DEPOSIT,2026-02-18 19:02:32
TXN202600000954,ACC107192,2170.27,DEPOSIT,2026-10-19 10:29:38
TXN202600000955,ACC108718,4949.11,DEPOSIT,2026-11-13 01:50:03
TXN202600000956,ACC104516,1450.09,DEPOSIT,2026-08-06 02:52:30
TXN202600000957,ACC107496,3231.60,DEPOSIT,2026-09-28 19:11:10
TXN202600000958,ACC104546,4951.93,DEPOSIT,2026-06-20 11:04:40
TXN202600000959,ACC108990,962.20,DEPOSIT,2026-03-27 00:28:19
TXN202600000960,ACC100466,1706.05,WITHDRAWAL,2026-02-23 22:20:59
TXN202600000961,ACC101356,2746.59,DEPOSIT,2026-12-24 05:06:40
TXN202600000962,ACC109485,146.32,REVERSAL,2026-07-24 23:47:12
TXN202600000963,ACC106257,622.57,DEPOSIT,2026-01-15 12:42:33
TXN202600000964,ACC106468,372.85,REVERSAL,2026-10-22 05:49:08
TXN202600000965,ACC104897,646.38,DEPOSIT,2026-12-12 01:31:13
TXN202600000966,ACC102908,3802.30,DEPOSIT,2026-12-26 04:04:15
TXN202600000967,ACC102757,899.81,DEPOSIT,2026-12-01 02:06:33
TXN202600000968,ACC103762,603.36,WITHDRAWAL,2026-06-16 17:27:37
TXN202600000969,ACC103342,4746.53,DEPOSIT,2026-10-10 10:43:26
TXN202600000970,ACC105209,3904.46,DEPOSIT,2026-01-07 01:19:45
TXN202600000971,ACC100007,734.97,WITHDRAWAL,2026-12-17 19:33:49
TXN202600000972,ACC106068,1113.04,DEPOSIT,2026-05-26 06:34:08
TXN202600000973,ACC107673,2604.97,DEPOSIT,2026-08-15 13:06:02
TXN202600000974,ACC108589,1768.03,DEPOSIT,2026-05-14 22:18:31
TXN202600000975,ACC108857,1576.32,DEPOSIT,2026-09-14 15:29:02
TXN202600000976,ACC105732,1626.12,DEPOSIT,2026-05-09 18:54:18
TXN202600000977,ACC105627,333.77,REVERSAL,2026-02-18 00:25:18
TXN202600000978,ACC100052,291.82,WITHDRAWAL,2026-05-09 16:39:58
TXN202600000979,ACC106603,4782.41,DEPOSIT,2026-04-06 18:42:09
TXN202600000980,ACC100336,241.04,WITHDRAWAL,2026-10-12 05:50:09
TXN202600000981,ACC106097,3819.02,DEPOSIT,2026-10-24 12:47:57
TXN202600000982,ACC105803,1855.52,WITHDRAWAL,2026-10-04 18:35:37
TXN202600000983,ACC104066,309.15,WITHDRAWAL,2026-07-05 18:14:43
TXN202600000984,ACC107270,2507.88,DEPOSIT,2026-05-09 01:59:22
TXN202600000985,ACC106455,1578.46,DEPOSIT,2026-12-27 20:29:57
TXN202600000986,ACC106099,313.02,WITHDRAWAL,2026-11-11 21:19:14
TXN202600000987,ACC105750,4953.12,DEPOSIT,2026-12-05 07:30:05
TXN202600000988,ACC109399,212.26,REVERSAL,2026-05-05 03:23:00
TXN202600000989,ACC103709,2335.61,DEPOSIT,2026-06-20 19:39:19
TXN202600000990,ACC105358,2788.99,DEPOSIT,2026-04-02 16:55:44
TXN202600000991,ACC109581,3014.88,DEPOSIT,2026-02-20 01:33:27
TXN202600000992,ACC108695,1002.65,WITHDRAWAL,2026-01-11 08:05:51
TXN202600000993,ACC102468,130.87,REVERSAL,2026-08-23 16:41:18
TXN202600000994,ACC107022,1030.97,DEPOSIT,2026-11-18 00:04:10
TXN202600000995,ACC103587,4267.25,DEPOSIT,2026-06-03 21:09:48
TXN202600000996,ACC101849,2265.40,DEPOSIT,2026-11-14 01:53:49
TXN202600000997,ACC100655,763.28,REVERSAL,2026-09-23 05:57:40
TXN202600000998,ACC100859,4875.45,DEPOSIT,2026-03-22 09:59:47
TXN202600000999,ACC102164,4408.57,DEPOSIT,2026-07-19 08:07:44
TXN202600001000,ACC100212,2978.44,DEPOSIT,2026-02-13 15:14:00
TXN202600001001,ACC103188,1097.74,DEPOSIT,2026-04-08 19:54:15
TXN202600001002,ACC101787,1411.72,DEPOSIT,2026-07-20 02:49:51
TXN202600001003,ACC104430,713.05,DEPOSIT,2026-10-19 17:10:21
TXN202600001004,ACC107442,524.30,WITHDRAWAL,2026-12-12 22:02:14
TXN202600001005,ACC106457,971.18,WITHDRAWAL,2026-11-07 23:08:21
TXN202600001006,ACC107945,882.39,REVERSAL,2026-07-11 21:19:36
TXN202600001007,ACC109025,2397.28,DEPOSIT,2026-10-27 03:56:50
TXN202600001008,ACC108046,2922.12,DEPOSIT,2026-09-06 13:37:35
TXN202600001009,ACC109033,1455.62,WITHDRAWAL,2026-06-26 00:28:40
TXN202600001010,ACC102352,2748.48,DEPOSIT,2026-03-01 11:01:38
TXN202600001011,ACC102959,1980.59,DEPOSIT,2026-05-20 08:06:06
TXN202600001012,ACC104163,971.95,WITHDRAWAL,2026-09-22 04:55:38
TXN202600001013,ACC103695,865.28,WITHDRAWAL,2026-04-14 22:58:23
TXN202600001014,ACC102222,1676.79,WITHDRAWAL,2026-01-20 04:28:41
TXN202600001015,ACC105022,2863.22,DEPOSIT,2026-09-15 23:37:21
TXN202600001016,ACC109889,4410.82,DEPOSIT,2026-02-07 05:57:11
TXN202600001017,ACC100071,3527.48,DEPOSIT,2026-01-02 20:39:22
TXN202600001018,ACC106355,1926.79,WITHDRAWAL,2026-07-06 20:54:23
TXN202600001019,ACC108339,1697.85,WITHDRAWAL,2026-11-13 22:07:13
TXN202600001020,ACC102777,129.79,WITHDRAWAL,2026-07-14 03:44:54
TXN202600001021,ACC103617,3036.55,DEPOSIT,2026-10-03 22:02:41
TXN202600001022,ACC103825,3379.42,DEPOSIT,2026-06-10 15:02:58
TXN202600001023,ACC108854,4697.39,DEPOSIT,2026-02-09 16:18:10
TXN202600001024,ACC103453,3074.68,DEPOSIT,2026-05-21 21:07:18
TXN202600001025,ACC109839,1813.96,WITHDRAWAL,2026-04-11 03:36:36
TXN202600001026,ACC103964,4721.26,DEPOSIT,2026-07-14 06:18:17
TXN202600001027,ACC103874,3927.18,DEPOSIT,2026-12-11 16:22:38
TXN202600001028,ACC106915,1519.38,WITHDRAWAL,2026-05-27 11:32:46
TXN202600001029,ACC105940,1919.22,WITHDRAWAL,2026-04-24 12:18:36
TXN202600001030,ACC101081,1046.76,WITHDRAWAL,2026-09-21 14:58:40
TXN202600001031,ACC105700,121.97,WITHDRAWAL,2026-07-05 19:17:54
TXN202600001032,ACC101825,3256.61,DEPOSIT,2026-04-20 23:15:07
TXN202600001033,ACC106917,4423.23,DEPOSIT,2026-12-24 11:59:01
TXN202600001034,ACC106305,1328.33,WITHDRAWAL,2026-09-20 08:00:55
TXN202600001035,ACC109177,1205.39,WITHDRAWAL,2026-05-05 17:28:26
TXN202600001036,ACC105279,428.52,REVERSAL,2026-05-11 22:24:04
TXN202600001037,ACC106601,4260.66,DEPOSIT,2026-12-13 20:29:53
TXN202600001038,ACC109932,2531.68,DEPOSIT,2026-12-27 03:36:51
TXN202600001039,ACC106818,3675.74,DEPOSIT,2026-08-24 20:12:48
TXN202600001040,ACC108394,1392.20,WITHDRAWAL,2026-02-20 20:11:00
TXN202600001041,ACC107690,3720.82,DEPOSIT,2026-05-24 07:26:23
TXN202600001042,ACC100935,4414.31,DEPOSIT,2026-04-07 03:15:52
TXN202600001043,ACC109457,1538.33,DEPOSIT,2026-11-15 00:15:25
TXN202600001044,ACC102300,706.96,DEPOSIT,2026-03-09 10:11:42
TXN202600001045,ACC101459,3174.12,DEPOSIT,2026-09-06 03:57:29
TXN202600001046,ACC109904,645.92,DEPOSIT,2026-08-26 13:37:47
TXN202600001047,ACC107146,1536.26,WITHDRAWAL,2026-03-01 09:22:58
TXN202600001048,ACC105143,2105.88,DEPOSIT,2026-08-03 19:37:24
TXN202600001049,ACC104690,3679.71,DEPOSIT,2026-08-11 12:48:44
TXN202600001050,ACC105367,3880.18,DEPOSIT,2026-06-16 17:37:01
TXN202600001051,ACC101540,252.44,REVERSAL,2026-09-01 07:42:08
TXN202600001052,ACC101081,1340.02,WITHDRAWAL,2026-11-19 02:31:03
TXN202600001053,ACC104677,530.04,WITHDRAWAL,2026-01-20 05:24:47
TXN202600001054,ACC102397,947.93,DEPOSIT,2026-03-10 14:57:34
TXN202600001055,ACC102296,1201.29,WITHDRAWAL,2026-06-06 04:53:52
TXN202600001056,ACC108870,4189.74,DEPOSIT,2026-03-19 21:32:41
TXN202600001057,ACC104958,2410.56,DEPOSIT,2026-02-26 06:22:32
TXN202600001058,ACC106038,1828.53,DEPOSIT,2026-07-06 00:16:34
TXN202600001059,ACC100494,1533.67,WITHDRAWAL,2026-02-23 20:04:15
TXN202600001060,ACC105955,3077.44,DEPOSIT,2026-02-16 13:48:23
TXN202600001061,ACC100208,362.04,WITHDRAWAL,2026-07-20 23:50:28
TXN202600001062,ACC103896,429.20,REVERSAL,2026-04-12 05:01:51
TXN202600001063,ACC109557,1998.55,DEPOSIT,2026-11-15 04:36:38
TXN202600001064,ACC104615,3109.79,DEPOSIT,2026-11-27 19:02:26
TXN202600001065,ACC103697,2109.83,DEPOSIT,2026-11-23 03:56:23
TXN202600001066,ACC101931,726.47,DEPOSIT,2026-10-04 10:15:41
TXN202600001067,ACC103417,1726.61,WITHDRAWAL,2026-08-12 11:14:47
TXN202600001068,ACC101018,1404.67,WITHDRAWAL,2026-08-27 11:32:13
TXN202600001069,ACC106712,1774.60,WITHDRAWAL,2026-12-16 21:29:38
TXN202600001070,ACC105240,952.65,WITHDRAWAL,2026-06-10 03:01:35
TXN202600001071,ACC108972,3148.67,DEPOSIT,2026-03-09 12:17:17
TXN202600001072,ACC106200,2242.39,DEPOSIT,2026-12-27 13:14:12
TXN202600001073,ACC106782,1505.67,DEPOSIT,2026-11-03 22:00:26
TXN202600001074,ACC102747,1092.92,WITHDRAWAL,2026-10-16 00:05:16
TXN202600001075,ACC103663,3914.01,DEPOSIT,2026-01-01 17:09:19
TXN202600001076,ACC101196,1135.62,DEPOSIT,2026-02-21 23:52:23
TXN202600001077,ACC104367,460.83,WITHDRAWAL,2026-09-09 20:02:11
TXN202600001078,ACC102435,312.40,WITHDRAWAL,2026-02-20 08:58:43
TXN202600001079,ACC104568,2079.78,DEPOSIT,2026-09-15 08:59:06
TXN202600001080,ACC101462,4022.41,DEPOSIT,2026-12-27 03:31:52
TXN202600001081,ACC104616,1345.91,DEPOSIT,2026-02-03 19:28:50
TXN202600001082,ACC100207,4418.15,DEPOSIT,2026-01-25 17:44:21
TXN202600001083,ACC103755,3913.46,DEPOSIT,2026-05-17 10:53:46
TXN202600001084,ACC102279,4228.04,DEPOSIT,2026-12-14 23:01:08
TXN202600001085,ACC107623,352.52,WITHDRAWAL,2026-02-07 08:18:18
TXN202600001086,ACC100897,4782.51,DEPOSIT,2026-08-13 21:52:07
TXN202600001087,ACC106195,1812.49,DEPOSIT,2026-11-27 06:17:40
TXN202600001088,ACC109329,1073.94,REVERSAL,2026-02-14 15:50:47
TXN202600001089,ACC101792,2555.23,DEPOSIT,2026-07-15 17:51:23
TXN202600001090,ACC103132,401.89,WITHDRAWAL,2026-02-05 15:14:29
TXN202600001091,ACC104776,1301.25,DEPOSIT,2026-01-12 18:50:50
TXN202600001092,ACC105354,3699.84,DEPOSIT,2026-12-03 20:27:03
TXN202600001093,ACC108532,307.69,WITHDRAWAL,2026-12-09 06:25:22
TXN202600001094,ACC108679,2860.40,DEPOSIT,2026-09-09 19:53:19
TXN202600001095,ACC108487,3952.36,DEPOSIT,2026-09-05 02:12:29
TXN202600001096,ACC107176,3611.57,DEPOSIT,2026-08-16 09:51:12
TXN202600001097,ACC104297,4813.25,DEPOSIT,2026-12-03 10:40:50
TXN202600001098,ACC103065,504.28,WITHDRAWAL,2026-03-03 02:54:24
TXN202600001099,ACC105151,257.09,REVERSAL,2026-12-18 23:59:34
TXN202600001100,ACC106835,3840.71,DEPOSIT,2026-12-20 00:26:06
TXN202600001101,ACC108646,1727.29,DEPOSIT,2026-06-10 10:52:31
TXN202600001102,ACC108876,2120.09,DEPOSIT,2026-02-17 02:30:53
TXN202600001103,ACC105695,4769.73,DEPOSIT,2026-02-02 16:56:41
TXN202600001104,ACC102984,4863.95,DEPOSIT,2026-01-03 00:16:16
TXN202600001105,ACC103926,930.77,DEPOSIT,2026-11-01 04:36:02
TXN202600001106,ACC108443,2024.61,DEPOSIT,2026-07-12 17:11:21
TXN202600001107,ACC102779,2098.72,DEPOSIT,2026-12-15 12:28:36
TXN202600001108,ACC109346,1365.55,DEPOSIT,2026-11-07 10:56:38
TXN202600001109,ACC104642,1903.10,DEPOSIT,2026-11-01 01:51:15
TXN202600001110,ACC102790,1546.66,WITHDRAWAL,2026-03-10 11:40:04
TXN202600001111,ACC103302,2489.11,DEPOSIT,2026-01-25 22:50:48
TXN202600001112,ACC101504,688.90,DEPOSIT,2026-06-08 07:19:53
TXN202600001113,ACC104537,1667.05,WITHDRAWAL,2026-07-20 11:39:01
TXN202600001114,ACC106715,1715.51,WITHDRAWAL,2026-08-05 23:31:19
TXN202600001115,ACC104551,4378.10,DEPOSIT,2026-09-18 22:18:42
TXN202600001116,ACC107539,974.52,WITHDRAWAL,2026-11-01 19:56:21
TXN202600001117,ACC104201,1253.87,WITHDRAWAL,2026-06-12 22:30:09
TXN202600001118,ACC102605,1656.84,DEPOSIT,2026-12-10 06:23:14
TXN202600001119,ACC107943,157.55,REVERSAL,2026-01-17 14:14:47
TXN202600001120,ACC104527,4058.31,DEPOSIT,2026-03-27 20:11:01
TXN202600001121,ACC108948,350.43,REVERSAL,2026-10-14 11:23:44
TXN202600001122,ACC104238,4752.62,DEPOSIT,2026-12-03 19:52:25
TXN202600001123,ACC105262,2998.64,DEPOSIT,2026-08-16 02:54:16
TXN202600001124,ACC108519,1601.25,DEPOSIT,2026-03-03 11:40:58
TXN202600001125,ACC109822,3764.02,DEPOSIT,2026-03-17 16:44:35
TXN202600001126,ACC103206,1897.18,WITHDRAWAL,2026-11-14 03:52:34
TXN202600001127,ACC106602,3397.64,DEPOSIT,2026-06-07 14:22:34
TXN202600001128,ACC101698,2509.08,DEPOSIT,2026-10-06 09:39:18
TXN202600001129,ACC108203,1954.63,DEPOSIT,2026-08-22 09:15:25
TXN202600001130,ACC102603,121.54,WITHDRAWAL,2026-08-24 05:37:16
TXN202600001131,ACC105433,997.23,WITHDRAWAL,2026-05-17 12:44:03
TXN202600001132,ACC108299,4417.24,DEPOSIT,2026-10-06 19:47:02
TXN202600001133,ACC108932,1193.53,DEPOSIT,2026-03-11 02:22:45
TXN202600001134,ACC104408,1491.88,WITHDRAWAL,2026-07-14 19:20:41
TXN202600001135,ACC101020,241.24,REVERSAL,2026-02-15 11:35:43
TXN202600001136,ACC107466,2634.77,DEPOSIT,2026-06-04 22:56:08
TXN202600001137,ACC107600,437.54,WITHDRAWAL,2026-05-22 02:56:39
TXN202600001138,ACC108200,4802.58,DEPOSIT,2026-11-16 23:33:29
TXN202600001139,ACC106468,1709.16,WITHDRAWAL,2026-08-02 08:09:59
TXN202600001140,ACC105789,1167.15,WITHDRAWAL,2026-05-13 03:26:18
TXN202600001141,ACC109900,4328.57,DEPOSIT,2026-12-24 17:59:55
TXN202600001142,ACC106249,903.25,WITHDRAWAL,2026-04-18 23:49:23
TXN202600001143,ACC102102,1700.53,DEPOSIT,2026-09-23 00:46:29
TXN202600001144,ACC104980,4288.09,DEPOSIT,2026-09-11 20:02:36
TXN202600001145,ACC101157,3717.48,DEPOSIT,2026-07-08 01:42:25
TXN202600001146,ACC102091,3316.85,DEPOSIT,2026-03-08 01:46:23
TXN202600001147,ACC101641,753.74,DEPOSIT,2026-06-11 12:16:45
TXN202600001148,ACC107454,271.81,WITHDRAWAL,2026-04-22 13:42:25
TXN202600001149,ACC100394,1106.80,WITHDRAWAL,2026-08-23 00:02:29
TXN202600001150,ACC103137,4877.62,DEPOSIT,2026-05-19 07:35:46
TXN202600001151,ACC107380,2715.69,DEPOSIT,2026-03-10 19:12:40
TXN202600001152,ACC107326,980.57,DEPOSIT,2026-10-01 11:34:34
TXN202600001153,ACC100732,1510.30,DEPOSIT,2026-04-12 21:11:49
TXN202600001154,ACC107900,1181.02,DEPOSIT,2026-03-04 03:38:07
TXN202600001155,ACC108705,1738.48,WITHDRAWAL,2026-12-21 19:39:21
TXN202600001156,ACC104298,4744.13,DEPOSIT,2026-04-04 00:11:34
TXN202600001157,ACC106784,4855.11,DEPOSIT,2026-01-02 14:53:05
TXN202600001158,ACC102837,2106.49,DEPOSIT,2026-08-18 03:55:05
TXN202600001159,ACC101791,547.31,WITHDRAWAL,2026-01-14 08:00:38
TXN202600001160,ACC104967,590.73,DEPOSIT,2026-10-09 12:20:27
TXN202600001161,ACC101529,842.69,REVERSAL,2026-07-07 08:29:05
TXN202600001162,ACC105521,2910.39,DEPOSIT,2026-12-17 14:36:46
TXN202600001163,ACC108105,1155.12,WITHDRAWAL,2026-02-08 10:54:35
TXN202600001164,ACC105104,3167.95,DEPOSIT,2026-10-10 21:45:27
TXN202600001165,ACC100160,2479.76,DEPOSIT,2026-07-01 14:47:11
TXN202600001166,ACC103708,1364.71,DEPOSIT,2026-07-11 20:25:06
TXN202600001167,ACC106770,2037.05,DEPOSIT,2026-07-13 11:44:44
TXN202600001168,ACC103342,1263.13,WITHDRAWAL,2026-02-26 15:30:00
TXN202600001169,ACC105550,2270.15,DEPOSIT,2026-07-28 15:31:28
TXN202600001170,ACC108560,3597.47,DEPOSIT,2026-11-11 10:31:41
TXN202600001171,ACC102490,1066.35,WITHDRAWAL,2026-12-25 14:14:21
TXN202600001172,ACC105871,1610.23,DEPOSIT,2026-05-17 20:54:53
TXN202600001173,ACC101389,4687.77,DEPOSIT,2026-03-05 12:14:03
TXN202600001174,ACC108812,1850.01,DEPOSIT,2026-05-25 19:31:08
TXN202600001175,ACC108679,616.06,REVERSAL,2026-09-06 09:07:12
TXN202600001176,ACC100514,3837.18,DEPOSIT,2026-06-14 21:18:15
TXN202600001177,ACC103852,3850.79,DEPOSIT,2026-09-02 00:23:10
TXN202600001178,ACC104064,920.18,WITHDRAWAL,2026-05-03 08:41:00
TXN202600001179,ACC105119,2073.20,DEPOSIT,2026-04-11 03:03:54
TXN202600001180,ACC109174,2536.77,DEPOSIT,2026-02-08 14:41:05
TXN202600001181,ACC109626,4506.90,DEPOSIT,2026-05-16 22:21:06
TXN202600001182,ACC107405,303.08,WITHDRAWAL,2026-12-16 08:10:20
TXN202600001183,ACC107978,4785.11,DEPOSIT,2026-10-03 22:27:24
TXN202600001184,ACC109695,1359.55,DEPOSIT,2026-02-24 14:40:12
TXN202600001185,ACC107480,1534.76,WITHDRAWAL,2026-01-15 06:37:02
TXN202600001186,ACC101687,875.56,DEPOSIT,2026-01-16 16:48:27
TXN202600001187,ACC107506,2199.25,DEPOSIT,2026-12-02 06:14:12
TXN202600001188,ACC105491,3802.54,DEPOSIT,2026-07-15 12:08:52
TXN202600001189,ACC100552,265.32,WITHDRAWAL,2026-10-18 16:02:40
TXN202600001190,ACC108980,2001.58,DEPOSIT,2026-05-28 12:51:47
TXN202600001191,ACC100228,2656.23,DEPOSIT,2026-07-24 15:00:01
TXN202600001192,ACC109318,4678.81,DEPOSIT,2026-12-09 18:12:16
TXN202600001193,ACC109602,3917.46,DEPOSIT,2026-12-22 22:02:42
TXN202600001194,ACC107019,245.27,WITHDRAWAL,2026-12-21 11:04:02
TXN202600001195,ACC101246,4537.43,DEPOSIT,2026-03-14 19:18:42
TXN202600001196,ACC102723,1242.71,WITHDRAWAL,2026-03-10 21:42:22
TXN202600001197,ACC103292,203.37,WITHDRAWAL,2026-06-17 05:07:46
TXN202600001198,ACC102200,795.83,REVERSAL,2026-06-26 22:43:29
TXN202600001199,ACC109328,382.48,WITHDRAWAL,2026-08-18 01:26:43
TXN202600001200,ACC103509,2971.49,DEPOSIT,2026-07-14 03:38:07
TXN202600001201,ACC108686,615.16,WITHDRAWAL,2026-03-20 04:53:54
TXN202600001202,ACC102772,889.60,DEPOSIT,2026-07-13 09:10:39
TXN202600001203,ACC107709,4375.24,DEPOSIT,2026-05-08 14:17:54
TXN202600001204,ACC106967,689.65,WITHDRAWAL,2026-10-18 03:05:00
TXN202600001205,ACC101254,1668.85,WITHDRAWAL,2026-01-20 04:36:49
TXN202600001206,ACC100991,1874.21,DEPOSIT,2026-02-04 00:16:10
TXN202600001207,ACC106025,3662.20,DEPOSIT,2026-03-08 23:21:38
TXN202600001208,ACC107594,985.78,WITHDRAWAL,2026-12-27 00:29:30
TXN202600001209,ACC101775,920.96,WITHDRAWAL,2026-01-06 14:08:19
TXN202600001210,ACC108952,541.22,DEPOSIT,2026-06-28 19:29:58
TXN202600001211,ACC104378,1050.64,WITHDRAWAL,2026-06-28 20:55:51
TXN202600001212,ACC103517,800.66,REVERSAL,2026-06-07 06:27:29
TXN202600001213,ACC105929,2357.62,DEPOSIT,2026-01-24 23:43:48
TXN202600001214,ACC106673,909.64,DEPOSIT,2026-12-07 10:58:28
TXN202600001215,ACC106361,1550.14,WITHDRAWAL,2026-09-09 07:00:03
TXN202600001216,ACC102387,794.48,WITHDRAWAL,2026-04-04 10:03:08
TXN202600001217,ACC106678,657.29,DEPOSIT,2026-08-28 23:19:08
TXN202600001218,ACC100813,4776.50,DEPOSIT,2026-10-24 09:03:36
TXN202600001219,ACC100768,300.73,REVERSAL,2026-02-15 18:37:14
TXN202600001220,ACC100978,1022.97,WITHDRAWAL,2026-11-14 14:19:55
TXN202600001221,ACC102472,745.59,DEPOSIT,2026-09-08 05:17:16
TXN202600001222,ACC108339,2762.59,DEPOSIT,2026-01-14 05:31:06
TXN202600001223,ACC108027,1074.77,DEPOSIT,2026-03-03 12:52:59
TXN202600001224,ACC109103,4747.23,DEPOSIT,2026-03-19 10:54:01
TXN202600001225,ACC103990,156.72,WITHDRAWAL,2026-12-15 20:30:43
TXN202600001226,ACC107930,2849.99,DEPOSIT,2026-04-20 20:03:48
TXN202600001227,ACC107784,3483.02,DEPOSIT,2026-02-05 12:38:52
TXN202600001228,ACC102261,3401.13,DEPOSIT,2026-02-12 20:13:46
TXN202600001229,ACC105334,1131.59,DEPOSIT,2026-03-08 16:51:34
TXN202600001230,ACC103948,1254.37,DEPOSIT,2026-09-09 17:05:17
TXN202600001231,ACC105432,492.07,REVERSAL,2026-01-04 20:01:49
TXN202600001232,ACC102366,2481.18,DEPOSIT,2026-02-14 17:45:57
TXN202600001233,ACC105906,2568.41,DEPOSIT,2026-01-03 17:38:21
TXN202600001234,ACC100405,3173.08,DEPOSIT,2026-03-05 13:36:51
TXN202600001235,ACC100958,1639.19,DEPOSIT,2026-03-27 07:45:17
TXN202600001236,ACC104309,4577.09,DEPOSIT,2026-06-12 01:49:30
TXN202600001237,ACC105301,1748.82,WITHDRAWAL,2026-02-05 07:49:06
TXN202600001238,ACC102515,839.23,WITHDRAWAL,2026-10-13 06:54:54
TXN202600001239,ACC106812,1738.01,WITHDRAWAL,2026-01-27 11:05:59
TXN202600001240,ACC102956,1982.18,DEPOSIT,2026-05-01 22:06:13
TXN202600001241,ACC107276,2803.24,DEPOSIT,2026-08-28 04:40:32
TXN202600001242,ACC107125,633.36,DEPOSIT,2026-12-21 03:20:27
TXN202600001243,ACC105115,2558.62,DEPOSIT,2026-12-09 07:12:41
TXN202600001244,ACC100273,1285.76,DEPOSIT,2026-12-04 12:35:48
TXN202600001245,ACC106263,1971.33,DEPOSIT,2026-03-05 12:56:02
TXN202600001246,ACC103693,1066.98,WITHDRAWAL,2026-03-13 21:34:29
TXN202600001247,ACC107202,1100.50,WITHDRAWAL,2026-05-23 13:33:44
TXN202600001248,ACC105401,3950.78,DEPOSIT,2026-12-13 02:28:01
TXN202600001249,ACC102295,3868.22,DEPOSIT,2026-02-20 15:03:31
TXN202600001250,ACC100384,1228.80,DEPOSIT,2026-04-18 23:58:26
TXN202600001251,ACC104379,1389.61,DEPOSIT,2026-12-28 08:57:22
TXN202600001252,ACC108759,1892.19,WITHDRAWAL,2026-01-14 23:37:37
TXN202600001253,ACC100559,711.09,WITHDRAWAL,2026-03-12 14:36:44
TXN202600001254,ACC104018,3832.83,DEPOSIT,2026-09-24 23:19:59
TXN202600001255,ACC108514,1926.78,WITHDRAWAL,2026-03-02 23:34:03
TXN202600001256,ACC100771,1664.13,DEPOSIT,2026-08-21 05:22:26
TXN202600001257,ACC108677,953.90,WITHDRAWAL,2026-02-22 17:02:17
TXN202600001258,ACC109277,534.40,DEPOSIT,2026-03-23 11:11:59
TXN202600001259,ACC102423,3742.30,DEPOSIT,2026-01-12 08:48:32
TXN202600001260,ACC108517,1174.45,DEPOSIT,2026-06-07 10:30:41
TXN202600001261,ACC102656,1306.33,WITHDRAWAL,2026-06-20 15:57:14
TXN202600001262,ACC106025,2012.37,WITHDRAWAL,2026-08-07 20:22:19
TXN202600001263,ACC102521,701.97,WITHDRAWAL,2026-08-18 21:29:10
TXN202600001264,ACC109976,3200.59,DEPOSIT,2026-02-16 17:21:19
TXN202600001265,ACC107929,1761.61,WITHDRAWAL,2026-10-24 14:02:36
TXN202600001266,ACC105858,2643.82,DEPOSIT,2026-10-02 05:19:57
TXN202600001267,ACC100459,4186.55,DEPOSIT,2026-05-18 02:30:06
TXN202600001268,ACC101242,514.54,WITHDRAWAL,2026-02-19 13:39:52
TXN202600001269,ACC109388,4869.06,DEPOSIT,2026-09-28 13:42:01
TXN202600001270,ACC108070,292.82,WITHDRAWAL,2026-06-26 20:24:36
TXN202600001271,ACC101537,1597.19,DEPOSIT,2026-11-22 12:37:50
TXN202600001272,ACC104360,1656.33,DEPOSIT,2026-02-20 14:21:23
TXN202600001273,ACC102949,4300.18,DEPOSIT,2026-06-20 01:15:59
TXN202600001274,ACC107478,853.61,DEPOSIT,2026-09-09 07:48:41
TXN202600001275,ACC100769,2405.86,DEPOSIT,2026-04-02 19:02:19
TXN202600001276,ACC107140,2060.08,DEPOSIT,2026-11-09 09:33:55
TXN202600001277,ACC107397,1325.08,WITHDRAWAL,2026-12-01 13:12:52
TXN202600001278,ACC105234,4167.57,DEPOSIT,2026-05-19 00:42:04
TXN202600001279,ACC101731,897.97,DEPOSIT,2026-06-13 17:04:12
TXN202600001280,ACC105840,1362.40,WITHDRAWAL,2026-05-27 12:12:09
TXN202600001281,ACC109612,1590.98,DEPOSIT,2026-02-22 16:55:03
TXN202600001282,ACC108543,4482.56,DEPOSIT,2026-08-20 18:08:35
TXN202600001283,ACC108483,1784.63,WITHDRAWAL,2026-06-01 16:11:29
TXN202600001284,ACC108962,2084.84,WITHDRAWAL,2026-05-16 06:48:11
TXN202600001285,ACC105805,3420.48,DEPOSIT,2026-12-03 18:02:37
TXN202600001286,ACC102946,2018.83,DEPOSIT,2026-12-04 09:03:25
TXN202600001287,ACC102059,1126.27,DEPOSIT,2026-08-17 23:49:13
TXN202600001288,ACC106560,4559.63,DEPOSIT,2026-11-13 03:56:14
TXN202600001289,ACC108911,2370.47,DEPOSIT,2026-08-11 22:36:48
TXN202600001290,ACC104915,3843.85,DEPOSIT,2026-10-08 21:11:20
TXN202600001291,ACC101371,1377.39,DEPOSIT,2026-05-24 13:03:06
TXN202600001292,ACC100723,2720.25,DEPOSIT,2026-12-03 22:01:20
TXN202600001293,ACC109545,4325.46,DEPOSIT,2026-04-11 09:11:19
TXN202600001294,ACC107309,1950.91,DEPOSIT,2026-07-12 07:40:19
TXN202600001295,ACC100947,1649.57,WITHDRAWAL,2026-03-12 20:46:01
TXN202600001296,ACC102677,2229.43,DEPOSIT,2026-12-19 05:44:53
TXN202600001297,ACC103939,2786.75,DEPOSIT,2026-10-26 10:54:52
TXN202600001298,ACC104267,512.51,DEPOSIT,2026-12-05 10:18:08
TXN202600001299,ACC102166,915.94,REVERSAL,2026-04-25 23:56:15
TXN202600001300,ACC104980,986.85,DEPOSIT,2026-01-11 08:40:26
TXN202600001301,ACC106713,562.93,WITHDRAWAL,2026-07-05 16:41:40
TXN202600001302,ACC101946,1256.44,WITHDRAWAL,2026-09-18 19:02:19
TXN202600001303,ACC108390,4549.42,DEPOSIT,2026-06-13 19:14:24
TXN202600001304,ACC105150,3172.21,DEPOSIT,2026-06-08 09:10:41
TXN202600001305,ACC101465,1337.60,DEPOSIT,2026-07-02 22:57:06
TXN202600001306,ACC104714,1655.69,DEPOSIT,2026-09-12 01:56:32
TXN202600001307,ACC107707,3505.83,DEPOSIT,2026-12-24 01:22:03
TXN202600001308,ACC104149,112.97,REVERSAL,2026-08-15 04:09:42
TXN202600001309,ACC109921,2138.04,DEPOSIT,2026-12-11 09:03:55
TXN202600001310,ACC102686,865.01,REVERSAL,2026-08-15 20:26:52
TXN202600001311,ACC105406,882.47,WITHDRAWAL,2026-03-03 10:48:55
TXN202600001312,ACC102090,2589.36,DEPOSIT,2026-12-18 00:25:17
TXN202600001313,ACC108131,2805.29,DEPOSIT,2026-06-14 07:46:03
TXN202600001314,ACC105946,4318.54,DEPOSIT,2026-09-16 01:15:37
TXN202600001315,ACC109384,721.01,DEPOSIT,2026-09-06 18:22:19
TXN202600001316,ACC102356,2293.01,DEPOSIT,2026-10-03 21:34:52
TXN202600001317,ACC102227,1087.82,WITHDRAWAL,2026-03-15 18:31:42
TXN202600001318,ACC107986,1019.53,WITHDRAWAL,2026-08-27 05:51:13
TXN202600001319,ACC109637,998.59,WITHDRAWAL,2026-09-28 13:05:54
TXN202600001320,ACC106407,908.19,WITHDRAWAL,2026-11-13 19:48:29
TXN202600001321,ACC103797,1396.54,WITHDRAWAL,2026-03-14 11:02:35
TXN202600001322,ACC109678,251.79,REVERSAL,2026-04-09 21:51:38
TXN202600001323,ACC100149,357.39,WITHDRAWAL,2026-09-11 12:19:48
TXN202600001324,ACC107839,4876.32,DEPOSIT,2026-04-12 09:18:54
TXN202600001325,ACC107809,4192.34,DEPOSIT,2026-09-16 07:24:21
TXN202600001326,ACC105498,528.11,WITHDRAWAL,2026-09-08 20:59:56
TXN202600001327,ACC106151,566.66,DEPOSIT,2026-02-10 16:21:39
TXN202600001328,ACC109876,1111.60,DEPOSIT,2026-08-19 19:45:43
TXN202600001329,ACC108192,2109.04,DEPOSIT,2026-09-07 13:56:48
TXN202600001330,ACC101024,4442.59,DEPOSIT,2026-11-07 12:33:57
TXN202600001331,ACC103469,937.60,DEPOSIT,2026-03-24 21:15:10
TXN202600001332,ACC100581,969.65,WITHDRAWAL,2026-09-20 01:03:19
TXN202600001333,ACC102382,1160.01,WITHDRAWAL,2026-07-21 05:24:28
TXN202600001334,ACC101005,1066.35,WITHDRAWAL,2026-08-01 10:32:39
TXN202600001335,ACC104989,3474.27,DEPOSIT,2026-06-16 08:49:21
TXN202600001336,ACC102559,2796.91,DEPOSIT,2026-07-13 14:13:02
TXN202600001337,ACC103496,2892.70,DEPOSIT,2026-06-27 18:19:49
TXN202600001338,ACC105651,4559.48,DEPOSIT,2026-09-14 14:40:34
TXN202600001339,ACC102139,1065.75,REVERSAL,2026-04-05 01:42:57
TXN202600001340,ACC107124,1579.52,WITHDRAWAL,2026-03-03 23:03:40
TXN202600001341,ACC104253,2445.19,DEPOSIT,2026-06-27 09:57:03
TXN202600001342,ACC100883,655.58,REVERSAL,2026-10-07 09:18:27
TXN202600001343,ACC109186,1341.87,WITHDRAWAL,2026-01-25 17:57:20
TXN202600001344,ACC107014,835.24,REVERSAL,2026-04-23 16:45:44
TXN202600001345,ACC109182,1455.86,DEPOSIT,2026-11-08 07:56:31
TXN202600001346,ACC101681,2298.65,DEPOSIT,2026-05-08 13:26:12
TXN202600001347,ACC107898,1846.67,DEPOSIT,2026-05-24 21:17:03
TXN202600001348,ACC105179,1464.04,DEPOSIT,2026-09-07 17:22:41
TXN202600001349,ACC107823,1845.02,DEPOSIT,2026-05-22 22:15:36
TXN202600001350,ACC108001,1823.12,WITHDRAWAL,2026-06-10 00:43:54
TXN202600001351,ACC107312,4376.40,DEPOSIT,2026-11-27 00:30:34
TXN202600001352,ACC100761,3697.57,DEPOSIT,2026-05-07 14:54:56
TXN202600001353,ACC109669,4244.96,DEPOSIT,2026-10-04 15:27:11
TXN202600001354,ACC106669,1554.41,DEPOSIT,2026-10-16 09:03:14
TXN202600001355,ACC105139,520.07,REVERSAL,2026-06-02 20:52:12
TXN202600001356,ACC108409,4309.84,DEPOSIT,2026-05-18 18:09:24
TXN202600001357,ACC100936,599.51,WITHDRAWAL,2026-09-07 17:28:27
TXN202600001358,ACC105023,1804.79,DEPOSIT,2026-02-07 09:49:07
TXN202600001359,ACC104451,2127.82,DEPOSIT,2026-06-28 18:12:51
TXN202600001360,ACC105541,926.29,WITHDRAWAL,2026-05-20 19:15:00
TXN202600001361,ACC103888,3408.76,DEPOSIT,2026-10-18 16:26:45
TXN202600001362,ACC108561,4613.28,DEPOSIT,2026-08-16 02:00:59
TXN202600001363,ACC104306,4394.89,DEPOSIT,2026-11-12 05:40:15
TXN202600001364,ACC108523,1910.49,DEPOSIT,2026-11-07 09:56:16
TXN202600001365,ACC101578,885.87,REVERSAL,2026-03-22 15:38:04
TXN202600001366,ACC103041,883.98,WITHDRAWAL,2026-07-15 02:35:26
TXN202600001367,ACC108308,541.11,DEPOSIT,2026-10-07 10:33:56
TXN202600001368,ACC105034,2838.04,DEPOSIT,2026-09-07 23:43:47
TXN202600001369,ACC103026,3104.40,DEPOSIT,2026-07-09 06:15:01
TXN202600001370,ACC103729,1264.57,WITHDRAWAL,2026-05-07 17:44:04
TXN202600001371,ACC103472,235.81,REVERSAL,2026-09-07 02:16:43
TXN202600001372,ACC102993,3019.25,DEPOSIT,2026-07-24 23:12:18
TXN202600001373,ACC109303,732.47,WITHDRAWAL,2026-03-09 12:51:20
TXN202600001374,ACC102416,1301.95,WITHDRAWAL,2026-11-14 06:55:02
TXN202600001375,ACC107135,1640.49,WITHDRAWAL,2026-03-15 22:35:12
TXN202600001376,ACC108549,810.75,REVERSAL,2026-02-17 01:23:31
TXN202600001377,ACC107948,4792.76,DEPOSIT,2026-04-12 22:41:53
TXN202600001378,ACC108212,4141.40,DEPOSIT,2026-01-23 22:41:14
TXN202600001379,ACC106729,133.16,WITHDRAWAL,2026-09-09 09:18:46
TXN202600001380,ACC102185,503.11,DEPOSIT,2026-06-08 13:36:06
TXN202600001381,ACC101859,652.62,WITHDRAWAL,2026-09-26 05:39:47
TXN202600001382,ACC101793,1793.75,WITHDRAWAL,2026-05-23 21:15:10
TXN202600001383,ACC103389,197.73,WITHDRAWAL,2026-06-10 09:17:05
TXN202600001384,ACC107013,797.34,WITHDRAWAL,2026-04-22 20:31:11
TXN202600001385,ACC108977,4275.30,DEPOSIT,2026-03-23 03:23:12
TXN202600001386,ACC105345,1339.67,DEPOSIT,2026-08-11 10:03:32
TXN202600001387,ACC106871,123.85,WITHDRAWAL,2026-11-10 06:18:38
TXN202600001388,ACC108625,1416.96,WITHDRAWAL,2026-12-17 18:39:01
TXN202600001389,ACC101742,1335.78,DEPOSIT,2026-07-04 14:43:26
TXN202600001390,ACC102236,489.15,WITHDRAWAL,2026-04-06 06:35:28
TXN202600001391,ACC104345,2256.10,DEPOSIT,2026-07-22 01:01:15
TXN202600001392,ACC109657,1033.83,WITHDRAWAL,2026-04-14 06:56:33
TXN202600001393,ACC102548,4849.11,DEPOSIT,2026-01-19 19:34:59
TXN202600001394,ACC106750,2058.90,WITHDRAWAL,2026-02-05 13:07:31
TXN202600001395,ACC106340,3526.53,DEPOSIT,2026-12-15 14:49:24
TXN202600001396,ACC104968,1708.63,WITHDRAWAL,2026-10-06 00:03:12
TXN202600001397,ACC101485,1593.26,DEPOSIT,2026-04-14 12:34:09
TXN202600001398,ACC103333,2231.96,DEPOSIT,2026-05-20 19:21:18
TXN202600001399,ACC103645,4739.16,DEPOSIT,2026-03-11 18:50:54
TXN202600001400,ACC105070,632.84,WITHDRAWAL,2026-06-19 18:34:56
TXN202600001401,ACC107095,2582.35,DEPOSIT,2026-12-26 02:58:34
TXN202600001402,ACC100786,776.91,WITHDRAWAL,2026-05-12 08:20:17
TXN202600001403,ACC109403,4345.37,DEPOSIT,2026-07-08 13:30:23
TXN202600001404,ACC106013,4634.27,DEPOSIT,2026-05-22 15:42:07
TXN202600001405,ACC106529,708.95,WITHDRAWAL,2026-10-09 03:44:01
TXN202600001406,ACC100981,506.97,REVERSAL,2026-04-04 12:11:48
TXN202600001407,ACC103173,1994.07,DEPOSIT,2026-06-18 08:50:15
TXN202600001408,ACC109317,1215.58,WITHDRAWAL,2026-02-19 14:19:05
TXN202600001409,ACC102765,4336.75,DEPOSIT,2026-03-26 21:33:03
TXN202600001410,ACC107235,1754.41,WITHDRAWAL,2026-04-09 19:24:09
TXN202600001411,ACC106998,487.05,WITHDRAWAL,2026-06-03 23:24:08
TXN202600001412,ACC100589,672.84,DEPOSIT,2026-08-14 23:28:06
TXN202600001413,ACC102109,2058.60,DEPOSIT,2026-08-17 08:57:38
TXN202600001414,ACC108225,2666.26,DEPOSIT,2026-03-16 18:40:50
TXN202600001415,ACC107418,4427.70,DEPOSIT,2026-09-06 00:24:26
TXN202600001416,ACC106843,4287.40,DEPOSIT,2026-09-10 12:53:46
TXN202600001417,ACC101016,789.49,DEPOSIT,2026-02-21 07:42:57
TXN202600001418,ACC106040,1706.76,DEPOSIT,2026-09-13 23:47:39
TXN202600001419,ACC105152,1985.21,DEPOSIT,2026-09-26 10:45:36
TXN202600001420,ACC109415,1710.94,WITHDRAWAL,2026-04-21 09:38:34
TXN202600001421,ACC100244,3899.91,DEPOSIT,2026-04-28 07:37:09
TXN202600001422,ACC108801,870.73,DEPOSIT,2026-01-23 20:58:22
TXN202600001423,ACC107767,1642.00,DEPOSIT,2026-09-09 22:58:52
TXN202600001424,ACC109646,4857.58,DEPOSIT,2026-04-01 04:07:09
TXN202600001425,ACC105114,2331.01,DEPOSIT,2026-12-11 22:50:01
TXN202600001426,ACC107863,1225.04,DEPOSIT,2026-11-05 12:10:33
TXN202600001427,ACC101299,1440.92,WITHDRAWAL,2026-09-23 01:08:58
TXN202600001428,ACC108459,4034.85,DEPOSIT,2026-03-07 21:36:56
TXN202600001429,ACC109399,197.55,WITHDRAWAL,2026-09-28 05:38:03
TXN202600001430,ACC108473,4453.16,DEPOSIT,2026-03-16 05:36:59
TXN202600001431,ACC109079,1085.01,DEPOSIT,2026-05-06 00:20:26
TXN202600001432,ACC101069,3058.58,DEPOSIT,2026-08-07 07:32:56
TXN202600001433,ACC104695,3841.03,DEPOSIT,2026-07-17 14:57:51
TXN202600001434,ACC109751,456.26,WITHDRAWAL,2026-08-27 12:20:11
TXN202600001435,ACC104746,1538.37,WITHDRAWAL,2026-06-10 17:26:25
TXN202600001436,ACC107606,1842.09,WITHDRAWAL,2026-12-01 13:39:40
TXN202600001437,ACC107722,4400.49,DEPOSIT,2026-12-12 14:51:27
TXN202600001438,ACC103874,3741.35,DEPOSIT,2026-01-17 19:16:55
TXN202600001439,ACC107796,1710.34,DEPOSIT,2026-06-24 00:54:32
TXN202600001440,ACC102567,3632.15,DEPOSIT,2026-07-15 13:17:24
TXN202600001441,ACC108161,1969.60,DEPOSIT,2026-12-02 03:09:01
TXN202600001442,ACC101038,1077.77,WITHDRAWAL,2026-07-23 05:16:53
TXN202600001443,ACC107439,1702.11,DEPOSIT,2026-12-25 07:52:52
TXN202600001444,ACC103991,4263.80,DEPOSIT,2026-08-01 08:02:22
TXN202600001445,ACC105855,2035.30,DEPOSIT,2026-10-26 14:15:54
TXN202600001446,ACC106449,208.84,WITHDRAWAL,2026-08-20 07:08:37
TXN202600001447,ACC102824,429.22,WITHDRAWAL,2026-05-05 12:01:10
TXN202600001448,ACC105419,2182.66,DEPOSIT,2026-08-19 07:10:20
TXN202600001449,ACC102634,675.03,DEPOSIT,2026-01-25 18:48:14
TXN202600001450,ACC109059,4641.48,DEPOSIT,2026-02-18 17:43:28
TXN202600001451,ACC108766,4872.23,DEPOSIT,2026-08-25 07:34:19
TXN202600001452,ACC101740,821.94,WITHDRAWAL,2026-11-07 14:04:39
TXN202600001453,ACC102184,1319.27,DEPOSIT,2026-07-25 19:58:49
TXN202600001454,ACC105054,2265.09,DEPOSIT,2026-05-16 03:16:10
TXN202600001455,ACC102271,1756.65,DEPOSIT,2026-07-28 01:25:05
TXN202600001456,ACC106357,4938.46,DEPOSIT,2026-11-21 13:17:05
TXN202600001457,ACC106804,4895.90,DEPOSIT,2026-09-08 00:09:04
TXN202600001458,ACC103389,1420.22,DEPOSIT,2026-08-24 01:25:40
TXN202600001459,ACC106575,325.38,WITHDRAWAL,2026-07-23 06:44:36
TXN202600001460,ACC100244,890.25,DEPOSIT,2026-10-09 01:07:24
TXN202600001461,ACC105528,267.27,WITHDRAWAL,2026-08-16 09:30:13
TXN202600001462,ACC108398,3707.36,DEPOSIT,2026-08-16 22:54:03
TXN202600001463,ACC108146,1955.15,DEPOSIT,2026-03-14 11:23:25
TXN202600001464,ACC101990,3677.30,DEPOSIT,2026-03-13 23:24:00
TXN202600001465,ACC106579,3358.89,DEPOSIT,2026-04-22 01:35:42
TXN202600001466,ACC109185,4182.87,DEPOSIT,2026-02-06 12:01:11
TXN202600001467,ACC107406,3026.59,DEPOSIT,2026-05-12 08:23:10
TXN202600001468,ACC100765,1153.46,WITHDRAWAL,2026-01-05 17:26:09
TXN202600001469,ACC109122,1830.94,DEPOSIT,2026-05-08 12:34:45
TXN202600001470,ACC109863,4676.33,DEPOSIT,2026-09-21 10:32:52
TXN202600001471,ACC105708,566.80,WITHDRAWAL,2026-11-27 06:56:51
TXN202600001472,ACC102796,900.88,WITHDRAWAL,2026-10-28 23:06:26
TXN202600001473,ACC106920,388.64,WITHDRAWAL,2026-05-21 09:15:04
TXN202600001474,ACC103830,1265.37,DEPOSIT,2026-06-03 11:03:07
TXN202600001475,ACC102758,590.07,WITHDRAWAL,2026-10-03 01:04:31
TXN202600001476,ACC101799,4509.12,DEPOSIT,2026-09-18 15:02:46
TXN202600001477,ACC109896,1017.93,WITHDRAWAL,2026-06-21 17:35:39
TXN202600001478,ACC108802,4058.62,DEPOSIT,2026-06-11 06:13:41
TXN202600001479,ACC101384,1615.76,WITHDRAWAL,2026-10-05 22:34:08
TXN202600001480,ACC105973,3677.76,DEPOSIT,2026-05-05 20:17:34
TXN202600001481,ACC105255,1797.28,DEPOSIT,2026-10-03 05:57:17
TXN202600001482,ACC106435,1104.25,DEPOSIT,2026-02-22 16:16:15
TXN202600001483,ACC108785,3396.48,DEPOSIT,2026-03-05 06:27:42
TXN202600001484,ACC101039,391.15,WITHDRAWAL,2026-02-14 18:04:52
TXN202600001485,ACC101436,727.55,DEPOSIT,2026-01-21 19:35:18
TXN202600001486,ACC101571,4423.32,DEPOSIT,2026-10-20 03:07:31
TXN202600001487,ACC107760,4153.17,DEPOSIT,2026-10-06 02:01:48
TXN202600001488,ACC100959,1467.53,DEPOSIT,2026-10-07 08:32:05
TXN202600001489,ACC103681,1753.67,DEPOSIT,2026-04-24 02:55:51
TXN202600001490,ACC103518,1365.17,DEPOSIT,2026-04-17 01:09:25
TXN202600001491,ACC107144,310.05,WITHDRAWAL,2026-01-19 20:12:04
TXN202600001492,ACC107267,4428.30,DEPOSIT,2026-10-12 20:20:27
TXN202600001493,ACC108465,179.31,WITHDRAWAL,2026-05-22 09:40:44
TXN202600001494,ACC107442,2695.46,DEPOSIT,2026-05-18 09:33:36
TXN202600001495,ACC107886,109.66,REVERSAL,2026-10-14 04:31:59
TXN202600001496,ACC101978,4826.43,DEPOSIT,2026-04-08 02:41:52
TXN202600001497,ACC102329,602.74,REVERSAL,2026-05-01 11:00:44
TXN202600001498,ACC103198,3556.21,DEPOSIT,2026-05-07 01:33:04
TXN202600001499,ACC105384,121.85,WITHDRAWAL,2026-04-06 07:34:06
TXN202600001500,ACC105363,3863.15,DEPOSIT,2026-03-06 21:54:29
TXN202600001501,ACC102793,698.50,REVERSAL,2026-12-03 22:16:44
TXN202600001502,ACC107157,3682.30,DEPOSIT,2026-06-20 02:17:46
TXN202600001503,ACC108014,173.92,WITHDRAWAL,2026-04-18 17:30:26
TXN202600001504,ACC101619,3442.00,DEPOSIT,2026-11-02 03:04:19
TXN202600001505,ACC101170,3751.06,DEPOSIT,2026-11-17 23:37:04
TXN202600001506,ACC109386,1886.01,WITHDRAWAL,2026-04-11 15:51:43
TXN202600001507,ACC107354,866.32,DEPOSIT,2026-09-09 12:25:16
TXN202600001508,ACC107677,1488.46,WITHDRAWAL,2026-04-07 13:09:05
TXN202600001509,ACC103240,4856.28,DEPOSIT,2026-05-18 22:39:36
TXN202600001510,ACC101906,1725.65,WITHDRAWAL,2026-11-17 05:50:51
TXN202600001511,ACC106729,3968.83,DEPOSIT,2026-03-25 06:37:53
TXN202600001512,ACC104473,2031.30,DEPOSIT,2026-10-09 20:34:59
TXN202600001513,ACC108351,2496.00,DEPOSIT,2026-01-15 16:54:52
TXN202600001514,ACC104599,238.60,WITHDRAWAL,2026-10-17 11:44:23
TXN202600001515,ACC102793,803.26,WITHDRAWAL,2026-03-26 23:38:19
TXN202600001516,ACC103407,717.94,DEPOSIT,2026-04-13 13:10:12
TXN202600001517,ACC102239,4213.89,DEPOSIT,2026-02-10 07:19:19
TXN202600001518,ACC107057,4334.62,DEPOSIT,2026-05-23 19:18:27
TXN202600001519,ACC106842,719.03,WITHDRAWAL,2026-05-01 08:30:33
TXN202600001520,ACC106395,551.40,REVERSAL,2026-04-18 05:37:56
TXN202600001521,ACC101089,530.09,REVERSAL,2026-10-13 11:33:43
TXN202600001522,ACC104844,2637.73,DEPOSIT,2026-04-19 07:41:08
TXN202600001523,ACC106639,706.54,REVERSAL,2026-01-23 04:18:47
TXN202600001524,ACC101608,1752.91,DEPOSIT,2026-04-04 21:12:42
TXN202600001525,ACC100624,3874.61,DEPOSIT,2026-02-18 13:25:39
TXN202600001526,ACC105494,1180.57,DEPOSIT,2026-02-28 20:04:38
TXN202600001527,ACC105100,741.67,WITHDRAWAL,2026-05-14 02:16:59
TXN202600001528,ACC108599,919.44,WITHDRAWAL,2026-07-24 15:37:23
TXN202600001529,ACC100107,1271.05,WITHDRAWAL,2026-11-26 22:12:35
TXN202600001530,ACC101472,1067.55,DEPOSIT,2026-11-12 18:54:51
TXN202600001531,ACC106455,1888.07,DEPOSIT,2026-09-12 17:25:00
TXN202600001532,ACC107079,916.12,DEPOSIT,2026-08-24 23:37:45
TXN202600001533,ACC105264,1376.15,WITHDRAWAL,2026-06-07 19:10:04
TXN202600001534,ACC103098,4656.66,DEPOSIT,2026-09-15 10:22:18
TXN202600001535,ACC107080,840.64,WITHDRAWAL,2026-09-17 10:42:55
TXN202600001536,ACC107516,598.33,WITHDRAWAL,2026-01-05 02:04:52
TXN202600001537,ACC105456,3531.30,DEPOSIT,2026-01-24 04:06:09
TXN202600001538,ACC105145,4468.39,DEPOSIT,2026-02-25 22:27:20
TXN202600001539,ACC101851,1863.22,DEPOSIT,2026-08-03 01:48:44
TXN202600001540,ACC108089,2086.86,WITHDRAWAL,2026-01-02 09:25:12
TXN202600001541,ACC100831,1224.76,DEPOSIT,2026-11-25 16:22:14
TXN202600001542,ACC105987,2084.66,DEPOSIT,2026-03-14 12:35:34
TXN202600001543,ACC100651,1123.37,DEPOSIT,2026-05-21 03:09:37
TXN202600001544,ACC102375,4705.26,DEPOSIT,2026-06-09 15:17:04
TXN202600001545,ACC105586,3206.97,DEPOSIT,2026-11-22 18:25:15
TXN202600001546,ACC108910,1941.85,WITHDRAWAL,2026-06-16 19:53:24
TXN202600001547,ACC102726,4269.97,DEPOSIT,2026-12-10 17:30:07
TXN202600001548,ACC106334,1296.98,WITHDRAWAL,2026-11-18 22:58:27
TXN202600001549,ACC100592,3272.57,DEPOSIT,2026-01-22 14:25:45
TXN202600001550,ACC102678,1643.41,WITHDRAWAL,2026-09-25 03:29:47
TXN202600001551,ACC109741,3596.39,DEPOSIT,2026-01-24 19:45:18
TXN202600001552,ACC108809,1952.90,DEPOSIT,2026-03-26 14:13:11
TXN202600001553,ACC100292,576.08,WITHDRAWAL,2026-11-17 12:45:40
TXN202600001554,ACC105318,1804.18,WITHDRAWAL,2026-04-15 17:20:36
TXN202600001555,ACC102034,3562.50,DEPOSIT,2026-08-07 22:58:40
TXN202600001556,ACC105300,1806.30,DEPOSIT,2026-11-21 13:37:25
TXN202600001557,ACC107431,3953.92,DEPOSIT,2026-01-20 20:42:19
TXN202600001558,ACC107227,4254.14,DEPOSIT,2026-06-21 00:03:38
TXN202600001559,ACC105402,481.02,WITHDRAWAL,2026-02-10 22:19:26
TXN202600001560,ACC109294,4813.56,DEPOSIT,2026-07-05 15:40:42
TXN202600001561,ACC103784,2078.30,WITHDRAWAL,2026-05-17 00:55:19
TXN202600001562,ACC103702,4838.62,DEPOSIT,2026-04-12 01:03:47
TXN202600001563,ACC107819,2164.12,DEPOSIT,2026-10-18 20:25:37
TXN202600001564,ACC100889,570.93,DEPOSIT,2026-10-16 23:31:04
TXN202600001565,ACC101669,2863.53,DEPOSIT,2026-02-22 20:42:36
TXN202600001566,ACC106664,4020.54,DEPOSIT,2026-08-13 11:07:07
TXN202600001567,ACC108796,3978.19,DEPOSIT,2026-08-24 08:43:18
TXN202600001568,ACC103526,385.23,WITHDRAWAL,2026-09-22 20:51:57
TXN202600001569,ACC102352,3219.30,DEPOSIT,2026-09-09 09:02:34
TXN202600001570,ACC106277,2158.53,DEPOSIT,2026-03-15 19:26:11
TXN202600001571,ACC105945,4481.82,DEPOSIT,2026-05-05 07:03:27
TXN202600001572,ACC101628,698.38,WITHDRAWAL,2026-03-05 05:20:46
TXN202600001573,ACC105357,3015.03,DEPOSIT,2026-07-03 05:12:36
TXN202600001574,ACC103203,1452.62,DEPOSIT,2026-07-19 04:16:31
TXN202600001575,ACC109374,889.87,WITHDRAWAL,2026-03-09 22:26:11
TXN202600001576,ACC106768,4857.62,DEPOSIT,2026-03-07 12:34:08
TXN202600001577,ACC105520,1970.46,WITHDRAWAL,2026-08-10 20:48:56
TXN202600001578,ACC109098,139.08,REVERSAL,2026-05-25 15:18:52
TXN202600001579,ACC102808,1713.41,DEPOSIT,2026-05-22 13:51:33
TXN202600001580,ACC109531,1671.63,WITHDRAWAL,2026-04-16 06:40:19
TXN202600001581,ACC100209,1377.75,DEPOSIT,2026-11-08 17:03:24
TXN202600001582,ACC100836,4780.41,DEPOSIT,2026-04-26 21:36:30
TXN202600001583,ACC106473,4620.38,DEPOSIT,2026-05-07 12:44:45
TXN202600001584,ACC103529,629.41,WITHDRAWAL,2026-03-18 00:03:05
TXN202600001585,ACC107786,3293.10,DEPOSIT,2026-11-11 21:40:54
TXN202600001586,ACC106476,103.71,WITHDRAWAL,2026-03-02 15:36:54
TXN202600001587,ACC104659,4980.46,DEPOSIT,2026-01-28 09:30:52
TXN202600001588,ACC100645,1864.91,WITHDRAWAL,2026-04-23 12:41:51
TXN202600001589,ACC106341,489.62,WITHDRAWAL,2026-02-21 07:29:56
TXN202600001590,ACC101424,4727.00,DEPOSIT,2026-10-05 13:50:08
TXN202600001591,ACC100362,1622.37,WITHDRAWAL,2026-10-18 00:03:36
TXN202600001592,ACC105088,3371.96,DEPOSIT,2026-10-23 18:08:20
TXN202600001593,ACC108160,4636.19,DEPOSIT,2026-09-11 17:01:20
TXN202600001594,ACC100496,280.28,REVERSAL,2026-10-23 19:40:10
TXN202600001595,ACC107603,297.96,WITHDRAWAL,2026-07-17 16:43:41
TXN202600001596,ACC102761,1901.61,DEPOSIT,2026-09-08 14:18:59
TXN202600001597,ACC109866,619.88,WITHDRAWAL,2026-02-19 17:29:09
TXN202600001598,ACC107278,1516.20,DEPOSIT,2026-11-13 13:20:42
TXN202600001599,ACC105609,952.75,REVERSAL,2026-07-11 20:05:05
TXN202600001600,ACC101524,211.13,WITHDRAWAL,2026-06-19 08:08:41
TXN202600001601,ACC100068,1231.92,DEPOSIT,2026-12-20 21:09:27
TXN202600001602,ACC106061,1396.67,WITHDRAWAL,2026-08-08 04:14:32
TXN202600001603,ACC109460,2195.73,DEPOSIT,2026-05-16 23:20:00
TXN202600001604,ACC109380,1389.17,WITHDRAWAL,2026-11-14 06:13:52
TXN202600001605,ACC107266,2142.37,DEPOSIT,2026-06-02 13:17:19
TXN202600001606,ACC105140,2649.16,DEPOSIT,2026-03-06 13:41:25
TXN202600001607,ACC103442,3674.06,DEPOSIT,2026-06-21 14:20:20
TXN202600001608,ACC107650,1415.59,WITHDRAWAL,2026-10-18 12:57:33
TXN202600001609,ACC109578,2993.24,DEPOSIT,2026-08-12 05:26:16
TXN202600001610,ACC107370,1833.28,DEPOSIT,2026-04-22 17:27:37
TXN202600001611,ACC106384,457.22,WITHDRAWAL,2026-07-03 10:29:10
TXN202600001612,ACC106550,1097.93,DEPOSIT,2026-10-20 04:28:30
TXN202600001613,ACC101138,1683.10,DEPOSIT,2026-11-12 00:40:23
TXN202600001614,ACC104026,3280.00,DEPOSIT,2026-03-06 07:11:42
TXN202600001615,ACC109935,4358.31,DEPOSIT,2026-03-18 11:24:10
TXN202600001616,ACC106555,3864.42,DEPOSIT,2026-06-12 06:19:28
TXN202600001617,ACC109171,1762.86,DEPOSIT,2026-09-07 05:35:40
TXN202600001618,ACC104814,425.52,WITHDRAWAL,2026-10-28 03:40:05
TXN202600001619,ACC106705,3094.90,DEPOSIT,2026-02-08 22:19:07
TXN202600001620,ACC107805,2297.09,DEPOSIT,2026-03-19 17:07:21
TXN202600001621,ACC107850,3930.19,DEPOSIT,2026-06-19 13:16:01
TXN202600001622,ACC109333,2645.57,DEPOSIT,2026-06-08 02:25:39
TXN202600001623,ACC107434,182.91,WITHDRAWAL,2026-04-14 23:07:12
TXN202600001624,ACC106156,1136.92,DEPOSIT,2026-01-18 23:42:18
TXN202600001625,ACC108739,1249.17,DEPOSIT,2026-08-02 18:23:49
TXN202600001626,ACC106126,4716.66,DEPOSIT,2026-02-18 11:29:05
TXN202600001627,ACC101874,4783.03,DEPOSIT,2026-05-11 22:25:59
TXN202600001628,ACC100375,4147.76,DEPOSIT,2026-02-22 12:15:38
TXN202600001629,ACC100861,3303.58,DEPOSIT,2026-03-06 18:52:18
TXN202600001630,ACC104540,1268.61,WITHDRAWAL,2026-02-17 15:50:07
TXN202600001631,ACC107775,3901.82,DEPOSIT,2026-02-02 22:40:05
TXN202600001632,ACC101731,1973.45,DEPOSIT,2026-05-06 23:35:49
TXN202600001633,ACC109883,2014.00,DEPOSIT,2026-01-17 01:03:18
TXN202600001634,ACC108129,2234.42,DEPOSIT,2026-05-08 01:42:58
TXN202600001635,ACC103373,658.05,WITHDRAWAL,2026-03-26 09:54:08
TXN202600001636,ACC103379,3172.41,DEPOSIT,2026-08-04 15:44:46
TXN202600001637,ACC102991,1261.54,DEPOSIT,2026-11-12 18:30:03
TXN202600001638,ACC102965,1062.14,WITHDRAWAL,2026-03-09 23:15:54
TXN202600001639,ACC102167,1168.26,DEPOSIT,2026-10-25 05:28:35
TXN202600001640,ACC106255,1040.68,DEPOSIT,2026-11-02 14:35:13
TXN202600001641,ACC104574,3264.33,DEPOSIT,2026-10-13 06:59:46
TXN202600001642,ACC102031,3675.97,DEPOSIT,2026-03-10 06:12:47
TXN202600001643,ACC103916,3417.26,DEPOSIT,2026-10-07 17:08:49
TXN202600001644,ACC108256,131.63,WITHDRAWAL,2026-10-28 18:35:12
TXN202600001645,ACC103889,4846.60,DEPOSIT,2026-02-02 18:40:27
TXN202600001646,ACC103672,1307.60,DEPOSIT,2026-01-14 01:35:55
TXN202600001647,ACC107197,2166.98,DEPOSIT,2026-05-26 16:02:30
TXN202600001648,ACC100479,3899.37,DEPOSIT,2026-01-08 06:13:53
TXN202600001649,ACC109472,3324.77,DEPOSIT,2026-05-17 05:29:42
TXN202600001650,ACC107596,163.81,REVERSAL,2026-01-18 11:33:14
TXN202600001651,ACC105948,1711.01,WITHDRAWAL,2026-04-05 20:38:28
TXN202600001652,ACC102347,1353.85,DEPOSIT,2026-03-19 21:07:38
TXN202600001653,ACC103638,415.59,WITHDRAWAL,2026-01-28 07:10:27
TXN202600001654,ACC101226,1403.51,WITHDRAWAL,2026-09-02 08:05:20
TXN202600001655,ACC102572,1726.52,WITHDRAWAL,2026-02-18 20:29:11
TXN202600001656,ACC105473,3263.51,DEPOSIT,2026-02-15 15:23:40
TXN202600001657,ACC103361,4292.79,DEPOSIT,2026-05-04 03:15:59
TXN202600001658,ACC101120,1730.88,WITHDRAWAL,2026-11-15 07:38:31
TXN202600001659,ACC108773,1598.56,WITHDRAWAL,2026-12-10 06:09:28
TXN202600001660,ACC100291,754.60,WITHDRAWAL,2026-01-21 17:27:04
TXN202600001661,ACC102992,1929.78,DEPOSIT,2026-08-03 22:37:04
TXN202600001662,ACC109810,1049.63,WITHDRAWAL,2026-04-20 18:15:46
TXN202600001663,ACC101054,4490.12,DEPOSIT,2026-06-09 13:16:17
TXN202600001664,ACC101524,136.27,WITHDRAWAL,2026-06-14 08:28:21
TXN202600001665,ACC101925,503.73,DEPOSIT,2026-01-16 21:40:53
TXN202600001666,ACC100562,437.51,WITHDRAWAL,2026-05-03 19:59:02
TXN202600001667,ACC109986,1436.04,WITHDRAWAL,2026-05-21 20:29:19
TXN202600001668,ACC100552,2755.62,DEPOSIT,2026-07-15 06:49:35
TXN202600001669,ACC109490,1904.57,WITHDRAWAL,2026-07-15 10:57:43
TXN202600001670,ACC107686,120.75,WITHDRAWAL,2026-06-15 09:20:39
TXN202600001671,ACC103581,597.68,WITHDRAWAL,2026-02-18 08:52:34
TXN202600001672,ACC108742,4051.56,DEPOSIT,2026-09-11 04:34:16
TXN202600001673,ACC106158,779.43,REVERSAL,2026-02-04 07:11:20
TXN202600001674,ACC108359,1803.56,DEPOSIT,2026-01-25 01:17:12
TXN202600001675,ACC101646,3888.60,DEPOSIT,2026-09-28 18:00:28
TXN202600001676,ACC102743,1560.93,DEPOSIT,2026-11-21 21:27:54
TXN202600001677,ACC108127,3480.18,DEPOSIT,2026-12-10 08:27:15
TXN202600001678,ACC102574,3873.30,DEPOSIT,2026-03-24 04:50:14
TXN202600001679,ACC103477,1396.77,WITHDRAWAL,2026-03-17 10:05:37
TXN202600001680,ACC107798,612.26,REVERSAL,2026-03-04 09:49:23
TXN202600001681,ACC103295,2003.78,WITHDRAWAL,2026-09-14 13:58:53
TXN202600001682,ACC109702,973.58,DEPOSIT,2026-07-19 15:05:17
TXN202600001683,ACC108548,3525.87,DEPOSIT,2026-06-10 20:17:24
TXN202600001684,ACC105599,2707.25,DEPOSIT,2026-01-17 15:13:31
TXN202600001685,ACC104809,1311.49,WITHDRAWAL,2026-10-07 13:35:46
TXN202600001686,ACC106575,1502.15,WITHDRAWAL,2026-08-27 14:32:51
TXN202600001687,ACC104687,1678.19,WITHDRAWAL,2026-12-19 22:28:40
TXN202600001688,ACC103505,3624.05,DEPOSIT,2026-01-04 09:01:41
TXN202600001689,ACC104746,2147.23,DEPOSIT,2026-05-24 20:47:17
TXN202600001690,ACC103191,1887.26,DEPOSIT,2026-03-27 08:03:58
TXN202600001691,ACC103709,3835.61,DEPOSIT,2026-04-05 08:14:00
TXN202600001692,ACC103198,4347.48,DEPOSIT,2026-05-21 12:08:02
TXN202600001693,ACC103234,822.76,WITHDRAWAL,2026-07-07 13:14:23
TXN202600001694,ACC109520,2001.26,WITHDRAWAL,2026-06-02 13:05:26
TXN202600001695,ACC106134,4445.43,DEPOSIT,2026-07-17 02:05:55
TXN202600001696,ACC101368,1672.90,DEPOSIT,2026-12-23 04:03:08
TXN202600001697,ACC105378,3722.98,DEPOSIT,2026-08-06 16:49:44
TXN202600001698,ACC101710,1929.09,DEPOSIT,2026-01-21 18:31:47
TXN202600001699,ACC104837,827.65,DEPOSIT,2026-07-20 01:13:20
TXN202600001700,ACC107587,588.65,DEPOSIT,2026-12-24 12:24:48
TXN202600001701,ACC107005,677.74,DEPOSIT,2026-02-25 13:00:04
TXN202600001702,ACC101191,1645.38,WITHDRAWAL,2026-04-08 03:14:15
TXN202600001703,ACC102469,1617.46,WITHDRAWAL,2026-07-14 18:34:54
TXN202600001704,ACC109863,180.34,REVERSAL,2026-08-13 03:00:03
TXN202600001705,ACC102217,760.90,WITHDRAWAL,2026-10-01 07:02:07
TXN202600001706,ACC109459,1387.50,DEPOSIT,2026-03-15 16:15:18
TXN202600001707,ACC109525,1608.85,DEPOSIT,2026-05-09 20:06:52
TXN202600001708,ACC108748,940.11,REVERSAL,2026-07-24 16:18:44
TXN202600001709,ACC103085,4724.46,DEPOSIT,2026-04-05 01:26:44
TXN202600001710,ACC101916,1942.63,WITHDRAWAL,2026-01-10 00:30:43
TXN202600001711,ACC104310,4172.77,DEPOSIT,2026-02-25 10:21:59
TXN202600001712,ACC105950,1021.00,WITHDRAWAL,2026-10-01 06:47:04
TXN202600001713,ACC106034,945.98,REVERSAL,2026-07-20 12:06:45
TXN202600001714,ACC104909,4051.55,DEPOSIT,2026-09-15 08:53:25
TXN202600001715,ACC105593,653.38,WITHDRAWAL,2026-01-14 06:22:22
TXN202600001716,ACC109433,3021.74,DEPOSIT,2026-01-28 16:45:08
TXN202600001717,ACC106451,3632.11,DEPOSIT,2026-02-07 14:39:17
TXN202600001718,ACC106084,1080.24,REVERSAL,2026-07-16 13:44:31
TXN202600001719,ACC101027,586.65,DEPOSIT,2026-12-11 06:08:32
TXN202600001720,ACC104619,4113.33,DEPOSIT,2026-02-15 22:18:34
TXN202600001721,ACC108415,3629.24,DEPOSIT,2026-12-10 04:25:36
TXN202600001722,ACC108129,3034.52,DEPOSIT,2026-11-03 21:09:35
TXN202600001723,ACC107210,1939.37,WITHDRAWAL,2026-12-04 11:16:14
TXN202600001724,ACC106550,557.77,DEPOSIT,2026-03-14 13:52:04
TXN202600001725,ACC103203,1553.84,WITHDRAWAL,2026-09-28 00:10:23
TXN202600001726,ACC100470,4553.23,DEPOSIT,2026-07-19 09:06:03
TXN202600001727,ACC102615,1710.79,WITHDRAWAL,2026-12-09 21:15:28
TXN202600001728,ACC107197,1827.02,WITHDRAWAL,2026-12-09 19:48:19
TXN202600001729,ACC100546,1652.28,WITHDRAWAL,2026-05-21 03:32:52
TXN202600001730,ACC108823,4717.12,DEPOSIT,2026-05-15 06:55:23
TXN202600001731,ACC101396,1301.57,WITHDRAWAL,2026-06-10 23:07:32
TXN202600001732,ACC108468,4368.81,DEPOSIT,2026-03-21 16:25:12
TXN202600001733,ACC100015,747.92,DEPOSIT,2026-11-13 04:21:37
TXN202600001734,ACC106441,312.10,WITHDRAWAL,2026-11-04 23:31:12
TXN202600001735,ACC102142,3608.08,DEPOSIT,2026-01-11 17:16:02
TXN202600001736,ACC104962,1873.91,DEPOSIT,2026-02-08 22:04:10
TXN202600001737,ACC101791,618.15,DEPOSIT,2026-11-04 23:13:18
TXN202600001738,ACC109908,172.83,REVERSAL,2026-01-16 11:04:17
TXN202600001739,ACC109937,1099.45,WITHDRAWAL,2026-05-22 16:29:40
TXN202600001740,ACC103744,487.62,WITHDRAWAL,2026-03-19 09:27:06
TXN202600001741,ACC108073,1854.87,WITHDRAWAL,2026-07-13 22:15:22
TXN202600001742,ACC106482,891.76,REVERSAL,2026-02-07 21:10:02
TXN202600001743,ACC106880,3986.33,DEPOSIT,2026-10-13 23:50:39
TXN202600001744,ACC108809,1076.12,WITHDRAWAL,2026-07-20 14:31:52
TXN202600001745,ACC108680,4453.99,DEPOSIT,2026-03-17 03:33:42
TXN202600001746,ACC106319,500.53,REVERSAL,2026-06-13 14:26:43
TXN202600001747,ACC105019,3099.96,DEPOSIT,2026-08-23 09:12:39
TXN202600001748,ACC109385,787.40,DEPOSIT,2026-06-04 08:56:24
TXN202600001749,ACC103109,2584.39,DEPOSIT,2026-09-15 19:50:49
TXN202600001750,ACC100985,1851.37,DEPOSIT,2026-05-07 04:32:05
TXN202600001751,ACC105224,2970.65,DEPOSIT,2026-11-20 12:18:43
TXN202600001752,ACC100767,1468.32,WITHDRAWAL,2026-04-15 22:25:43
TXN202600001753,ACC104350,4176.23,DEPOSIT,2026-09-22 03:59:16
TXN202600001754,ACC106080,852.02,WITHDRAWAL,2026-06-22 15:22:57
TXN202600001755,ACC103693,3120.17,DEPOSIT,2026-12-27 15:27:43
TXN202600001756,ACC101645,1583.82,WITHDRAWAL,2026-03-16 14:26:09
TXN202600001757,ACC103235,1555.50,DEPOSIT,2026-09-12 15:41:39
TXN202600001758,ACC103076,3646.16,DEPOSIT,2026-12-20 22:40:19
TXN202600001759,ACC104850,3510.22,DEPOSIT,2026-06-20 21:59:31
TXN202600001760,ACC105477,1235.38,DEPOSIT,2026-06-28 12:24:41
TXN202600001761,ACC106422,1110.16,WITHDRAWAL,2026-05-19 14:39:33
TXN202600001762,ACC107579,1509.59,DEPOSIT,2026-08-03 06:32:51
TXN202600001763,ACC109393,1911.59,DEPOSIT,2026-02-02 23:57:26
TXN202600001764,ACC109403,4091.93,DEPOSIT,2026-11-08 19:17:56
TXN202600001765,ACC107224,1068.14,DEPOSIT,2026-11-27 15:54:47
TXN202600001766,ACC103162,4735.59,DEPOSIT,2026-05-03 10:21:15
TXN202600001767,ACC100647,1299.19,WITHDRAWAL,2026-07-04 13:00:12
TXN202600001768,ACC107223,4268.95,DEPOSIT,2026-09-04 19:26:40
TXN202600001769,ACC106656,1462.89,DEPOSIT,2026-04-09 14:38:38
TXN202600001770,ACC103832,1448.65,WITHDRAWAL,2026-02-24 03:30:26
TXN202600001771,ACC106514,3606.84,DEPOSIT,2026-02-07 21:08:14
TXN202600001772,ACC103762,1852.91,DEPOSIT,2026-02-28 08:10:11
TXN202600001773,ACC106613,672.05,REVERSAL,2026-09-16 23:36:16
TXN202600001774,ACC102545,1565.28,DEPOSIT,2026-03-27 10:06:42
TXN202600001775,ACC104835,691.57,WITHDRAWAL,2026-10-20 02:12:01
TXN202600001776,ACC102597,2327.05,DEPOSIT,2026-01-16 01:54:57
TXN202600001777,ACC108016,2827.52,DEPOSIT,2026-06-27 09:59:23
TXN202600001778,ACC107710,1974.28,WITHDRAWAL,2026-03-16 09:18:07
TXN202600001779,ACC106331,2282.92,DEPOSIT,2026-12-13 22:15:39
TXN202600001780,ACC103967,3671.93,DEPOSIT,2026-01-25 22:04:16
TXN202600001781,ACC107869,1531.19,WITHDRAWAL,2026-06-08 04:13:21
TXN202600001782,ACC104063,1129.56,WITHDRAWAL,2026-10-14 05:28:33
TXN202600001783,ACC102735,751.95,WITHDRAWAL,2026-04-25 00:40:08
TXN202600001784,ACC105262,1375.43,DEPOSIT,2026-12-08 08:06:27
TXN202600001785,ACC104041,1057.94,WITHDRAWAL,2026-05-20 03:32:04
TXN202600001786,ACC107906,2451.17,DEPOSIT,2026-09-20 21:00:57
TXN202600001787,ACC101141,391.63,WITHDRAWAL,2026-06-22 06:55:22
TXN202600001788,ACC100786,351.53,REVERSAL,2026-12-24 20:22:46
TXN202600001789,ACC101027,3619.98,DEPOSIT,2026-04-09 18:55:55
TXN202600001790,ACC104843,970.18,DEPOSIT,2026-09-19 12:10:23
TXN202600001791,ACC100454,952.75,DEPOSIT,2026-05-12 11:48:37
TXN202600001792,ACC109167,1074.68,DEPOSIT,2026-09-16 00:09:31
TXN202600001793,ACC105388,4128.57,DEPOSIT,2026-12-02 08:33:23
TXN202600001794,ACC107004,605.61,DEPOSIT,2026-07-23 18:01:10
TXN202600001795,ACC100395,4341.25,DEPOSIT,2026-11-13 01:37:07
TXN202600001796,ACC103593,1974.17,WITHDRAWAL,2026-12-11 20:58:56
TXN202600001797,ACC100696,274.46,WITHDRAWAL,2026-10-08 06:26:10
TXN202600001798,ACC108923,561.82,DEPOSIT,2026-02-13 07:39:43
TXN202600001799,ACC108962,1017.30,DEPOSIT,2026-06-05 23:21:28
TXN202600001800,ACC103255,2871.76,DEPOSIT,2026-09-14 02:50:18
TXN202600001801,ACC108412,789.33,REVERSAL,2026-07-16 05:23:43
TXN202600001802,ACC107681,3834.92,DEPOSIT,2026-03-08 16:04:41
TXN202600001803,ACC108329,581.11,WITHDRAWAL,2026-04-08 05:45:47
TXN202600001804,ACC100482,2185.45,DEPOSIT,2026-06-22 14:59:23
TXN202600001805,ACC109584,4526.75,DEPOSIT,2026-05-17 03:00:59
TXN202600001806,ACC101255,534.95,REVERSAL,2026-07-06 08:38:24
TXN202600001807,ACC108735,2149.16,DEPOSIT,2026-11-12 11:51:06
TXN202600001808,ACC106500,3542.50,DEPOSIT,2026-01-04 06:30:20
TXN202600001809,ACC106908,1852.03,DEPOSIT,2026-12-12 23:08:29
TXN202600001810,ACC104841,1809.29,DEPOSIT,2026-04-09 00:07:12
TXN202600001811,ACC100695,3490.80,DEPOSIT,2026-01-06 13:19:02
TXN202600001812,ACC101372,997.76,DEPOSIT,2026-09-03 19:47:28
TXN202600001813,ACC101549,3264.81,DEPOSIT,2026-10-15 16:54:38
TXN202600001814,ACC103604,2104.53,DEPOSIT,2026-04-08 06:52:54
TXN202600001815,ACC102470,2106.88,DEPOSIT,2026-01-02 09:23:40
TXN202600001816,ACC104630,787.37,WITHDRAWAL,2026-01-22 13:01:55
TXN202600001817,ACC109375,454.49,WITHDRAWAL,2026-07-21 10:04:21
TXN202600001818,ACC104233,4132.93,DEPOSIT,2026-07-04 01:22:31
TXN202600001819,ACC101698,1444.18,DEPOSIT,2026-04-21 14:17:44
TXN202600001820,ACC106181,531.11,WITHDRAWAL,2026-03-24 10:24:39
TXN202600001821,ACC109425,1817.37,DEPOSIT,2026-05-17 00:09:00
TXN202600001822,ACC100969,2341.54,DEPOSIT,2026-01-10 10:24:34
TXN202600001823,ACC105266,780.43,WITHDRAWAL,2026-04-20 06:49:38
TXN202600001824,ACC103787,3681.19,DEPOSIT,2026-06-05 07:25:57
TXN202600001825,ACC100854,4819.64,DEPOSIT,2026-05-12 10:50:01
TXN202600001826,ACC107177,3342.73,DEPOSIT,2026-10-17 04:18:50
TXN202600001827,ACC100658,1935.32,DEPOSIT,2026-04-16 13:53:43
TXN202600001828,ACC100684,312.25,REVERSAL,2026-04-04 21:02:08
TXN202600001829,ACC104015,733.43,REVERSAL,2026-07-22 16:25:42
TXN202600001830,ACC101117,1965.17,DEPOSIT,2026-03-14 04:25:41
TXN202600001831,ACC107134,3753.93,DEPOSIT,2026-01-10 07:15:24
TXN202600001832,ACC104992,831.04,WITHDRAWAL,2026-08-21 21:08:24
TXN202600001833,ACC105540,1431.41,DEPOSIT,2026-05-17 12:54:20
TXN202600001834,ACC106478,1005.04,DEPOSIT,2026-11-26 10:42:41
TXN202600001835,ACC106884,2774.22,DEPOSIT,2026-10-01 05:55:42
TXN202600001836,ACC105712,1421.70,WITHDRAWAL,2026-11-21 11:42:44
TXN202600001837,ACC108474,1125.94,WITHDRAWAL,2026-08-20 19:34:15
TXN202600001838,ACC105654,3391.41,DEPOSIT,2026-07-08 14:02:11
TXN202600001839,ACC107284,4028.84,DEPOSIT,2026-01-24 09:27:50
TXN202600001840,ACC104053,2247.51,DEPOSIT,2026-03-06 22:53:24
TXN202600001841,ACC108204,1676.58,DEPOSIT,2026-01-27 21:09:07
TXN202600001842,ACC107680,3553.05,DEPOSIT,2026-08-25 11:04:39
TXN202600001843,ACC103841,1957.41,WITHDRAWAL,2026-03-03 21:52:03
TXN202600001844,ACC107086,4844.05,DEPOSIT,2026-07-06 14:31:23
TXN202600001845,ACC104420,2762.53,DEPOSIT,2026-05-28 00:03:36
TXN202600001846,ACC108010,2861.84,DEPOSIT,2026-01-13 07:04:52
TXN202600001847,ACC104063,1022.31,DEPOSIT,2026-11-23 23:24:59
TXN202600001848,ACC103273,3128.46,DEPOSIT,2026-08-17 13:06:42
TXN202600001849,ACC105152,2256.86,DEPOSIT,2026-08-03 16:40:27
TXN202600001850,ACC109044,1492.16,WITHDRAWAL,2026-06-01 00:32:30
TXN202600001851,ACC109524,4414.35,DEPOSIT,2026-06-12 07:07:49
TXN202600001852,ACC108934,318.64,REVERSAL,2026-07-10 06:36:51
TXN202600001853,ACC109599,1599.63,DEPOSIT,2026-02-15 10:05:42
TXN202600001854,ACC106816,939.22,REVERSAL,2026-01-12 00:50:54
TXN202600001855,ACC103688,1007.73,WITHDRAWAL,2026-04-13 07:16:13
TXN202600001856,ACC109673,974.76,WITHDRAWAL,2026-08-20 08:27:10
TXN202600001857,ACC107426,3516.28,DEPOSIT,2026-12-20 11:18:48
TXN202600001858,ACC101506,4347.44,DEPOSIT,2026-08-27 10:51:43
TXN202600001859,ACC103127,880.88,WITHDRAWAL,2026-10-15 02:11:17
TXN202600001860,ACC100662,404.60,WITHDRAWAL,2026-12-22 19:36:19
TXN202600001861,ACC105134,3989.88,DEPOSIT,2026-03-22 05:31:30
TXN202600001862,ACC101743,1814.75,WITHDRAWAL,2026-08-15 02:12:32
TXN202600001863,ACC107947,4097.30,DEPOSIT,2026-01-19 21:02:01
TXN202600001864,ACC101572,2305.82,DEPOSIT,2026-11-24 10:00:25
TXN202600001865,ACC108662,2033.99,DEPOSIT,2026-05-25 18:53:50
TXN202600001866,ACC107471,289.45,WITHDRAWAL,2026-07-16 16:52:43
TXN202600001867,ACC101188,3702.70,DEPOSIT,2026-01-15 16:22:04
TXN202600001868,ACC109356,2784.26,DEPOSIT,2026-11-01 07:47:12
TXN202600001869,ACC104947,410.56,WITHDRAWAL,2026-02-09 23:00:39
TXN202600001870,ACC104941,1478.30,DEPOSIT,2026-03-01 05:22:32
TXN202600001871,ACC103122,505.39,DEPOSIT,2026-03-13 13:49:53
TXN202600001872,ACC103688,2697.92,DEPOSIT,2026-10-13 09:34:47
TXN202600001873,ACC104014,3202.62,DEPOSIT,2026-04-04 10:40:34
TXN202600001874,ACC101779,1946.13,DEPOSIT,2026-08-04 03:25:11
TXN202600001875,ACC100680,941.77,DEPOSIT,2026-05-09 07:43:34
TXN202600001876,ACC109591,2273.80,DEPOSIT,2026-03-23 16:18:14
TXN202600001877,ACC101810,4932.31,DEPOSIT,2026-06-08 11:15:50
TXN202600001878,ACC104272,144.12,WITHDRAWAL,2026-09-05 01:48:13
TXN202600001879,ACC101320,501.09,WITHDRAWAL,2026-05-24 03:50:08
TXN202600001880,ACC103493,802.53,WITHDRAWAL,2026-01-10 23:38:25
TXN202600001881,ACC102508,793.99,DEPOSIT,2026-08-04 06:18:49
TXN202600001882,ACC107843,939.00,WITHDRAWAL,2026-03-08 05:02:15
TXN202600001883,ACC109563,1764.94,DEPOSIT,2026-06-08 11:59:08
TXN202600001884,ACC109765,2536.47,DEPOSIT,2026-06-28 01:39:02
TXN202600001885,ACC106059,3530.23,DEPOSIT,2026-08-15 07:16:37
TXN202600001886,ACC101279,1413.71,DEPOSIT,2026-05-04 07:45:00
TXN202600001887,ACC102631,903.72,REVERSAL,2026-09-09 06:32:55
TXN202600001888,ACC102569,687.26,WITHDRAWAL,2026-12-27 20:46:47
TXN202600001889,ACC100242,2139.35,DEPOSIT,2026-07-06 12:41:03
TXN202600001890,ACC103431,1910.69,DEPOSIT,2026-01-04 04:56:18
TXN202600001891,ACC103864,3681.62,DEPOSIT,2026-04-11 08:14:26
TXN202600001892,ACC105125,4492.83,DEPOSIT,2026-11-21 09:07:17
TXN202600001893,ACC103523,1187.15,WITHDRAWAL,2026-01-09 07:33:38
TXN202600001894,ACC107569,630.06,REVERSAL,2026-05-19 16:58:14
TXN202600001895,ACC102185,4507.42,DEPOSIT,2026-06-08 08:03:02
TXN202600001896,ACC109409,1004.46,REVERSAL,2026-01-01 17:59:30
TXN202600001897,ACC108484,1289.31,WITHDRAWAL,2026-12-23 16:55:12
TXN202600001898,ACC106452,263.23,WITHDRAWAL,2026-07-21 19:06:11
TXN202600001899,ACC100218,392.87,WITHDRAWAL,2026-04-24 04:54:05
TXN202600001900,ACC106534,3591.03,DEPOSIT,2026-08-11 01:47:15
TXN202600001901,ACC100379,1079.43,DEPOSIT,2026-02-16 22:45:40
TXN202600001902,ACC106956,4521.48,DEPOSIT,2026-06-02 12:59:18
TXN202600001903,ACC102362,538.93,WITHDRAWAL,2026-10-05 22:03:34
TXN202600001904,ACC100190,1649.41,DEPOSIT,2026-03-14 06:13:46
TXN202600001905,ACC105091,1316.35,WITHDRAWAL,2026-01-27 23:11:02
TXN202600001906,ACC107730,854.58,WITHDRAWAL,2026-08-23 08:06:13
TXN202600001907,ACC108267,2514.85,DEPOSIT,2026-07-18 02:34:04
TXN202600001908,ACC108854,3185.83,DEPOSIT,2026-08-12 01:27:33
TXN202600001909,ACC107655,1648.93,DEPOSIT,2026-02-14 11:25:53
TXN202600001910,ACC105350,1581.43,WITHDRAWAL,2026-06-12 12:53:43
TXN202600001911,ACC104963,1576.80,DEPOSIT,2026-08-14 13:57:40
TXN202600001912,ACC101980,4341.37,DEPOSIT,2026-07-11 20:43:56
TXN202600001913,ACC107843,2085.95,DEPOSIT,2026-10-18 12:20:12
TXN202600001914,ACC105783,3474.81,DEPOSIT,2026-09-14 22:12:09
TXN202600001915,ACC100871,1043.58,WITHDRAWAL,2026-09-04 23:04:38
TXN202600001916,ACC101586,3481.04,DEPOSIT,2026-09-28 10:31:22
TXN202600001917,ACC109895,1620.55,WITHDRAWAL,2026-06-26 16:51:16
TXN202600001918,ACC101078,4061.56,DEPOSIT,2026-12-16 23:35:47
TXN202600001919,ACC106511,3954.58,DEPOSIT,2026-10-25 18:34:43
TXN202600001920,ACC109595,4059.82,DEPOSIT,2026-10-24 19:09:56
TXN202600001921,ACC100741,3825.76,DEPOSIT,2026-12-07 21:43:31
TXN202600001922,ACC102408,4988.35,DEPOSIT,2026-07-12 12:57:43
TXN202600001923,ACC109526,1083.87,WITHDRAWAL,2026-03-23 08:34:22
TXN202600001924,ACC109355,2334.19,DEPOSIT,2026-11-13 05:58:20
TXN202600001925,ACC109440,4734.87,DEPOSIT,2026-11-26 03:29:04
TXN202600001926,ACC102147,2376.37,DEPOSIT,2026-09-21 07:29:28
TXN202600001927,ACC105881,1610.08,DEPOSIT,2026-03-26 16:16:17
TXN202600001928,ACC103193,4018.49,DEPOSIT,2026-08-27 03:51:22
TXN202600001929,ACC107469,3928.45,DEPOSIT,2026-06-18 22:52:43
TXN202600001930,ACC104990,940.27,WITHDRAWAL,2026-02-08 02:12:24
TXN202600001931,ACC108053,3177.55,DEPOSIT,2026-01-02 09:56:04
TXN202600001932,ACC103854,4847.17,DEPOSIT,2026-06-17 02:16:38
TXN202600001933,ACC103603,270.48,WITHDRAWAL,2026-08-21 09:58:13
TXN202600001934,ACC107923,712.13,WITHDRAWAL,2026-01-21 13:19:51
TXN202600001935,ACC103019,3808.87,DEPOSIT,2026-05-09 05:23:30
TXN202600001936,ACC108821,631.45,DEPOSIT,2026-09-07 22:18:48
TXN202600001937,ACC103820,4268.79,DEPOSIT,2026-10-24 11:25:58
TXN202600001938,ACC100717,1041.91,DEPOSIT,2026-11-21 02:40:09
TXN202600001939,ACC104013,1836.27,WITHDRAWAL,2026-07-12 07:51:49
TXN202600001940,ACC100330,3791.88,DEPOSIT,2026-07-07 16:22:23
TXN202600001941,ACC100035,3548.85,DEPOSIT,2026-08-14 21:03:01
TXN202600001942,ACC109532,1851.76,DEPOSIT,2026-06-06 23:45:18
TXN202600001943,ACC101551,722.48,DEPOSIT,2026-08-07 05:01:22
TXN202600001944,ACC108957,1007.28,DEPOSIT,2026-03-22 03:23:26
TXN202600001945,ACC109829,3159.83,DEPOSIT,2026-03-07 18:52:03
TXN202600001946,ACC107646,4825.95,DEPOSIT,2026-10-24 20:06:49
TXN202600001947,ACC100856,2330.18,DEPOSIT,2026-10-19 06:54:02
TXN202600001948,ACC107582,786.40,WITHDRAWAL,2026-11-01 18:46:21
TXN202600001949,ACC101026,1095.62,DEPOSIT,2026-02-02 21:41:32
TXN202600001950,ACC108661,2870.54,DEPOSIT,2026-02-16 16:42:48
TXN202600001951,ACC109376,809.18,REVERSAL,2026-08-22 20:32:38
TXN202600001952,ACC103424,2023.09,DEPOSIT,2026-01-18 20:29:20
TXN202600001953,ACC109579,3018.69,DEPOSIT,2026-11-09 13:05:43
TXN202600001954,ACC107846,826.69,DEPOSIT,2026-08-12 23:58:46
TXN202600001955,ACC105618,2428.78,DEPOSIT,2026-11-14 10:39:08
TXN202600001956,ACC104471,245.25,WITHDRAWAL,2026-05-26 16:18:14
TXN202600001957,ACC102900,1171.09,DEPOSIT,2026-02-21 20:01:26
TXN202600001958,ACC106037,1425.46,DEPOSIT,2026-04-23 23:51:13
TXN202600001959,ACC105641,3216.90,DEPOSIT,2026-09-07 23:03:55
TXN202600001960,ACC105083,1590.02,DEPOSIT,2026-05-06 08:54:26
TXN202600001961,ACC105009,2914.30,DEPOSIT,2026-06-24 19:40:03
TXN202600001962,ACC101275,1159.83,WITHDRAWAL,2026-05-11 06:34:51
TXN202600001963,ACC108037,634.63,DEPOSIT,2026-01-16 17:10:50
TXN202600001964,ACC106469,4680.34,DEPOSIT,2026-06-01 01:16:17
TXN202600001965,ACC107801,670.74,DEPOSIT,2026-02-08 23:09:47
TXN202600001966,ACC104866,3939.73,DEPOSIT,2026-04-04 05:56:53
TXN202600001967,ACC106372,1168.31,WITHDRAWAL,2026-09-26 18:24:52
TXN202600001968,ACC103199,1346.24,DEPOSIT,2026-06-13 00:05:18
TXN202600001969,ACC109879,2874.18,DEPOSIT,2026-01-04 15:26:43
TXN202600001970,ACC101797,2174.80,DEPOSIT,2026-10-09 00:17:06
TXN202600001971,ACC109515,834.04,WITHDRAWAL,2026-11-14 14:56:25
TXN202600001972,ACC106101,718.66,DEPOSIT,2026-12-19 14:08:12
TXN202600001973,ACC109382,1327.20,WITHDRAWAL,2026-05-19 12:09:01
TXN202600001974,ACC104226,1105.76,DEPOSIT,2026-09-20 03:38:32
TXN202600001975,ACC105212,696.84,DEPOSIT,2026-04-01 10:10:55
TXN202600001976,ACC101896,1639.03,DEPOSIT,2026-01-21 21:37:24
TXN202600001977,ACC102867,2951.99,DEPOSIT,2026-11-14 07:28:31
TXN202600001978,ACC100505,1022.02,WITHDRAWAL,2026-11-04 06:33:15
TXN202600001979,ACC108543,1852.94,DEPOSIT,2026-07-11 06:57:58
TXN202600001980,ACC107367,471.21,WITHDRAWAL,2026-06-15 09:35:59
TXN202600001981,ACC109612,1110.83,WITHDRAWAL,2026-04-24 05:58:52
TXN202600001982,ACC101964,2130.65,DEPOSIT,2026-01-14 01:33:35
TXN202600001983,ACC102539,1385.82,DEPOSIT,2026-02-14 11:47:16
TXN202600001984,ACC107366,1780.93,WITHDRAWAL,2026-10-09 00:07:52
TXN202600001985,ACC102340,3683.01,DEPOSIT,2026-10-01 21:37:21
TXN202600001986,ACC103263,1972.40,WITHDRAWAL,2026-04-02 16:04:18
TXN202600001987,ACC108491,4040.22,DEPOSIT,2026-03-18 22:14:21
TXN202600001988,ACC102265,839.32,WITHDRAWAL,2026-08-01 01:20:19
TXN202600001989,ACC102878,2060.95,WITHDRAWAL,2026-01-22 16:47:56
TXN202600001990,ACC105111,1919.69,WITHDRAWAL,2026-04-28 15:18:47
TXN202600001991,ACC103131,1470.34,DEPOSIT,2026-04-05 11:06:19
TXN202600001992,ACC101991,3699.48,DEPOSIT,2026-11-27 15:39:14
TXN202600001993,ACC107280,846.40,WITHDRAWAL,2026-09-16 08:08:47
TXN202600001994,ACC107421,642.22,WITHDRAWAL,2026-11-10 23:29:32
TXN202600001995,ACC108922,2971.16,DEPOSIT,2026-03-26 10:10:54
TXN202600001996,ACC102521,713.58,DEPOSIT,2026-12-17 15:58:48
TXN202600001997,ACC108191,3326.46,DEPOSIT,2026-02-10 02:55:02
TXN202600001998,ACC105417,655.71,WITHDRAWAL,2026-10-14 07:20:16
TXN202600001999,ACC106407,1108.77,DEPOSIT,2026-06-11 04:10:49
TXN202600002000,ACC103946,2192.58,DEPOSIT,2026-03-21 13:26:00
TXN202600002001,ACC105062,1742.20,DEPOSIT,2026-02-05 19:30:24
TXN202600002002,ACC109272,1318.35,DEPOSIT,2026-12-21 11:19:37
TXN202600002003,ACC103430,4190.03,DEPOSIT,2026-07-20 06:59:11
TXN202600002004,ACC107991,374.41,REVERSAL,2026-10-24 03:31:46
TXN202600002005,ACC109361,1106.13,WITHDRAWAL,2026-09-04 22:09:30
TXN202600002006,ACC100665,4224.99,DEPOSIT,2026-12-20 08:55:43
TXN202600002007,ACC104874,987.77,REVERSAL,2026-05-11 13:04:59
TXN202600002008,ACC101085,185.01,WITHDRAWAL,2026-12-02 10:08:37
TXN202600002009,ACC107803,1874.25,WITHDRAWAL,2026-01-19 11:47:04
TXN202600002010,ACC106473,4524.10,DEPOSIT,2026-07-20 21:11:50
TXN202600002011,ACC105226,1318.67,DEPOSIT,2026-09-11 00:45:55
TXN202600002012,ACC105951,3977.40,DEPOSIT,2026-02-23 06:38:10
TXN202600002013,ACC101078,3088.79,DEPOSIT,2026-10-21 01:26:29
TXN202600002014,ACC100492,1963.87,WITHDRAWAL,2026-03-03 11:43:27
TXN202600002015,ACC104062,2634.14,DEPOSIT,2026-01-27 17:16:32
TXN202600002016,ACC109487,2975.71,DEPOSIT,2026-01-21 06:47:23
TXN202600002017,ACC109809,2645.59,DEPOSIT,2026-03-24 21:09:30
TXN202600002018,ACC102997,1144.70,WITHDRAWAL,2026-05-28 21:13:16
TXN202600002019,ACC100017,1696.11,WITHDRAWAL,2026-04-18 03:41:48
TXN202600002020,ACC101889,1945.26,WITHDRAWAL,2026-01-16 09:20:36
TXN202600002021,ACC100944,3126.43,DEPOSIT,2026-06-25 08:13:35
TXN202600002022,ACC107194,1762.65,WITHDRAWAL,2026-07-16 00:57:15
TXN202600002023,ACC102222,1113.70,DEPOSIT,2026-03-03 04:15:54
TXN202600002024,ACC107550,2091.17,WITHDRAWAL,2026-11-04 09:38:22
TXN202600002025,ACC102474,697.65,REVERSAL,2026-11-06 05:58:20
TXN202600002026,ACC107538,3031.68,DEPOSIT,2026-01-11 20:27:26
TXN202600002027,ACC109908,1229.33,WITHDRAWAL,2026-09-12 12:10:25
TXN202600002028,ACC105676,511.14,DEPOSIT,2026-04-15 11:54:34
TXN202600002029,ACC100740,3387.05,DEPOSIT,2026-08-06 15:13:09
TXN202600002030,ACC104761,4233.08,DEPOSIT,2026-12-23 01:57:53
TXN202600002031,ACC101923,3589.27,DEPOSIT,2026-11-12 12:01:33
TXN202600002032,ACC103800,4914.85,DEPOSIT,2026-03-14 13:14:53
TXN202600002033,ACC101704,4828.66,DEPOSIT,2026-02-25 07:25:15
TXN202600002034,ACC102744,1614.65,WITHDRAWAL,2026-06-28 02:24:42
TXN202600002035,ACC103358,4872.32,DEPOSIT,2026-08-18 16:03:28
TXN202600002036,ACC109582,590.33,WITHDRAWAL,2026-02-10 22:12:59
TXN202600002037,ACC104194,1363.93,DEPOSIT,2026-03-14 03:40:12
TXN202600002038,ACC102351,3659.24,DEPOSIT,2026-07-28 13:32:59
TXN202600002039,ACC102281,2332.11,DEPOSIT,2026-06-25 13:24:01
TXN202600002040,ACC109629,3567.84,DEPOSIT,2026-09-20 01:26:35
TXN202600002041,ACC108975,1972.04,WITHDRAWAL,2026-10-22 16:49:13
TXN202600002042,ACC102589,1763.38,WITHDRAWAL,2026-11-19 16:54:11
TXN202600002043,ACC105915,3676.09,DEPOSIT,2026-03-19 11:14:32
TXN202600002044,ACC107253,2868.23,DEPOSIT,2026-04-03 18:43:04
TXN202600002045,ACC104750,1217.64,DEPOSIT,2026-10-24 08:53:59
TXN202600002046,ACC103251,2520.71,DEPOSIT,2026-01-28 13:18:09
TXN202600002047,ACC100923,1308.43,DEPOSIT,2026-09-08 19:53:19
TXN202600002048,ACC105050,443.24,WITHDRAWAL,2026-09-22 23:54:38
TXN202600002049,ACC101856,1060.62,DEPOSIT,2026-06-21 04:36:57
TXN202600002050,ACC109943,4360.14,DEPOSIT,2026-12-16 15:39:03
TXN202600002051,ACC109524,1771.74,DEPOSIT,2026-05-03 02:02:06
TXN202600002052,ACC102864,3879.00,DEPOSIT,2026-12-17 23:11:13
TXN202600002053,ACC103098,894.11,WITHDRAWAL,2026-09-06 11:18:27
TXN202600002054,ACC104892,3973.47,DEPOSIT,2026-05-28 10:36:48
TXN202600002055,ACC100706,3886.17,DEPOSIT,2026-11-09 19:49:20
TXN202600002056,ACC104862,3651.46,DEPOSIT,2026-05-15 06:27:12
TXN202600002057,ACC103295,3951.31,DEPOSIT,2026-07-27 09:08:42
TXN202600002058,ACC106860,1625.45,DEPOSIT,2026-03-11 14:30:34
TXN202600002059,ACC104019,1584.13,DEPOSIT,2026-07-18 00:36:47
TXN202600002060,ACC108685,1649.28,DEPOSIT,2026-05-10 15:20:27
TXN202600002061,ACC101672,3989.29,DEPOSIT,2026-06-07 17:06:33
TXN202600002062,ACC103616,1901.83,WITHDRAWAL,2026-09-27 20:46:12
TXN202600002063,ACC106984,717.86,WITHDRAWAL,2026-05-25 10:45:27
TXN202600002064,ACC109032,1823.07,WITHDRAWAL,2026-08-23 23:19:26
TXN202600002065,ACC102029,4633.72,DEPOSIT,2026-09-27 18:16:29
TXN202600002066,ACC100772,3405.53,DEPOSIT,2026-12-27 06:58:16
TXN202600002067,ACC102420,3588.35,DEPOSIT,2026-06-16 20:16:59
TXN202600002068,ACC108459,1681.20,WITHDRAWAL,2026-11-17 08:00:47
TXN202600002069,ACC109611,2804.54,DEPOSIT,2026-04-22 04:55:34
TXN202600002070,ACC100646,1408.63,WITHDRAWAL,2026-09-23 03:05:09
TXN202600002071,ACC104698,1589.51,WITHDRAWAL,2026-05-23 19:28:42
TXN202600002072,ACC109078,4301.94,DEPOSIT,2026-03-11 11:47:51
TXN202600002073,ACC106750,3380.63,DEPOSIT,2026-06-28 04:26:19
TXN202600002074,ACC102693,447.39,WITHDRAWAL,2026-02-17 09:17:10
TXN202600002075,ACC108161,535.96,WITHDRAWAL,2026-10-16 16:29:51
TXN202600002076,ACC103001,4561.87,DEPOSIT,2026-12-04 05:46:41
TXN202600002077,ACC104357,1277.50,WITHDRAWAL,2026-12-21 04:59:05
TXN202600002078,ACC100307,1813.01,WITHDRAWAL,2026-06-11 00:37:57
TXN202600002079,ACC108432,1920.61,DEPOSIT,2026-09-21 20:00:01
TXN202600002080,ACC107863,524.88,WITHDRAWAL,2026-11-21 03:15:09
TXN202600002081,ACC107651,1433.30,WITHDRAWAL,2026-08-24 19:42:56
TXN202600002082,ACC108676,1835.30,WITHDRAWAL,2026-12-08 21:25:04
TXN202600002083,ACC103940,624.49,REVERSAL,2026-03-07 18:55:47
TXN202600002084,ACC109940,4001.13,DEPOSIT,2026-04-19 13:00:29
TXN202600002085,ACC108874,453.07,REVERSAL,2026-07-09 02:30:07
TXN202600002086,ACC106767,2728.41,DEPOSIT,2026-03-22 20:31:11
TXN202600002087,ACC108455,3042.83,DEPOSIT,2026-03-11 16:44:36
TXN202600002088,ACC103000,4511.70,DEPOSIT,2026-04-10 05:30:15
TXN202600002089,ACC102255,1759.94,DEPOSIT,2026-02-05 20:00:48
TXN202600002090,ACC101642,1509.77,DEPOSIT,2026-09-23 20:41:27
TXN202600002091,ACC106855,1324.69,DEPOSIT,2026-07-12 06:51:55
TXN202600002092,ACC105852,4412.06,DEPOSIT,2026-07-26 09:12:29
TXN202600002093,ACC108011,1408.93,WITHDRAWAL,2026-06-03 22:54:14
TXN202600002094,ACC109712,1606.78,DEPOSIT,2026-02-06 07:28:00
TXN202600002095,ACC105799,1483.37,WITHDRAWAL,2026-12-22 13:55:28
TXN202600002096,ACC103674,1961.05,DEPOSIT,2026-06-14 20:55:19
TXN202600002097,ACC103813,2104.75,DEPOSIT,2026-07-15 12:09:25
TXN202600002098,ACC107692,427.74,WITHDRAWAL,2026-05-16 23:20:12
TXN202600002099,ACC100263,2521.92,DEPOSIT,2026-12-03 17:07:05
TXN202600002100,ACC106399,1835.67,WITHDRAWAL,2026-10-09 01:26:15
TXN202600002101,ACC100107,995.00,DEPOSIT,2026-07-12 09:20:28
TXN202600002102,ACC106796,586.08,WITHDRAWAL,2026-03-21 09:34:09
TXN202600002103,ACC102043,3956.13,DEPOSIT,2026-11-05 15:22:26
TXN202600002104,ACC107610,4861.36,DEPOSIT,2026-07-27 08:05:04
TXN202600002105,ACC102744,1727.45,WITHDRAWAL,2026-04-27 23:38:18
TXN202600002106,ACC105489,4520.67,DEPOSIT,2026-06-10 13:12:54
TXN202600002107,ACC108028,806.54,DEPOSIT,2026-09-28 23:00:20
TXN202600002108,ACC107131,1778.88,WITHDRAWAL,2026-10-15 22:15:30
TXN202600002109,ACC101196,2069.34,DEPOSIT,2026-01-11 10:57:52
TXN202600002110,ACC104299,1515.88,DEPOSIT,2026-11-26 12:57:06
TXN202600002111,ACC102463,2611.15,DEPOSIT,2026-10-02 02:48:49
TXN202600002112,ACC100902,1272.50,WITHDRAWAL,2026-02-24 17:41:11
TXN202600002113,ACC105017,4668.37,DEPOSIT,2026-01-05 09:23:04
TXN202600002114,ACC103135,2439.14,DEPOSIT,2026-07-15 08:27:19
TXN202600002115,ACC101553,895.82,WITHDRAWAL,2026-02-27 20:26:58
TXN202600002116,ACC101583,3157.91,DEPOSIT,2026-06-01 16:30:33
TXN202600002117,ACC105009,1994.67,DEPOSIT,2026-08-15 05:37:52
TXN202600002118,ACC103874,2474.55,DEPOSIT,2026-09-24 15:50:43
TXN202600002119,ACC109069,1499.65,DEPOSIT,2026-08-05 03:16:27
TXN202600002120,ACC101581,124.74,WITHDRAWAL,2026-09-15 15:15:41
TXN202600002121,ACC108699,1569.67,DEPOSIT,2026-07-22 16:08:07
TXN202600002122,ACC102812,4052.47,DEPOSIT,2026-10-06 15:08:18
TXN202600002123,ACC109905,2194.24,DEPOSIT,2026-10-23 06:39:58
TXN202600002124,ACC109369,3112.14,DEPOSIT,2026-08-23 01:54:30
TXN202600002125,ACC101613,296.14,WITHDRAWAL,2026-08-09 06:13:11
TXN202600002126,ACC108536,4621.36,DEPOSIT,2026-07-28 03:25:54
TXN202600002127,ACC108510,4714.82,DEPOSIT,2026-11-07 14:53:24
TXN202600002128,ACC107230,2091.86,DEPOSIT,2026-03-26 20:13:19
TXN202600002129,ACC106145,664.12,DEPOSIT,2026-07-17 23:06:53
TXN202600002130,ACC102160,857.50,DEPOSIT,2026-02-24 04:54:41
TXN202600002131,ACC105926,1030.14,DEPOSIT,2026-04-17 00:06:06
TXN202600002132,ACC106136,4753.14,DEPOSIT,2026-11-15 08:26:55
TXN202600002133,ACC101713,2867.17,DEPOSIT,2026-06-01 10:41:40
TXN202600002134,ACC104883,613.56,DEPOSIT,2026-01-26 16:15:18
TXN202600002135,ACC106830,1552.21,WITHDRAWAL,2026-11-19 16:52:32
TXN202600002136,ACC102887,4078.56,DEPOSIT,2026-01-05 23:01:00
TXN202600002137,ACC101485,3299.22,DEPOSIT,2026-08-13 18:46:13
TXN202600002138,ACC100001,636.35,DEPOSIT,2026-04-02 23:39:16
TXN202600002139,ACC100748,446.52,WITHDRAWAL,2026-10-01 23:37:41
TXN202600002140,ACC102043,2532.69,DEPOSIT,2026-05-11 22:38:59
TXN202600002141,ACC107394,4871.98,DEPOSIT,2026-01-09 05:53:39
TXN202600002142,ACC109355,2328.35,DEPOSIT,2026-03-16 16:04:33
TXN202600002143,ACC101639,661.29,WITHDRAWAL,2026-07-12 14:57:32
TXN202600002144,ACC102183,1030.60,WITHDRAWAL,2026-11-01 18:18:21
TXN202600002145,ACC108001,1764.04,WITHDRAWAL,2026-12-20 16:31:52
TXN202600002146,ACC109797,1472.57,WITHDRAWAL,2026-02-05 00:13:35
TXN202600002147,ACC104923,3844.25,DEPOSIT,2026-01-20 16:42:04
TXN202600002148,ACC103952,994.29,WITHDRAWAL,2026-10-21 03:15:33
TXN202600002149,ACC106368,4401.23,DEPOSIT,2026-04-07 03:00:06
TXN202600002150,ACC103573,3541.45,DEPOSIT,2026-07-04 10:05:42
TXN202600002151,ACC106212,1701.59,WITHDRAWAL,2026-06-07 03:30:28
TXN202600002152,ACC107196,717.33,DEPOSIT,2026-07-21 04:55:39
TXN202600002153,ACC104977,2990.90,DEPOSIT,2026-11-04 19:31:55
TXN202600002154,ACC104994,1762.52,DEPOSIT,2026-10-19 07:27:23
TXN202600002155,ACC104768,846.57,WITHDRAWAL,2026-07-25 15:08:56
TXN202600002156,ACC103604,1036.59,DEPOSIT,2026-02-13 08:51:30
TXN202600002157,ACC101534,3364.29,DEPOSIT,2026-01-05 18:55:49
TXN202600002158,ACC105688,2900.02,DEPOSIT,2026-11-13 07:06:50
TXN202600002159,ACC105199,3438.86,DEPOSIT,2026-11-28 12:33:38
TXN202600002160,ACC104372,271.21,WITHDRAWAL,2026-04-12 14:37:14
TXN202600002161,ACC106911,1362.10,DEPOSIT,2026-09-25 08:33:49
TXN202600002162,ACC100384,1182.25,WITHDRAWAL,2026-02-16 14:56:36
TXN202600002163,ACC104323,4647.79,DEPOSIT,2026-07-20 00:14:57
TXN202600002164,ACC101624,1371.50,WITHDRAWAL,2026-05-09 14:08:55
TXN202600002165,ACC104736,2856.30,DEPOSIT,2026-10-16 14:09:16
TXN202600002166,ACC106490,1145.04,DEPOSIT,2026-06-26 00:45:49
TXN202600002167,ACC106770,414.17,WITHDRAWAL,2026-03-13 15:44:21
TXN202600002168,ACC103007,1205.95,DEPOSIT,2026-04-03 09:32:43
TXN202600002169,ACC100157,1925.49,DEPOSIT,2026-12-12 05:28:17
TXN202600002170,ACC100997,1965.18,WITHDRAWAL,2026-03-17 13:58:47
TXN202600002171,ACC103105,4240.97,DEPOSIT,2026-10-25 17:59:48
TXN202600002172,ACC106585,4901.71,DEPOSIT,2026-02-04 20:40:11
TXN202600002173,ACC103606,1298.06,DEPOSIT,2026-08-20 03:05:19
TXN202600002174,ACC108899,4663.14,DEPOSIT,2026-07-17 13:39:13
TXN202600002175,ACC104904,1239.75,DEPOSIT,2026-02-21 23:07:21
TXN202600002176,ACC101802,2223.26,DEPOSIT,2026-10-07 13:41:35
TXN202600002177,ACC101581,2030.62,WITHDRAWAL,2026-06-25 13:42:13
TXN202600002178,ACC107191,3144.70,DEPOSIT,2026-04-22 04:47:09
TXN202600002179,ACC100931,4966.78,DEPOSIT,2026-09-17 05:55:12
TXN202600002180,ACC105670,2914.31,DEPOSIT,2026-07-23 12:46:36
TXN202600002181,ACC105077,933.60,DEPOSIT,2026-06-28 05:33:40
TXN202600002182,ACC104248,1073.04,DEPOSIT,2026-12-24 22:01:49
TXN202600002183,ACC103436,2027.47,DEPOSIT,2026-12-10 09:32:25
TXN202600002184,ACC109941,4737.54,DEPOSIT,2026-07-04 19:08:13
TXN202600002185,ACC102595,1911.67,DEPOSIT,2026-02-21 21:53:03
TXN202600002186,ACC104685,4696.73,DEPOSIT,2026-03-04 04:19:05
TXN202600002187,ACC109235,3797.04,DEPOSIT,2026-04-28 09:07:00
TXN202600002188,ACC108670,1663.41,WITHDRAWAL,2026-01-09 22:25:46
TXN202600002189,ACC108126,655.43,WITHDRAWAL,2026-05-08 10:08:39
TXN202600002190,ACC105808,4176.60,DEPOSIT,2026-11-14 21:28:11
TXN202600002191,ACC109032,705.12,WITHDRAWAL,2026-07-14 17:53:43
TXN202600002192,ACC100013,1176.53,WITHDRAWAL,2026-04-14 03:31:18
TXN202600002193,ACC108497,3654.65,DEPOSIT,2026-07-03 18:28:55
TXN202600002194,ACC106493,1667.92,DEPOSIT,2026-11-27 13:02:09
TXN202600002195,ACC109165,3716.79,DEPOSIT,2026-11-18 10:20:23
TXN202600002196,ACC106494,3117.28,DEPOSIT,2026-09-21 02:12:10
TXN202600002197,ACC104693,1436.45,WITHDRAWAL,2026-06-20 22:52:44
TXN202600002198,ACC100065,1229.68,DEPOSIT,2026-03-18 01:10:02
TXN202600002199,ACC109239,145.26,REVERSAL,2026-03-24 19:29:24
TXN202600002200,ACC100241,595.98,DEPOSIT,2026-09-19 13:48:51
TXN202600002201,ACC107496,1495.84,DEPOSIT,2026-10-10 00:58:25
TXN202600002202,ACC101677,3880.18,DEPOSIT,2026-01-12 23:45:00
TXN202600002203,ACC104027,4030.69,DEPOSIT,2026-08-10 20:45:57
TXN202600002204,ACC100486,2055.03,WITHDRAWAL,2026-08-22 01:48:51
TXN202600002205,ACC102218,631.93,WITHDRAWAL,2026-09-05 12:56:00
TXN202600002206,ACC106387,372.32,WITHDRAWAL,2026-03-05 02:27:11
TXN202600002207,ACC103779,1750.52,DEPOSIT,2026-04-11 22:43:02
TXN202600002208,ACC105984,3138.08,DEPOSIT,2026-06-13 11:50:48
TXN202600002209,ACC108349,2113.61,DEPOSIT,2026-07-12 03:00:42
TXN202600002210,ACC108069,3695.59,DEPOSIT,2026-06-10 21:02:32
TXN202600002211,ACC106455,709.98,DEPOSIT,2026-02-17 04:45:56
TXN202600002212,ACC100931,2692.07,DEPOSIT,2026-09-09 12:20:07
TXN202600002213,ACC101394,2039.40,WITHDRAWAL,2026-10-04 11:06:31
TXN202600002214,ACC102827,606.30,DEPOSIT,2026-04-11 19:17:43
TXN202600002215,ACC103286,3290.18,DEPOSIT,2026-03-20 04:56:39
TXN202600002216,ACC108840,1656.67,DEPOSIT,2026-01-12 21:32:06
TXN202600002217,ACC103856,875.23,WITHDRAWAL,2026-03-08 08:58:19
TXN202600002218,ACC107451,2096.24,WITHDRAWAL,2026-02-20 13:30:37
TXN202600002219,ACC108748,3688.47,DEPOSIT,2026-02-19 22:54:31
TXN202600002220,ACC104773,601.65,WITHDRAWAL,2026-10-21 10:14:02
TXN202600002221,ACC103454,2857.28,DEPOSIT,2026-11-12 22:20:30
TXN202600002222,ACC104048,2101.55,DEPOSIT,2026-03-22 18:25:18
TXN202600002223,ACC102907,1687.02,WITHDRAWAL,2026-05-11 10:35:46
TXN202600002224,ACC104343,3147.95,DEPOSIT,2026-05-13 02:51:09
TXN202600002225,ACC102629,1124.99,WITHDRAWAL,2026-03-28 19:30:29
TXN202600002226,ACC107461,4720.24,DEPOSIT,2026-10-04 08:05:11
TXN202600002227,ACC105732,1051.34,WITHDRAWAL,2026-08-25 14:11:59
TXN202600002228,ACC108970,3142.53,DEPOSIT,2026-03-06 13:14:09
TXN202600002229,ACC109585,1204.29,DEPOSIT,2026-12-23 01:26:25
TXN202600002230,ACC107416,1200.76,DEPOSIT,2026-08-28 10:48:04
TXN202600002231,ACC106653,1527.43,DEPOSIT,2026-05-23 22:03:22
TXN202600002232,ACC101101,879.20,REVERSAL,2026-07-04 21:47:10
TXN202600002233,ACC103599,2032.20,WITHDRAWAL,2026-10-02 02:43:58
TXN202600002234,ACC103626,1320.36,DEPOSIT,2026-03-13 15:53:39
TXN202600002235,ACC101499,1166.36,WITHDRAWAL,2026-02-03 17:25:53
TXN202600002236,ACC107808,3986.50,DEPOSIT,2026-12-25 21:17:35
TXN202600002237,ACC106045,1617.03,WITHDRAWAL,2026-04-05 02:34:17
TXN202600002238,ACC100475,3287.96,DEPOSIT,2026-03-28 17:39:03
TXN202600002239,ACC108102,3837.64,DEPOSIT,2026-08-08 10:39:56
TXN202600002240,ACC103111,3372.94,DEPOSIT,2026-04-21 20:02:09
TXN202600002241,ACC109631,1185.92,WITHDRAWAL,2026-06-14 16:10:37
TXN202600002242,ACC103568,1872.94,DEPOSIT,2026-12-10 10:12:29
TXN202600002243,ACC103897,899.41,WITHDRAWAL,2026-07-10 04:53:53
TXN202600002244,ACC107974,1064.89,DEPOSIT,2026-06-08 18:47:58
TXN202600002245,ACC100198,3653.44,DEPOSIT,2026-10-06 04:45:11
TXN202600002246,ACC104030,3274.81,DEPOSIT,2026-05-09 16:20:22
TXN202600002247,ACC105296,1401.55,DEPOSIT,2026-07-11 13:08:41
TXN202600002248,ACC109253,932.33,DEPOSIT,2026-04-09 01:54:46
TXN202600002249,ACC108888,1796.77,DEPOSIT,2026-07-13 17:55:49
TXN202600002250,ACC104286,1019.67,DEPOSIT,2026-02-27 10:05:18
TXN202600002251,ACC109706,288.11,REVERSAL,2026-08-02 19:51:08
TXN202600002252,ACC109371,3504.74,DEPOSIT,2026-09-15 21:29:14
TXN202600002253,ACC106397,3370.32,DEPOSIT,2026-12-19 13:12:10
TXN202600002254,ACC105880,3351.73,DEPOSIT,2026-02-16 09:07:18
TXN202600002255,ACC100775,1967.01,DEPOSIT,2026-02-21 02:14:56
TXN202600002256,ACC104324,498.10,WITHDRAWAL,2026-08-06 20:58:43
TXN202600002257,ACC105069,1917.67,DEPOSIT,2026-05-26 04:31:27
TXN202600002258,ACC109082,4785.68,DEPOSIT,2026-06-13 08:31:35
TXN202600002259,ACC101977,763.23,DEPOSIT,2026-06-24 03:59:58
TXN202600002260,ACC101212,515.23,DEPOSIT,2026-02-08 23:10:07
TXN202600002261,ACC103604,1890.82,WITHDRAWAL,2026-04-28 16:55:23
TXN202600002262,ACC106656,699.34,DEPOSIT,2026-12-22 03:42:52
TXN202600002263,ACC108164,209.22,WITHDRAWAL,2026-10-01 13:51:51
TXN202600002264,ACC100963,4030.30,DEPOSIT,2026-12-09 06:12:20
TXN202600002265,ACC100640,4883.44,DEPOSIT,2026-01-28 03:59:36
TXN202600002266,ACC101322,2574.70,DEPOSIT,2026-12-02 19:00:27
TXN202600002267,ACC100511,4543.22,DEPOSIT,2026-05-04 08:35:56
TXN202600002268,ACC103209,1208.89,DEPOSIT,2026-06-13 15:05:06
TXN202600002269,ACC102416,1800.39,DEPOSIT,2026-11-02 11:11:19
TXN202600002270,ACC107451,4240.44,DEPOSIT,2026-02-11 15:07:28
TXN202600002271,ACC106466,990.98,DEPOSIT,2026-12-26 12:33:34
TXN202600002272,ACC103377,1721.88,DEPOSIT,2026-04-03 23:35:33
TXN202600002273,ACC108468,4307.79,DEPOSIT,2026-04-17 20:43:00
TXN202600002274,ACC102614,3229.04,DEPOSIT,2026-05-08 04:27:48
TXN202600002275,ACC106792,2822.63,DEPOSIT,2026-01-27 22:17:30
TXN202600002276,ACC100240,2683.52,DEPOSIT,2026-04-05 15:56:24
TXN202600002277,ACC101793,2623.61,DEPOSIT,2026-04-26 17:28:15
TXN202600002278,ACC107825,1137.43,DEPOSIT,2026-01-18 22:52:43
TXN202600002279,ACC108684,3632.43,DEPOSIT,2026-11-14 11:14:37
TXN202600002280,ACC106604,1681.99,DEPOSIT,2026-01-20 16:10:47
TXN202600002281,ACC101819,1769.64,DEPOSIT,2026-10-16 03:06:39
TXN202600002282,ACC101572,4672.00,DEPOSIT,2026-05-06 20:13:54
TXN202600002283,ACC108285,1860.72,WITHDRAWAL,2026-03-25 11:29:12
TXN202600002284,ACC103343,4788.49,DEPOSIT,2026-10-22 15:18:05
TXN202600002285,ACC108538,1220.62,DEPOSIT,2026-08-07 15:46:38
TXN202600002286,ACC107689,706.81,WITHDRAWAL,2026-01-26 08:21:08
TXN202600002287,ACC100700,2689.22,DEPOSIT,2026-05-11 15:10:33
TXN202600002288,ACC106899,1893.64,WITHDRAWAL,2026-08-27 09:02:46
TXN202600002289,ACC104168,2579.01,DEPOSIT,2026-03-19 20:32:38
TXN202600002290,ACC108122,1775.30,DEPOSIT,2026-01-25 20:54:48
TXN202600002291,ACC109594,1374.46,DEPOSIT,2026-12-27 18:36:32
TXN202600002292,ACC108757,2124.42,DEPOSIT,2026-03-23 23:41:09
TXN202600002293,ACC105279,4240.66,DEPOSIT,2026-12-24 03:56:58
TXN202600002294,ACC106055,1315.43,DEPOSIT,2026-07-18 05:00:58
TXN202600002295,ACC104156,1806.53,DEPOSIT,2026-09-12 11:39:46
TXN202600002296,ACC109603,1151.47,DEPOSIT,2026-09-16 03:31:14
TXN202600002297,ACC102621,1382.01,DEPOSIT,2026-11-04 05:10:54
TXN202600002298,ACC104863,1308.46,WITHDRAWAL,2026-09-02 11:00:01
TXN202600002299,ACC107209,1773.49,WITHDRAWAL,2026-04-05 16:01:13
TXN202600002300,ACC106272,1949.97,DEPOSIT,2026-05-06 08:19:21
TXN202600002301,ACC109105,3856.15,DEPOSIT,2026-04-06 15:51:54
TXN202600002302,ACC106468,509.89,DEPOSIT,2026-12-12 23:46:35
TXN202600002303,ACC107432,271.80,WITHDRAWAL,2026-09-12 12:59:18
TXN202600002304,ACC103805,1077.65,WITHDRAWAL,2026-09-01 21:15:21
TXN202600002305,ACC108093,4731.78,DEPOSIT,2026-05-07 08:42:19
TXN202600002306,ACC106969,2236.94,DEPOSIT,2026-02-18 11:45:44
TXN202600002307,ACC106340,2553.52,DEPOSIT,2026-11-16 10:27:57
TXN202600002308,ACC105855,794.59,DEPOSIT,2026-04-18 03:12:38
TXN202600002309,ACC106579,2246.95,DEPOSIT,2026-04-09 01:26:48
TXN202600002310,ACC108741,631.84,DEPOSIT,2026-08-06 21:12:57
TXN202600002311,ACC100409,1909.70,DEPOSIT,2026-12-17 00:53:07
TXN202600002312,ACC109133,3550.73,DEPOSIT,2026-08-23 10:20:55
TXN202600002313,ACC100569,1601.04,WITHDRAWAL,2026-07-01 20:05:17
TXN202600002314,ACC108319,4764.15,DEPOSIT,2026-12-23 03:01:34
TXN202600002315,ACC104630,3895.60,DEPOSIT,2026-07-12 12:07:23
TXN202600002316,ACC109969,2201.06,DEPOSIT,2026-12-02 07:41:03
TXN202600002317,ACC105559,3538.07,DEPOSIT,2026-10-26 22:36:07
TXN202600002318,ACC107457,3701.65,DEPOSIT,2026-03-07 16:15:04
TXN202600002319,ACC104362,3166.40,DEPOSIT,2026-04-09 17:19:28
TXN202600002320,ACC101364,2748.91,DEPOSIT,2026-02-02 00:13:16
TXN202600002321,ACC107382,1147.30,DEPOSIT,2026-02-18 04:11:58
TXN202600002322,ACC104583,3630.54,DEPOSIT,2026-04-13 13:57:52
TXN202600002323,ACC105881,3838.43,DEPOSIT,2026-03-07 03:14:40
TXN202600002324,ACC101683,1646.70,DEPOSIT,2026-05-27 06:33:30
TXN202600002325,ACC105713,1157.75,WITHDRAWAL,2026-10-01 01:35:01
TXN202600002326,ACC102335,289.79,REVERSAL,2026-03-14 16:22:49
TXN202600002327,ACC106118,1745.62,DEPOSIT,2026-12-23 06:45:48
TXN202600002328,ACC101294,1621.97,WITHDRAWAL,2026-09-24 02:16:28
TXN202600002329,ACC105205,930.52,DEPOSIT,2026-08-19 22:36:09
TXN202600002330,ACC108056,4566.79,DEPOSIT,2026-02-13 16:32:09
TXN202600002331,ACC100424,2760.76,DEPOSIT,2026-08-02 10:24:53
TXN202600002332,ACC100533,816.91,DEPOSIT,2026-02-13 08:55:59
TXN202600002333,ACC103889,1427.10,WITHDRAWAL,2026-07-08 07:06:13
TXN202600002334,ACC103797,676.21,WITHDRAWAL,2026-11-25 15:39:40
TXN202600002335,ACC100839,2750.37,DEPOSIT,2026-02-18 18:27:16
TXN202600002336,ACC100667,1934.89,WITHDRAWAL,2026-04-16 14:28:53
TXN202600002337,ACC107544,3380.35,DEPOSIT,2026-12-15 12:37:07
TXN202600002338,ACC109752,3916.01,DEPOSIT,2026-10-02 14:44:42
TXN202600002339,ACC103309,3886.72,DEPOSIT,2026-03-26 08:45:39
TXN202600002340,ACC106964,780.06,WITHDRAWAL,2026-01-25 21:57:23
TXN202600002341,ACC109564,1463.02,WITHDRAWAL,2026-07-05 21:11:09
TXN202600002342,ACC107849,2153.19,DEPOSIT,2026-03-06 20:08:13
TXN202600002343,ACC108743,1360.57,WITHDRAWAL,2026-09-04 17:45:25
TXN202600002344,ACC101689,703.82,DEPOSIT,2026-12-04 22:00:02
TXN202600002345,ACC104851,4094.84,DEPOSIT,2026-11-05 05:22:09
TXN202600002346,ACC104302,3568.33,DEPOSIT,2026-10-24 23:05:45
TXN202600002347,ACC102547,3779.50,DEPOSIT,2026-07-03 07:59:40
TXN202600002348,ACC100225,486.17,REVERSAL,2026-03-03 06:30:10
TXN202600002349,ACC108595,4225.38,DEPOSIT,2026-03-11 16:21:33
TXN202600002350,ACC100834,3526.08,DEPOSIT,2026-10-12 00:01:25
TXN202600002351,ACC103697,1793.74,DEPOSIT,2026-03-07 18:42:06
TXN202600002352,ACC109943,289.47,WITHDRAWAL,2026-06-06 02:17:29
TXN202600002353,ACC102471,4149.45,DEPOSIT,2026-01-03 12:33:10
TXN202600002354,ACC101216,438.34,WITHDRAWAL,2026-10-27 03:56:20
TXN202600002355,ACC108516,1348.42,DEPOSIT,2026-06-14 13:57:07
TXN202600002356,ACC102232,2648.20,DEPOSIT,2026-06-20 11:48:04
TXN202600002357,ACC106793,502.97,DEPOSIT,2026-02-08 03:10:17
TXN202600002358,ACC101879,726.44,DEPOSIT,2026-10-17 12:44:49
TXN202600002359,ACC102016,2019.29,DEPOSIT,2026-12-10 06:03:17
TXN202600002360,ACC100274,3279.68,DEPOSIT,2026-02-10 03:11:14
TXN202600002361,ACC107288,4484.49,DEPOSIT,2026-03-15 14:49:56
TXN202600002362,ACC100261,769.58,REVERSAL,2026-02-03 02:48:50
TXN202600002363,ACC109532,1223.28,WITHDRAWAL,2026-01-08 14:41:56
TXN202600002364,ACC105048,610.39,WITHDRAWAL,2026-08-04 22:46:54
TXN202600002365,ACC109601,4389.82,DEPOSIT,2026-05-24 19:28:37
TXN202600002366,ACC106237,1258.22,DEPOSIT,2026-12-08 15:51:42
TXN202600002367,ACC101790,2847.11,DEPOSIT,2026-12-04 13:16:09
TXN202600002368,ACC106331,921.77,WITHDRAWAL,2026-04-21 09:52:20
TXN202600002369,ACC105623,4774.21,DEPOSIT,2026-09-13 00:59:36
TXN202600002370,ACC109603,581.04,WITHDRAWAL,2026-06-10 06:43:34
TXN202600002371,ACC102739,635.16,REVERSAL,2026-02-03 23:25:27
TXN202600002372,ACC105504,2822.15,DEPOSIT,2026-08-13 14:57:48
TXN202600002373,ACC107676,429.09,WITHDRAWAL,2026-05-11 13:31:03
TXN202600002374,ACC106604,3257.74,DEPOSIT,2026-06-12 04:44:54
TXN202600002375,ACC105862,3336.19,DEPOSIT,2026-11-27 01:38:40
TXN202600002376,ACC102062,865.45,REVERSAL,2026-06-02 05:58:22
TXN202600002377,ACC103191,1029.30,DEPOSIT,2026-01-18 13:07:44
TXN202600002378,ACC101825,2086.68,WITHDRAWAL,2026-12-19 07:53:49
TXN202600002379,ACC105526,3236.98,DEPOSIT,2026-08-03 03:08:24
TXN202600002380,ACC108991,3488.94,DEPOSIT,2026-09-01 11:54:40
TXN202600002381,ACC102046,690.62,REVERSAL,2026-06-26 05:09:03
TXN202600002382,ACC109995,2719.89,DEPOSIT,2026-11-23 01:47:24
TXN202600002383,ACC103170,2233.91,DEPOSIT,2026-07-09 23:17:38
TXN202600002384,ACC105500,1692.51,DEPOSIT,2026-11-11 15:48:14
TXN202600002385,ACC105019,4310.04,DEPOSIT,2026-02-14 03:23:23
TXN202600002386,ACC103957,3108.72,DEPOSIT,2026-08-24 21:39:39
TXN202600002387,ACC106541,902.73,WITHDRAWAL,2026-06-01 01:45:45
TXN202600002388,ACC101442,2311.68,DEPOSIT,2026-03-03 23:57:12
TXN202600002389,ACC109369,1671.44,WITHDRAWAL,2026-09-26 16:08:13
TXN202600002390,ACC109902,973.78,WITHDRAWAL,2026-12-07 08:58:12
TXN202600002391,ACC107996,971.90,WITHDRAWAL,2026-08-26 21:31:44
TXN202600002392,ACC104561,1953.82,DEPOSIT,2026-04-12 15:53:39
TXN202600002393,ACC102662,551.80,DEPOSIT,2026-09-18 22:29:09
TXN202600002394,ACC106310,1504.29,DEPOSIT,2026-02-20 01:04:09
TXN202600002395,ACC105925,3901.57,DEPOSIT,2026-02-13 11:30:45
TXN202600002396,ACC105241,2647.81,DEPOSIT,2026-08-25 02:10:35
TXN202600002397,ACC104560,449.86,REVERSAL,2026-06-22 10:46:34
TXN202600002398,ACC106254,196.30,REVERSAL,2026-06-07 09:59:25
TXN202600002399,ACC101903,364.00,WITHDRAWAL,2026-02-02 05:50:57
TXN202600002400,ACC107965,1903.07,WITHDRAWAL,2026-06-10 23:50:27
TXN202600002401,ACC100217,2130.03,DEPOSIT,2026-02-01 11:41:41
TXN202600002402,ACC102794,724.29,DEPOSIT,2026-06-05 11:02:59
TXN202600002403,ACC104967,4586.62,DEPOSIT,2026-07-21 23:34:46
TXN202600002404,ACC103538,2942.18,DEPOSIT,2026-12-18 21:51:49
TXN202600002405,ACC107044,4707.72,DEPOSIT,2026-10-24 00:55:26
TXN202600002406,ACC107952,2991.40,DEPOSIT,2026-05-18 12:05:02
TXN202600002407,ACC100534,4924.51,DEPOSIT,2026-06-14 14:49:47
TXN202600002408,ACC107550,956.58,DEPOSIT,2026-01-13 06:11:00
TXN202600002409,ACC109111,285.13,WITHDRAWAL,2026-10-18 21:51:41
TXN202600002410,ACC103928,3749.78,DEPOSIT,2026-02-14 20:53:54
TXN202600002411,ACC101901,1732.30,DEPOSIT,2026-02-07 01:47:47
TXN202600002412,ACC109467,1026.99,WITHDRAWAL,2026-11-20 07:47:41
TXN202600002413,ACC102169,4007.78,DEPOSIT,2026-01-27 14:44:54
TXN202600002414,ACC104236,1615.06,DEPOSIT,2026-01-05 03:06:25
TXN202600002415,ACC109179,2030.37,WITHDRAWAL,2026-12-24 19:54:18
TXN202600002416,ACC108531,1235.48,WITHDRAWAL,2026-06-09 22:17:15
TXN202600002417,ACC103219,2704.18,DEPOSIT,2026-02-11 10:04:01
TXN202600002418,ACC108678,3333.49,DEPOSIT,2026-09-21 04:46:07
TXN202600002419,ACC107779,3326.23,DEPOSIT,2026-11-09 22:31:53
TXN202600002420,ACC108595,1339.37,WITHDRAWAL,2026-07-10 10:28:09
TXN202600002421,ACC105984,378.94,REVERSAL,2026-03-26 17:40:38
TXN202600002422,ACC106198,708.69,WITHDRAWAL,2026-07-12 21:53:08
TXN202600002423,ACC103817,263.46,WITHDRAWAL,2026-01-21 01:20:38
TXN202600002424,ACC102298,4544.78,DEPOSIT,2026-09-27 06:36:07
TXN202600002425,ACC103407,1878.52,WITHDRAWAL,2026-01-22 06:25:45
TXN202600002426,ACC105579,1131.76,DEPOSIT,2026-09-01 12:04:45
TXN202600002427,ACC104579,3718.83,DEPOSIT,2026-08-23 02:21:05
TXN202600002428,ACC108184,641.75,DEPOSIT,2026-06-07 14:16:41
TXN202600002429,ACC103102,2490.36,DEPOSIT,2026-10-26 21:39:43
TXN202600002430,ACC100855,894.48,WITHDRAWAL,2026-03-17 11:44:43
TXN202600002431,ACC109705,4299.49,DEPOSIT,2026-05-01 20:53:48
TXN202600002432,ACC105393,2764.59,DEPOSIT,2026-02-25 16:22:06
TXN202600002433,ACC108542,2325.82,DEPOSIT,2026-05-23 21:01:19
TXN202600002434,ACC105566,1434.65,WITHDRAWAL,2026-09-11 04:05:22
TXN202600002435,ACC103095,3089.87,DEPOSIT,2026-08-02 09:04:07
TXN202600002436,ACC105322,2165.82,DEPOSIT,2026-06-16 03:39:05
TXN202600002437,ACC102131,1984.32,DEPOSIT,2026-09-23 15:13:01
TXN202600002438,ACC101044,1141.53,WITHDRAWAL,2026-07-19 05:57:26
TXN202600002439,ACC102536,1256.64,WITHDRAWAL,2026-09-06 01:32:16
TXN202600002440,ACC109464,3172.13,DEPOSIT,2026-10-25 11:09:39
TXN202600002441,ACC108210,430.11,WITHDRAWAL,2026-10-24 13:22:54
TXN202600002442,ACC109732,2989.86,DEPOSIT,2026-11-28 13:09:38
TXN202600002443,ACC109994,341.59,WITHDRAWAL,2026-04-02 17:42:56
TXN202600002444,ACC106613,1270.85,DEPOSIT,2026-04-05 10:39:34
TXN202600002445,ACC103058,1742.11,WITHDRAWAL,2026-09-14 03:42:53
TXN202600002446,ACC101605,1854.23,DEPOSIT,2026-02-15 21:52:31
TXN202600002447,ACC101326,3723.42,DEPOSIT,2026-06-10 04:12:51
TXN202600002448,ACC107644,623.18,WITHDRAWAL,2026-06-05 08:00:35
TXN202600002449,ACC100861,535.35,DEPOSIT,2026-08-22 17:44:35
TXN202600002450,ACC106148,128.57,REVERSAL,2026-06-09 15:13:41
TXN202600002451,ACC100822,1595.77,WITHDRAWAL,2026-12-25 13:54:12
TXN202600002452,ACC105082,4176.03,DEPOSIT,2026-04-03 20:05:29
TXN202600002453,ACC100063,1895.47,DEPOSIT,2026-03-15 22:20:59
TXN202600002454,ACC100718,1550.41,WITHDRAWAL,2026-08-13 18:55:09
TXN202600002455,ACC100839,2700.02,DEPOSIT,2026-11-20 10:22:10
TXN202600002456,ACC102797,1740.87,WITHDRAWAL,2026-07-12 08:18:36
TXN202600002457,ACC102435,4498.83,DEPOSIT,2026-04-13 05:24:59
TXN202600002458,ACC104677,1589.59,WITHDRAWAL,2026-12-04 19:36:15
TXN202600002459,ACC102758,599.38,DEPOSIT,2026-10-09 02:17:04
TXN202600002460,ACC105142,963.10,DEPOSIT,2026-09-18 00:29:02
TXN202600002461,ACC107834,1294.56,DEPOSIT,2026-04-28 12:58:17
TXN202600002462,ACC109496,938.52,WITHDRAWAL,2026-08-18 21:00:38
TXN202600002463,ACC106413,3527.05,DEPOSIT,2026-09-15 16:25:49
TXN202600002464,ACC104328,1827.68,WITHDRAWAL,2026-03-05 11:36:40
TXN202600002465,ACC100998,2491.22,DEPOSIT,2026-06-20 00:32:06
TXN202600002466,ACC103597,3377.69,DEPOSIT,2026-08-01 10:25:59
TXN202600002467,ACC100309,3727.26,DEPOSIT,2026-01-12 21:43:20
TXN202600002468,ACC100408,2562.27,DEPOSIT,2026-06-19 00:05:29
TXN202600002469,ACC104840,1080.35,DEPOSIT,2026-03-12 10:03:13
TXN202600002470,ACC107817,4325.00,DEPOSIT,2026-08-06 15:50:09
TXN202600002471,ACC105274,712.13,WITHDRAWAL,2026-01-25 01:45:00
TXN202600002472,ACC107868,825.37,REVERSAL,2026-01-22 17:02:13
TXN202600002473,ACC104279,2490.91,DEPOSIT,2026-12-15 12:49:00
TXN202600002474,ACC107171,369.36,WITHDRAWAL,2026-08-05 11:25:27
TXN202600002475,ACC103212,846.85,REVERSAL,2026-06-06 18:34:20
TXN202600002476,ACC107982,364.22,WITHDRAWAL,2026-02-10 03:20:51
TXN202600002477,ACC100715,1637.69,WITHDRAWAL,2026-01-24 12:35:53
TXN202600002478,ACC107670,183.45,REVERSAL,2026-02-24 16:07:51
TXN202600002479,ACC101882,2896.94,DEPOSIT,2026-08-05 19:14:48
TXN202600002480,ACC105544,668.40,WITHDRAWAL,2026-01-25 04:49:03
TXN202600002481,ACC103003,1038.18,DEPOSIT,2026-09-16 23:15:54
TXN202600002482,ACC106141,4657.21,DEPOSIT,2026-03-11 00:29:24
TXN202600002483,ACC108742,3977.40,DEPOSIT,2026-06-17 14:05:58
TXN202600002484,ACC102967,1015.32,REVERSAL,2026-06-25 04:36:01
TXN202600002485,ACC104932,4878.51,DEPOSIT,2026-06-03 14:40:14
TXN202600002486,ACC101959,4894.53,DEPOSIT,2026-02-04 16:50:37
TXN202600002487,ACC106582,2065.19,WITHDRAWAL,2026-09-16 17:37:21
TXN202600002488,ACC100250,1881.44,DEPOSIT,2026-10-18 04:45:07
TXN202600002489,ACC102355,3062.51,DEPOSIT,2026-10-18 05:01:33
TXN202600002490,ACC101042,1801.54,WITHDRAWAL,2026-11-03 16:33:31
TXN202600002491,ACC101519,2858.86,DEPOSIT,2026-05-07 13:06:21
TXN202600002492,ACC106913,1459.49,DEPOSIT,2026-06-06 09:28:18
TXN202600002493,ACC100103,4737.21,DEPOSIT,2026-04-13 06:29:27
TXN202600002494,ACC109250,4693.58,DEPOSIT,2026-08-15 08:53:23
TXN202600002495,ACC101801,452.00,REVERSAL,2026-10-06 09:55:25
TXN202600002496,ACC104160,3954.56,DEPOSIT,2026-02-26 08:44:34
TXN202600002497,ACC101473,3722.83,DEPOSIT,2026-03-14 02:35:37
TXN202600002498,ACC103336,3356.51,DEPOSIT,2026-03-09 04:20:33
TXN202600002499,ACC102815,329.48,WITHDRAWAL,2026-07-06 03:32:18
TXN202600002500,ACC103884,1170.63,WITHDRAWAL,2026-11-04 11:54:40
TXN202600002501,ACC103589,543.75,DEPOSIT,2026-03-07 08:31:22
TXN202600002502,ACC109533,1287.91,WITHDRAWAL,2026-06-25 09:15:37
TXN202600002503,ACC104862,281.14,WITHDRAWAL,2026-06-09 15:30:34
TXN202600002504,ACC104266,4264.39,DEPOSIT,2026-02-08 11:01:31
TXN202600002505,ACC101864,3012.55,DEPOSIT,2026-01-21 19:22:06
TXN202600002506,ACC109350,990.86,WITHDRAWAL,2026-08-13 22:22:21
TXN202600002507,ACC100659,4509.19,DEPOSIT,2026-10-10 13:08:34
TXN202600002508,ACC108036,3735.05,DEPOSIT,2026-10-13 19:16:55
TXN202600002509,ACC100850,1240.14,WITHDRAWAL,2026-03-23 16:20:54
TXN202600002510,ACC100735,1022.34,DEPOSIT,2026-10-07 19:06:00
TXN202600002511,ACC101583,2109.17,DEPOSIT,2026-06-07 07:02:07
TXN202600002512,ACC106869,1059.54,WITHDRAWAL,2026-12-11 19:29:03
TXN202600002513,ACC109020,3506.34,DEPOSIT,2026-04-03 13:33:22
TXN202600002514,ACC102339,3116.11,DEPOSIT,2026-08-21 04:32:45
TXN202600002515,ACC103844,3191.50,DEPOSIT,2026-05-13 00:34:42
TXN202600002516,ACC107978,2537.10,DEPOSIT,2026-02-16 10:22:12
TXN202600002517,ACC104832,1509.02,WITHDRAWAL,2026-08-01 18:54:28
TXN202600002518,ACC103551,4446.51,DEPOSIT,2026-11-11 14:25:34
TXN202600002519,ACC108182,1412.89,WITHDRAWAL,2026-08-24 06:17:47
TXN202600002520,ACC107409,961.36,REVERSAL,2026-07-01 10:15:11
TXN202600002521,ACC106189,1250.59,DEPOSIT,2026-10-13 03:46:40
TXN202600002522,ACC108404,1613.42,WITHDRAWAL,2026-05-24 09:33:12
TXN202600002523,ACC102716,1897.31,WITHDRAWAL,2026-05-09 08:48:33
TXN202600002524,ACC108203,4626.51,DEPOSIT,2026-01-15 16:57:23
TXN202600002525,ACC109602,2174.13,DEPOSIT,2026-08-19 12:31:22
TXN202600002526,ACC105475,3990.94,DEPOSIT,2026-08-10 04:34:49
TXN202600002527,ACC108158,4135.17,DEPOSIT,2026-03-09 16:21:03
TXN202600002528,ACC101259,4946.82,DEPOSIT,2026-11-08 09:47:47
TXN202600002529,ACC106671,3424.57,DEPOSIT,2026-10-15 11:33:25
TXN202600002530,ACC106944,1598.51,WITHDRAWAL,2026-01-25 11:44:00
TXN202600002531,ACC106279,2874.68,DEPOSIT,2026-10-16 18:09:08
TXN202600002532,ACC104006,3230.87,DEPOSIT,2026-07-25 21:48:04
TXN202600002533,ACC103417,1628.73,DEPOSIT,2026-10-04 02:35:55
TXN202600002534,ACC101537,2677.67,DEPOSIT,2026-06-16 20:04:15
TXN202600002535,ACC105379,1272.90,DEPOSIT,2026-11-13 03:45:03
TXN202600002536,ACC100866,1805.69,DEPOSIT,2026-08-19 07:06:52
TXN202600002537,ACC102437,1666.31,WITHDRAWAL,2026-08-10 09:50:01
TXN202600002538,ACC108974,2362.99,DEPOSIT,2026-01-08 21:07:45
TXN202600002539,ACC105007,3297.06,DEPOSIT,2026-02-26 10:39:24
TXN202600002540,ACC107161,3444.89,DEPOSIT,2026-07-13 18:10:52
TXN202600002541,ACC107481,3119.81,DEPOSIT,2026-11-01 15:52:31
TXN202600002542,ACC103377,668.17,WITHDRAWAL,2026-02-02 23:05:32
TXN202600002543,ACC108221,657.43,WITHDRAWAL,2026-10-18 09:32:57
TXN202600002544,ACC101413,253.15,WITHDRAWAL,2026-10-13 21:54:02
TXN202600002545,ACC104560,2945.33,DEPOSIT,2026-11-01 10:34:58
TXN202600002546,ACC104612,732.54,WITHDRAWAL,2026-08-22 14:28:23
TXN202600002547,ACC109550,517.73,DEPOSIT,2026-12-05 04:36:32
TXN202600002548,ACC104355,534.25,WITHDRAWAL,2026-08-28 07:13:23
TXN202600002549,ACC103060,3261.68,DEPOSIT,2026-04-06 02:47:28
TXN202600002550,ACC102584,2180.82,DEPOSIT,2026-04-28 22:08:40
TXN202600002551,ACC106887,1758.78,DEPOSIT,2026-07-20 16:03:47
TXN202600002552,ACC102066,770.89,DEPOSIT,2026-10-13 20:39:46
TXN202600002553,ACC108067,1968.67,DEPOSIT,2026-01-02 18:02:47
TXN202600002554,ACC103018,1076.34,WITHDRAWAL,2026-07-01 14:42:03
TXN202600002555,ACC106799,2593.01,DEPOSIT,2026-09-07 22:04:15
TXN202600002556,ACC104787,1596.02,WITHDRAWAL,2026-09-13 06:48:26
TXN202600002557,ACC109372,2703.91,DEPOSIT,2026-10-04 14:24:06
TXN202600002558,ACC106108,861.87,REVERSAL,2026-04-16 08:15:37
TXN202600002559,ACC109741,4441.76,DEPOSIT,2026-08-12 13:37:12
TXN202600002560,ACC107640,880.73,WITHDRAWAL,2026-09-19 20:19:48
TXN202600002561,ACC101761,2273.00,DEPOSIT,2026-07-01 21:25:01
TXN202600002562,ACC100036,780.07,DEPOSIT,2026-03-07 07:28:38
TXN202600002563,ACC106940,1936.95,DEPOSIT,2026-06-18 19:24:56
TXN202600002564,ACC101558,1465.50,DEPOSIT,2026-11-20 06:25:10
TXN202600002565,ACC101348,3589.27,DEPOSIT,2026-07-03 23:50:48
TXN202600002566,ACC100678,241.83,REVERSAL,2026-11-21 16:41:14
TXN202600002567,ACC106120,3369.12,DEPOSIT,2026-01-17 12:57:19
TXN202600002568,ACC103333,4490.01,DEPOSIT,2026-07-12 21:45:53
TXN202600002569,ACC105004,2229.01,DEPOSIT,2026-03-12 08:34:37
TXN202600002570,ACC104762,4038.46,DEPOSIT,2026-12-11 09:43:31
TXN202600002571,ACC100336,1650.75,WITHDRAWAL,2026-11-26 08:23:47
TXN202600002572,ACC101452,3121.23,DEPOSIT,2026-02-18 07:42:59
TXN202600002573,ACC105263,778.90,WITHDRAWAL,2026-06-13 19:54:57
TXN202600002574,ACC103130,2127.38,DEPOSIT,2026-02-24 04:12:28
TXN202600002575,ACC103316,4426.30,DEPOSIT,2026-06-21 17:22:05
TXN202600002576,ACC107431,929.02,WITHDRAWAL,2026-01-05 17:10:05
TXN202600002577,ACC103719,1811.27,WITHDRAWAL,2026-03-21 15:10:59
TXN202600002578,ACC109394,3530.81,DEPOSIT,2026-03-27 12:59:28
TXN202600002579,ACC106038,4575.88,DEPOSIT,2026-08-25 02:35:50
TXN202600002580,ACC107907,1089.36,DEPOSIT,2026-12-17 03:59:18
TXN202600002581,ACC106558,774.37,DEPOSIT,2026-07-16 13:20:40
TXN202600002582,ACC108016,2202.87,DEPOSIT,2026-04-05 14:47:36
TXN202600002583,ACC108874,2545.91,DEPOSIT,2026-04-24 08:05:30
TXN202600002584,ACC106206,1287.94,WITHDRAWAL,2026-11-10 00:33:45
TXN202600002585,ACC102116,904.13,DEPOSIT,2026-10-14 23:29:19
TXN202600002586,ACC109187,1809.57,DEPOSIT,2026-09-09 08:59:20
TXN202600002587,ACC107991,1621.75,DEPOSIT,2026-02-13 05:36:52
TXN202600002588,ACC102409,2369.57,DEPOSIT,2026-07-25 10:21:18
TXN202600002589,ACC105350,291.17,WITHDRAWAL,2026-06-19 11:01:30
TXN202600002590,ACC109566,4195.01,DEPOSIT,2026-11-06 05:24:26
TXN202600002591,ACC100437,1725.09,DEPOSIT,2026-11-23 08:18:11
TXN202600002592,ACC102439,1775.25,DEPOSIT,2026-05-08 01:54:13
TXN202600002593,ACC107061,3307.65,DEPOSIT,2026-07-02 21:41:34
TXN202600002594,ACC107508,2488.87,DEPOSIT,2026-09-17 07:19:49
TXN202600002595,ACC106222,1996.68,DEPOSIT,2026-06-17 21:59:46
TXN202600002596,ACC101069,1989.78,WITHDRAWAL,2026-05-24 13:47:25
TXN202600002597,ACC101974,4597.56,DEPOSIT,2026-08-12 00:52:03
TXN202600002598,ACC106474,1184.20,WITHDRAWAL,2026-03-05 04:06:39
TXN202600002599,ACC100575,1428.25,DEPOSIT,2026-03-09 19:14:49
TXN202600002600,ACC109985,1158.18,WITHDRAWAL,2026-04-06 07:10:42
TXN202600002601,ACC106942,572.61,WITHDRAWAL,2026-07-04 21:29:57
TXN202600002602,ACC100410,588.03,WITHDRAWAL,2026-08-08 09:00:26
TXN202600002603,ACC101831,3404.89,DEPOSIT,2026-12-23 08:16:26
TXN202600002604,ACC109901,4501.90,DEPOSIT,2026-11-20 03:20:27
TXN202600002605,ACC100852,1239.20,WITHDRAWAL,2026-12-23 10:56:32
TXN202600002606,ACC101260,4037.98,DEPOSIT,2026-01-13 01:07:51
TXN202600002607,ACC108884,4096.00,DEPOSIT,2026-06-12 22:45:56
TXN202600002608,ACC109387,4651.88,DEPOSIT,2026-09-14 00:28:56
TXN202600002609,ACC107409,2109.09,DEPOSIT,2026-11-10 20:14:12
TXN202600002610,ACC107436,4363.46,DEPOSIT,2026-07-14 22:51:29
TXN202600002611,ACC108538,4349.95,DEPOSIT,2026-08-25 17:15:54
TXN202600002612,ACC109032,869.12,WITHDRAWAL,2026-09-19 14:10:28
TXN202600002613,ACC100480,1074.17,WITHDRAWAL,2026-01-12 20:59:01
TXN202600002614,ACC108121,1812.50,WITHDRAWAL,2026-04-25 06:54:50
TXN202600002615,ACC106973,147.04,WITHDRAWAL,2026-12-20 06:25:00
TXN202600002616,ACC109715,1214.00,WITHDRAWAL,2026-01-08 06:10:03
TXN202600002617,ACC108624,230.05,REVERSAL,2026-10-07 21:40:59
TXN202600002618,ACC100977,849.24,WITHDRAWAL,2026-02-08 23:52:54
TXN202600002619,ACC104852,1833.83,DEPOSIT,2026-08-19 05:29:08
TXN202600002620,ACC104829,1626.46,DEPOSIT,2026-11-14 21:04:53
TXN202600002621,ACC104126,2348.61,DEPOSIT,2026-05-20 03:56:59
TXN202600002622,ACC109912,907.33,WITHDRAWAL,2026-10-19 03:25:45
TXN202600002623,ACC107750,4155.31,DEPOSIT,2026-01-10 08:12:22
TXN202600002624,ACC109704,603.93,DEPOSIT,2026-06-17 02:47:57
TXN202600002625,ACC105517,3146.35,DEPOSIT,2026-10-01 06:12:48
TXN202600002626,ACC102160,3205.84,DEPOSIT,2026-10-06 20:27:17
TXN202600002627,ACC105437,132.52,WITHDRAWAL,2026-11-23 09:36:36
TXN202600002628,ACC100233,475.98,WITHDRAWAL,2026-05-17 19:28:47
TXN202600002629,ACC105584,3787.43,DEPOSIT,2026-10-16 05:57:54
TXN202600002630,ACC105775,1547.24,WITHDRAWAL,2026-03-01 17:51:05
TXN202600002631,ACC103607,617.14,WITHDRAWAL,2026-10-21 23:41:18
TXN202600002632,ACC107320,376.13,WITHDRAWAL,2026-07-12 11:53:02
TXN202600002633,ACC102780,3568.46,DEPOSIT,2026-07-27 19:38:58
TXN202600002634,ACC100126,3976.18,DEPOSIT,2026-07-21 06:25:59
TXN202600002635,ACC102738,1020.25,REVERSAL,2026-02-15 01:14:59
TXN202600002636,ACC106012,874.70,REVERSAL,2026-01-19 22:05:37
TXN202600002637,ACC107064,2571.77,DEPOSIT,2026-09-03 04:13:11
TXN202600002638,ACC102566,3573.65,DEPOSIT,2026-03-14 07:46:35
TXN202600002639,ACC109581,747.01,REVERSAL,2026-08-03 09:38:57
TXN202600002640,ACC106737,2060.22,DEPOSIT,2026-04-28 02:03:14
TXN202600002641,ACC104526,335.37,WITHDRAWAL,2026-05-18 16:24:58
TXN202600002642,ACC102354,2381.04,DEPOSIT,2026-10-04 22:11:53
TXN202600002643,ACC102908,4067.56,DEPOSIT,2026-05-18 10:05:56
TXN202600002644,ACC103012,1740.03,WITHDRAWAL,2026-07-11 15:28:26
TXN202600002645,ACC100953,2715.53,DEPOSIT,2026-05-23 22:54:14
TXN202600002646,ACC109778,421.42,WITHDRAWAL,2026-12-12 15:05:49
TXN202600002647,ACC102370,3767.11,DEPOSIT,2026-06-16 09:06:20
TXN202600002648,ACC105011,2075.02,WITHDRAWAL,2026-12-07 07:24:25
TXN202600002649,ACC101111,1565.22,DEPOSIT,2026-09-23 18:01:33
TXN202600002650,ACC104020,4572.47,DEPOSIT,2026-07-02 19:09:10
TXN202600002651,ACC103638,1556.55,DEPOSIT,2026-06-26 15:36:06
TXN202600002652,ACC101839,4557.29,DEPOSIT,2026-04-07 15:18:16
TXN202600002653,ACC108918,2037.58,WITHDRAWAL,2026-07-19 08:31:36
TXN202600002654,ACC102122,1077.76,DEPOSIT,2026-05-15 01:30:46
TXN202600002655,ACC100400,1862.35,WITHDRAWAL,2026-01-21 21:55:51
TXN202600002656,ACC108043,4390.46,DEPOSIT,2026-05-12 20:06:45
TXN202600002657,ACC105672,2325.56,DEPOSIT,2026-07-22 22:02:06
TXN202600002658,ACC104232,2314.93,DEPOSIT,2026-02-06 14:51:08
TXN202600002659,ACC105050,4103.46,DEPOSIT,2026-08-22 23:30:00
TXN202600002660,ACC102012,1158.83,DEPOSIT,2026-07-15 07:39:24
TXN202600002661,ACC103680,971.75,REVERSAL,2026-04-05 13:26:02
TXN202600002662,ACC109396,3882.35,DEPOSIT,2026-10-03 22:20:10
TXN202600002663,ACC105905,339.80,WITHDRAWAL,2026-02-01 17:20:50
TXN202600002664,ACC109144,4176.05,DEPOSIT,2026-08-12 09:31:38
TXN202600002665,ACC107668,3386.80,DEPOSIT,2026-01-27 16:27:39
TXN202600002666,ACC105766,1756.15,DEPOSIT,2026-01-25 00:42:42
TXN202600002667,ACC107651,1842.50,WITHDRAWAL,2026-12-08 04:29:50
TXN202600002668,ACC102217,3080.38,DEPOSIT,2026-05-07 15:27:44
TXN202600002669,ACC105115,1293.03,DEPOSIT,2026-08-17 02:05:15
TXN202600002670,ACC108680,1127.51,DEPOSIT,2026-10-13 14:45:40
TXN202600002671,ACC104000,625.05,DEPOSIT,2026-09-11 09:27:57
TXN202600002672,ACC103497,1520.33,DEPOSIT,2026-08-27 22:25:20
TXN202600002673,ACC104031,2493.08,DEPOSIT,2026-02-01 04:46:13
TXN202600002674,ACC104677,440.76,WITHDRAWAL,2026-04-10 10:20:18
TXN202600002675,ACC100347,704.33,DEPOSIT,2026-11-14 04:15:18
TXN202600002676,ACC102150,3042.57,DEPOSIT,2026-04-07 15:56:35
TXN202600002677,ACC104169,431.24,WITHDRAWAL,2026-08-16 13:08:32
TXN202600002678,ACC101387,3297.01,DEPOSIT,2026-03-22 09:00:18
TXN202600002679,ACC105448,978.96,DEPOSIT,2026-08-08 18:59:11
TXN202600002680,ACC106221,3459.45,DEPOSIT,2026-05-04 03:49:35
TXN202600002681,ACC103369,731.32,DEPOSIT,2026-02-21 15:38:26
TXN202600002682,ACC104586,595.96,WITHDRAWAL,2026-11-04 19:46:55
TXN202600002683,ACC106093,278.43,WITHDRAWAL,2026-01-09 19:20:31
TXN202600002684,ACC103727,665.38,WITHDRAWAL,2026-02-06 08:29:54
TXN202600002685,ACC103613,3904.81,DEPOSIT,2026-03-16 16:08:46
TXN202600002686,ACC100836,3570.12,DEPOSIT,2026-03-02 00:00:01
TXN202600002687,ACC109667,1189.22,DEPOSIT,2026-09-09 01:23:54
TXN202600002688,ACC109296,790.54,DEPOSIT,2026-02-03 10:11:17
TXN202600002689,ACC106502,3265.71,DEPOSIT,2026-03-14 14:52:41
TXN202600002690,ACC105372,2376.73,DEPOSIT,2026-07-05 20:40:27
TXN202600002691,ACC105667,3759.13,DEPOSIT,2026-02-08 14:17:58
TXN202600002692,ACC108581,922.62,DEPOSIT,2026-10-22 10:52:22
TXN202600002693,ACC106232,4691.40,DEPOSIT,2026-08-21 09:25:58
TXN202600002694,ACC108601,4683.40,DEPOSIT,2026-10-25 04:50:59
TXN202600002695,ACC109339,3167.01,DEPOSIT,2026-10-06 01:04:20
TXN202600002696,ACC105811,633.22,WITHDRAWAL,2026-10-17 10:58:01
TXN202600002697,ACC107176,2048.40,WITHDRAWAL,2026-01-18 12:47:57
TXN202600002698,ACC105010,2576.98,DEPOSIT,2026-04-28 07:00:06
TXN202600002699,ACC105880,1684.54,WITHDRAWAL,2026-11-08 09:41:08
TXN202600002700,ACC105205,752.95,WITHDRAWAL,2026-11-28 22:48:22
TXN202600002701,ACC102366,3311.39,DEPOSIT,2026-06-05 04:20:23
TXN202600002702,ACC109698,3782.21,DEPOSIT,2026-04-16 21:05:07
TXN202600002703,ACC103228,1941.70,WITHDRAWAL,2026-12-18 15:26:40
TXN202600002704,ACC106964,3310.19,DEPOSIT,2026-09-24 21:13:37
TXN202600002705,ACC104290,203.01,WITHDRAWAL,2026-05-09 23:31:40
TXN202600002706,ACC105987,873.26,WITHDRAWAL,2026-02-27 18:20:16
TXN202600002707,ACC107495,1261.47,WITHDRAWAL,2026-01-11 08:03:22
TXN202600002708,ACC101534,1933.24,WITHDRAWAL,2026-02-05 05:42:04
TXN202600002709,ACC107328,1427.06,WITHDRAWAL,2026-01-26 22:21:11
TXN202600002710,ACC103044,2216.88,DEPOSIT,2026-02-04 19:32:37
TXN202600002711,ACC100255,3518.71,DEPOSIT,2026-06-17 17:34:28
TXN202600002712,ACC108337,327.14,WITHDRAWAL,2026-12-25 18:19:32
TXN202600002713,ACC108358,738.93,DEPOSIT,2026-10-16 11:57:37
TXN202600002714,ACC104980,2580.79,DEPOSIT,2026-11-12 23:31:51
TXN202600002715,ACC105577,2050.05,DEPOSIT,2026-12-07 17:13:18
TXN202600002716,ACC105582,3953.74,DEPOSIT,2026-11-06 15:31:28
TXN202600002717,ACC100563,706.67,REVERSAL,2026-07-28 11:53:05
TXN202600002718,ACC106502,4863.75,DEPOSIT,2026-01-08 08:17:33
TXN202600002719,ACC107871,3026.56,DEPOSIT,2026-06-28 02:16:16
TXN202600002720,ACC106360,334.26,REVERSAL,2026-08-16 18:18:48
TXN202600002721,ACC107623,2038.46,WITHDRAWAL,2026-10-03 05:40:29
TXN202600002722,ACC105533,3753.94,DEPOSIT,2026-03-07 07:08:49
TXN202600002723,ACC101834,1888.24,DEPOSIT,2026-09-11 15:17:15
TXN202600002724,ACC106196,4479.31,DEPOSIT,2026-11-06 20:51:07
TXN202600002725,ACC106311,3122.63,DEPOSIT,2026-03-19 00:36:47
TXN202600002726,ACC108974,622.69,WITHDRAWAL,2026-04-02 11:31:23
TXN202600002727,ACC106887,3822.99,DEPOSIT,2026-03-26 06:58:56
TXN202600002728,ACC101528,2529.29,DEPOSIT,2026-05-19 06:20:44
TXN202600002729,ACC101639,894.78,DEPOSIT,2026-01-03 09:31:36
TXN202600002730,ACC100451,1951.15,WITHDRAWAL,2026-10-26 18:37:04
TXN202600002731,ACC109267,1474.98,WITHDRAWAL,2026-07-01 07:27:01
TXN202600002732,ACC103918,3210.71,DEPOSIT,2026-10-19 21:38:48
TXN202600002733,ACC102863,2630.57,DEPOSIT,2026-10-20 02:03:12
TXN202600002734,ACC109300,675.45,WITHDRAWAL,2026-01-09 05:13:36
TXN202600002735,ACC101136,636.28,WITHDRAWAL,2026-03-02 11:38:54
TXN202600002736,ACC104640,954.74,DEPOSIT,2026-12-01 06:56:58
TXN202600002737,ACC105097,2731.74,DEPOSIT,2026-07-03 11:03:08
TXN202600002738,ACC104669,541.82,WITHDRAWAL,2026-08-18 23:32:29
TXN202600002739,ACC106624,2779.30,DEPOSIT,2026-12-28 06:24:32
TXN202600002740,ACC102060,2637.60,DEPOSIT,2026-05-28 02:39:41
TXN202600002741,ACC103199,677.63,DEPOSIT,2026-05-15 20:29:10
TXN202600002742,ACC109517,2674.62,DEPOSIT,2026-08-20 14:24:41
TXN202600002743,ACC104343,1824.40,DEPOSIT,2026-01-10 05:35:44
TXN202600002744,ACC100927,2030.81,WITHDRAWAL,2026-01-24 19:40:17
TXN202600002745,ACC105311,4070.63,DEPOSIT,2026-01-06 15:44:32
TXN202600002746,ACC107139,694.42,DEPOSIT,2026-03-08 01:25:19
TXN202600002747,ACC105739,617.48,WITHDRAWAL,2026-12-26 16:15:41
TXN202600002748,ACC106282,3366.17,DEPOSIT,2026-09-27 20:06:02
TXN202600002749,ACC104696,4271.91,DEPOSIT,2026-04-25 19:25:24
TXN202600002750,ACC106896,1124.45,WITHDRAWAL,2026-06-01 00:23:34
TXN202600002751,ACC106948,2830.69,DEPOSIT,2026-03-04 08:19:25
TXN202600002752,ACC101921,4737.18,DEPOSIT,2026-04-26 21:55:15
TXN202600002753,ACC102299,2697.39,DEPOSIT,2026-03-26 20:44:57
TXN202600002754,ACC108761,4861.93,DEPOSIT,2026-06-09 23:49:12
TXN202600002755,ACC105790,3582.26,DEPOSIT,2026-08-22 17:38:03
TXN202600002756,ACC106377,1520.21,WITHDRAWAL,2026-01-11 20:28:31
TXN202600002757,ACC104573,631.61,DEPOSIT,2026-12-11 20:01:48
TXN202600002758,ACC100612,1231.34,DEPOSIT,2026-06-18 10:25:00
TXN202600002759,ACC106163,4595.84,DEPOSIT,2026-09-15 09:17:44
TXN202600002760,ACC103527,1122.96,WITHDRAWAL,2026-11-23 04:08:47
TXN202600002761,ACC103185,1698.05,WITHDRAWAL,2026-07-14 20:53:36
TXN202600002762,ACC101351,2991.03,DEPOSIT,2026-07-23 17:30:48
TXN202600002763,ACC109139,520.09,WITHDRAWAL,2026-11-18 07:29:45
TXN202600002764,ACC105766,3057.99,DEPOSIT,2026-07-19 10:51:13
TXN202600002765,ACC108672,2373.31,DEPOSIT,2026-01-16 11:00:06
TXN202600002766,ACC100910,1969.54,WITHDRAWAL,2026-11-22 21:12:35
TXN202600002767,ACC100302,4184.89,DEPOSIT,2026-07-10 20:31:02
TXN202600002768,ACC103839,4749.73,DEPOSIT,2026-05-04 10:20:35
TXN202600002769,ACC107074,1771.43,WITHDRAWAL,2026-07-28 13:14:20
TXN202600002770,ACC109172,882.40,WITHDRAWAL,2026-05-17 01:41:51
TXN202600002771,ACC109318,1743.72,WITHDRAWAL,2026-04-09 05:54:21
TXN202600002772,ACC104368,1154.73,WITHDRAWAL,2026-10-24 14:57:57
TXN202600002773,ACC101940,1952.46,DEPOSIT,2026-08-18 13:44:30
TXN202600002774,ACC100358,306.15,REVERSAL,2026-11-12 02:31:27
TXN202600002775,ACC100592,1856.54,WITHDRAWAL,2026-09-02 07:16:39
TXN202600002776,ACC100055,2423.10,DEPOSIT,2026-07-20 15:55:58
TXN202600002777,ACC104914,2220.29,DEPOSIT,2026-10-02 03:42:27
TXN202600002778,ACC104437,1929.36,WITHDRAWAL,2026-02-07 15:26:06
TXN202600002779,ACC105761,2422.54,DEPOSIT,2026-09-01 16:26:17
TXN202600002780,ACC103813,1650.10,WITHDRAWAL,2026-04-09 17:20:55
TXN202600002781,ACC107596,1170.40,DEPOSIT,2026-01-13 06:12:48
TXN202600002782,ACC108738,938.83,DEPOSIT,2026-03-01 17:21:10
TXN202600002783,ACC103347,2222.73,DEPOSIT,2026-01-16 12:54:44
TXN202600002784,ACC103517,3037.52,DEPOSIT,2026-10-13 02:58:33
TXN202600002785,ACC109475,3887.59,DEPOSIT,2026-07-04 19:54:58
TXN202600002786,ACC109090,3544.14,DEPOSIT,2026-10-09 19:21:25
TXN202600002787,ACC106734,4867.87,DEPOSIT,2026-04-01 21:49:38
TXN202600002788,ACC106244,211.51,REVERSAL,2026-01-18 11:12:59
TXN202600002789,ACC102074,1516.61,WITHDRAWAL,2026-12-01 18:38:42
TXN202600002790,ACC105577,945.95,WITHDRAWAL,2026-08-05 10:07:59
TXN202600002791,ACC107521,134.50,REVERSAL,2026-03-28 02:32:30
TXN202600002792,ACC109441,1965.11,WITHDRAWAL,2026-02-11 05:06:33
TXN202600002793,ACC102854,989.00,WITHDRAWAL,2026-11-27 08:18:44
TXN202600002794,ACC102672,345.01,WITHDRAWAL,2026-04-19 21:36:41
TXN202600002795,ACC108776,950.49,REVERSAL,2026-12-19 00:33:15
TXN202600002796,ACC101980,1904.32,DEPOSIT,2026-09-03 05:50:50
TXN202600002797,ACC106704,3606.04,DEPOSIT,2026-11-19 07:45:20
TXN202600002798,ACC105585,2077.72,DEPOSIT,2026-11-26 22:20:19
TXN202600002799,ACC100469,324.24,REVERSAL,2026-03-05 19:01:12
TXN202600002800,ACC103136,3410.73,DEPOSIT,2026-03-27 09:30:27
TXN202600002801,ACC106463,3020.95,DEPOSIT,2026-11-27 16:32:17
TXN202600002802,ACC100167,994.88,DEPOSIT,2026-03-07 23:37:10
TXN202600002803,ACC109434,518.24,REVERSAL,2026-04-14 22:57:21
TXN202600002804,ACC100986,3566.83,DEPOSIT,2026-05-01 08:17:21
TXN202600002805,ACC105729,4314.85,DEPOSIT,2026-01-20 17:27:22
TXN202600002806,ACC108352,1406.75,WITHDRAWAL,2026-04-14 06:31:23
TXN202600002807,ACC101578,1659.11,DEPOSIT,2026-06-27 06:54:08
TXN202600002808,ACC102873,984.73,DEPOSIT,2026-11-05 05:16:14
TXN202600002809,ACC101889,545.40,WITHDRAWAL,2026-10-01 14:47:20
TXN202600002810,ACC106172,773.57,REVERSAL,2026-09-16 09:52:10
TXN202600002811,ACC104509,3179.72,DEPOSIT,2026-10-12 03:10:09
TXN202600002812,ACC100542,3269.43,DEPOSIT,2026-10-25 04:28:00
TXN202600002813,ACC107087,3905.87,DEPOSIT,2026-11-02 12:18:49
TXN202600002814,ACC100093,3556.03,DEPOSIT,2026-04-13 10:11:46
TXN202600002815,ACC101130,284.50,REVERSAL,2026-08-27 06:47:14
TXN202600002816,ACC103147,490.40,REVERSAL,2026-09-26 02:36:27
TXN202600002817,ACC102253,553.72,REVERSAL,2026-02-04 17:16:47
TXN202600002818,ACC108279,4072.62,DEPOSIT,2026-12-13 03:38:51
TXN202600002819,ACC105468,4523.97,DEPOSIT,2026-04-08 11:16:15
TXN202600002820,ACC107877,1557.68,DEPOSIT,2026-07-25 17:21:39
TXN202600002821,ACC101166,591.71,WITHDRAWAL,2026-07-17 05:02:57
TXN202600002822,ACC105327,2382.98,DEPOSIT,2026-10-27 10:53:03
TXN202600002823,ACC105760,387.67,WITHDRAWAL,2026-02-17 08:21:46
TXN202600002824,ACC103700,4803.82,DEPOSIT,2026-10-21 17:34:27
TXN202600002825,ACC105798,1581.83,DEPOSIT,2026-06-06 19:03:36
TXN202600002826,ACC100541,272.20,REVERSAL,2026-05-27 14:02:20
TXN202600002827,ACC103011,850.57,WITHDRAWAL,2026-06-20 12:10:03
TXN202600002828,ACC107407,2354.28,DEPOSIT,2026-05-17 00:35:43
TXN202600002829,ACC101055,4288.65,DEPOSIT,2026-11-27 00:48:27
TXN202600002830,ACC101755,699.06,WITHDRAWAL,2026-12-09 00:24:05
TXN202600002831,ACC104405,864.41,WITHDRAWAL,2026-04-17 00:44:14
TXN202600002832,ACC100147,1365.33,WITHDRAWAL,2026-03-04 02:23:11
TXN202600002833,ACC108927,3927.01,DEPOSIT,2026-12-03 02:22:47
TXN202600002834,ACC100101,364.86,REVERSAL,2026-11-17 02:46:39
TXN202600002835,ACC105898,1987.11,DEPOSIT,2026-01-19 01:37:15
TXN202600002836,ACC101146,849.86,REVERSAL,2026-10-07 09:56:29
TXN202600002837,ACC104164,4247.81,DEPOSIT,2026-09-15 09:28:11
TXN202600002838,ACC101449,3149.23,DEPOSIT,2026-02-28 19:35:56
TXN202600002839,ACC104982,815.64,WITHDRAWAL,2026-03-16 11:50:52
TXN202600002840,ACC105013,720.13,DEPOSIT,2026-04-03 22:47:42
TXN202600002841,ACC109291,1096.64,REVERSAL,2026-12-01 09:55:53
TXN202600002842,ACC101191,264.51,WITHDRAWAL,2026-12-01 08:14:59
TXN202600002843,ACC101118,1545.98,WITHDRAWAL,2026-12-28 15:28:31
TXN202600002844,ACC106709,2018.33,DEPOSIT,2026-04-21 05:02:44
TXN202600002845,ACC101378,4061.38,DEPOSIT,2026-05-02 22:47:18
TXN202600002846,ACC102864,2865.74,DEPOSIT,2026-12-11 12:21:13
TXN202600002847,ACC107755,1278.30,WITHDRAWAL,2026-07-27 13:45:15
TXN202600002848,ACC108747,2049.64,WITHDRAWAL,2026-10-11 05:04:13
TXN202600002849,ACC107163,1355.14,DEPOSIT,2026-11-02 23:13:21
TXN202600002850,ACC107047,1110.45,WITHDRAWAL,2026-11-03 09:43:11
TXN202600002851,ACC100888,771.88,REVERSAL,2026-05-08 11:49:50
TXN202600002852,ACC104125,2040.70,DEPOSIT,2026-06-06 21:37:34
TXN202600002853,ACC101897,3470.84,DEPOSIT,2026-04-08 03:21:49
TXN202600002854,ACC109172,1244.96,WITHDRAWAL,2026-03-17 04:35:49
TXN202600002855,ACC103696,1214.23,DEPOSIT,2026-01-06 20:27:06
TXN202600002856,ACC107681,596.33,WITHDRAWAL,2026-09-27 07:44:09
TXN202600002857,ACC106578,4519.36,DEPOSIT,2026-12-04 22:39:53
TXN202600002858,ACC103102,1055.35,DEPOSIT,2026-09-21 12:52:24
TXN202600002859,ACC105218,2818.66,DEPOSIT,2026-12-22 08:16:27
TXN202600002860,ACC106753,3919.44,DEPOSIT,2026-03-20 08:10:15
TXN202600002861,ACC104365,3849.15,DEPOSIT,2026-10-10 20:03:07
TXN202600002862,ACC108590,2320.18,DEPOSIT,2026-04-07 10:36:52
TXN202600002863,ACC102783,164.27,WITHDRAWAL,2026-02-10 18:40:06
TXN202600002864,ACC102104,571.28,WITHDRAWAL,2026-09-26 22:06:14
TXN202600002865,ACC108995,3008.63,DEPOSIT,2026-09-06 03:14:37
TXN202600002866,ACC101776,4321.92,DEPOSIT,2026-11-09 02:15:50
TXN202600002867,ACC104664,1569.38,DEPOSIT,2026-06-05 13:02:04
TXN202600002868,ACC102049,4473.91,DEPOSIT,2026-12-06 00:21:32
TXN202600002869,ACC106127,519.46,WITHDRAWAL,2026-11-04 13:25:09
TXN202600002870,ACC106691,2855.76,DEPOSIT,2026-07-25 16:40:18
TXN202600002871,ACC108018,1305.05,WITHDRAWAL,2026-09-25 06:58:35
TXN202600002872,ACC109708,578.98,DEPOSIT,2026-11-06 09:32:33
TXN202600002873,ACC101968,1900.33,WITHDRAWAL,2026-01-07 04:06:38
TXN202600002874,ACC104198,4153.70,DEPOSIT,2026-10-22 12:16:58
TXN202600002875,ACC101092,1834.41,DEPOSIT,2026-11-15 04:30:39
TXN202600002876,ACC105770,1905.75,DEPOSIT,2026-05-11 05:15:28
TXN202600002877,ACC108579,4709.82,DEPOSIT,2026-05-20 12:40:40
TXN202600002878,ACC105258,1341.21,WITHDRAWAL,2026-04-01 15:19:13
TXN202600002879,ACC109941,1042.35,DEPOSIT,2026-07-12 10:04:06
TXN202600002880,ACC101037,3820.28,DEPOSIT,2026-08-13 18:49:06
TXN202600002881,ACC101755,1132.86,WITHDRAWAL,2026-03-22 20:49:00
TXN202600002882,ACC102884,667.79,WITHDRAWAL,2026-01-21 11:04:25
TXN202600002883,ACC101984,366.78,WITHDRAWAL,2026-11-19 12:35:37
TXN202600002884,ACC109786,3061.25,DEPOSIT,2026-03-12 08:51:53
TXN202600002885,ACC102027,1732.20,WITHDRAWAL,2026-08-04 21:03:53
TXN202600002886,ACC108938,236.82,WITHDRAWAL,2026-08-25 21:45:20
TXN202600002887,ACC104753,4639.96,DEPOSIT,2026-01-19 05:15:04
TXN202600002888,ACC109689,4149.06,DEPOSIT,2026-04-15 16:12:38
TXN202600002889,ACC102536,2569.29,DEPOSIT,2026-01-11 00:42:07
TXN202600002890,ACC109571,1392.08,WITHDRAWAL,2026-09-23 22:50:58
TXN202600002891,ACC101575,1908.17,WITHDRAWAL,2026-11-27 07:19:09
TXN202600002892,ACC100786,3339.20,DEPOSIT,2026-02-17 00:12:15
TXN202600002893,ACC107386,4383.38,DEPOSIT,2026-07-07 03:29:23
TXN202600002894,ACC108505,1271.51,DEPOSIT,2026-12-09 05:25:17
TXN202600002895,ACC105505,3198.16,DEPOSIT,2026-04-10 18:34:04
TXN202600002896,ACC108159,1953.06,WITHDRAWAL,2026-04-21 13:11:57
TXN202600002897,ACC102985,864.13,REVERSAL,2026-04-07 13:22:33
TXN202600002898,ACC101479,3394.78,DEPOSIT,2026-11-12 14:40:35
TXN202600002899,ACC109811,1463.65,DEPOSIT,2026-04-26 19:28:32
TXN202600002900,ACC101854,4792.96,DEPOSIT,2026-07-27 06:36:27
TXN202600002901,ACC107137,3660.65,DEPOSIT,2026-01-24 13:37:35
TXN202600002902,ACC103021,207.04,WITHDRAWAL,2026-11-13 23:08:59
TXN202600002903,ACC101024,3066.77,DEPOSIT,2026-11-27 06:08:28
TXN202600002904,ACC109709,699.89,DEPOSIT,2026-08-10 16:08:08
TXN202600002905,ACC106336,1079.53,DEPOSIT,2026-01-28 22:09:24
TXN202600002906,ACC100265,971.50,WITHDRAWAL,2026-08-01 13:14:35
TXN202600002907,ACC104127,4522.06,DEPOSIT,2026-10-19 20:58:39
TXN202600002908,ACC101469,1700.28,WITHDRAWAL,2026-03-10 20:37:44
TXN202600002909,ACC105380,1926.16,DEPOSIT,2026-04-08 05:15:47
TXN202600002910,ACC101517,722.12,WITHDRAWAL,2026-11-06 18:25:55
TXN202600002911,ACC101272,3333.51,DEPOSIT,2026-08-28 13:08:16
TXN202600002912,ACC101409,1739.36,WITHDRAWAL,2026-08-05 10:25:23
TXN202600002913,ACC102991,1585.63,DEPOSIT,2026-01-28 17:56:47
TXN202600002914,ACC105806,1395.45,DEPOSIT,2026-11-14 01:45:28
TXN202600002915,ACC104277,941.03,DEPOSIT,2026-01-23 06:54:26
TXN202600002916,ACC101006,4702.04,DEPOSIT,2026-05-07 01:11:04
TXN202600002917,ACC104309,1080.55,DEPOSIT,2026-10-03 02:57:29
TXN202600002918,ACC107360,4150.55,DEPOSIT,2026-12-01 00:48:06
TXN202600002919,ACC102003,2619.62,DEPOSIT,2026-10-24 04:27:24
TXN202600002920,ACC100571,1178.01,DEPOSIT,2026-02-16 04:06:03
TXN202600002921,ACC100922,2562.11,DEPOSIT,2026-12-09 02:19:30
TXN202600002922,ACC106556,1747.78,DEPOSIT,2026-09-20 13:00:34
TXN202600002923,ACC100688,1700.47,DEPOSIT,2026-03-21 15:03:17
TXN202600002924,ACC100752,526.60,DEPOSIT,2026-07-26 06:31:43
TXN202600002925,ACC109462,3979.75,DEPOSIT,2026-11-11 06:46:44
TXN202600002926,ACC100460,1687.36,DEPOSIT,2026-11-09 09:57:31
TXN202600002927,ACC106525,1809.68,DEPOSIT,2026-11-26 16:53:45
TXN202600002928,ACC105432,4057.88,DEPOSIT,2026-05-25 06:42:36
TXN202600002929,ACC103794,4185.40,DEPOSIT,2026-06-26 06:13:04
TXN202600002930,ACC108571,1147.39,DEPOSIT,2026-03-15 15:41:17
TXN202600002931,ACC105435,1561.26,WITHDRAWAL,2026-03-28 10:20:02
TXN202600002932,ACC101824,1360.56,DEPOSIT,2026-01-24 11:49:57
TXN202600002933,ACC105610,1202.69,DEPOSIT,2026-12-22 00:55:38
TXN202600002934,ACC103383,2506.75,DEPOSIT,2026-03-25 05:56:13
TXN202600002935,ACC109119,1905.06,WITHDRAWAL,2026-06-24 04:27:12
TXN202600002936,ACC106471,1465.63,DEPOSIT,2026-10-20 08:13:39
TXN202600002937,ACC108363,1325.69,WITHDRAWAL,2026-08-11 00:54:27
TXN202600002938,ACC103904,3523.96,DEPOSIT,2026-05-03 18:04:54
TXN202600002939,ACC103791,4985.30,DEPOSIT,2026-02-18 20:23:01
TXN202600002940,ACC101358,4527.79,DEPOSIT,2026-03-01 01:06:04
TXN202600002941,ACC102980,3424.67,DEPOSIT,2026-01-26 18:42:50
TXN202600002942,ACC103496,1435.02,DEPOSIT,2026-06-10 22:12:46
TXN202600002943,ACC105300,565.92,DEPOSIT,2026-01-28 21:49:04
TXN202600002944,ACC108711,1321.89,DEPOSIT,2026-10-06 20:03:40
TXN202600002945,ACC104774,4884.35,DEPOSIT,2026-02-08 14:35:23
TXN202600002946,ACC107043,2618.61,DEPOSIT,2026-12-18 04:26:01
TXN202600002947,ACC100936,101.01,WITHDRAWAL,2026-08-14 02:22:33
TXN202600002948,ACC102872,3182.67,DEPOSIT,2026-02-07 17:13:26
TXN202600002949,ACC105621,2835.80,DEPOSIT,2026-11-24 11:17:51
TXN202600002950,ACC100102,1379.02,WITHDRAWAL,2026-12-04 03:14:28
TXN202600002951,ACC107175,1279.91,WITHDRAWAL,2026-11-26 17:08:43
TXN202600002952,ACC107415,3611.90,DEPOSIT,2026-01-06 18:59:24
TXN202600002953,ACC101383,1523.91,DEPOSIT,2026-05-21 04:05:25
TXN202600002954,ACC102585,679.61,WITHDRAWAL,2026-08-07 00:50:27
TXN202600002955,ACC108735,1816.27,WITHDRAWAL,2026-03-23 00:04:04
TXN202600002956,ACC109116,384.04,WITHDRAWAL,2026-10-12 03:01:10
TXN202600002957,ACC109921,1952.85,WITHDRAWAL,2026-10-12 13:23:29
TXN202600002958,ACC105239,621.65,DEPOSIT,2026-06-17 05:18:56
TXN202600002959,ACC104289,2473.57,DEPOSIT,2026-06-11 03:04:41
TXN202600002960,ACC108547,1649.24,DEPOSIT,2026-08-19 10:07:35
TXN202600002961,ACC103887,4791.35,DEPOSIT,2026-10-12 14:30:28
TXN202600002962,ACC107610,1591.93,WITHDRAWAL,2026-06-17 21:35:28
TXN202600002963,ACC100336,1909.97,WITHDRAWAL,2026-06-22 03:04:47
TXN202600002964,ACC108441,784.25,DEPOSIT,2026-08-11 23:00:43
TXN202600002965,ACC103930,1026.48,DEPOSIT,2026-11-01 23:01:14
TXN202600002966,ACC103953,2643.01,DEPOSIT,2026-07-03 05:45:40
TXN202600002967,ACC103967,1019.30,WITHDRAWAL,2026-06-13 07:19:30
TXN202600002968,ACC102956,1514.77,WITHDRAWAL,2026-10-02 12:57:25
TXN202600002969,ACC105169,105.71,WITHDRAWAL,2026-01-03 01:03:47
TXN202600002970,ACC101756,977.24,REVERSAL,2026-06-01 03:50:18
TXN202600002971,ACC105412,210.25,WITHDRAWAL,2026-10-18 07:52:05
TXN202600002972,ACC106638,3751.26,DEPOSIT,2026-12-02 14:04:59
TXN202600002973,ACC103939,726.91,REVERSAL,2026-09-15 11:00:02
TXN202600002974,ACC100331,2004.37,DEPOSIT,2026-01-13 10:26:23
TXN202600002975,ACC105913,1356.21,DEPOSIT,2026-07-05 11:47:55
TXN202600002976,ACC106256,4836.32,DEPOSIT,2026-01-16 09:11:04
TXN202600002977,ACC102752,1949.40,WITHDRAWAL,2026-10-18 02:08:00
TXN202600002978,ACC104868,376.52,REVERSAL,2026-01-06 20:47:35
TXN202600002979,ACC103735,1634.26,WITHDRAWAL,2026-08-22 08:55:31
TXN202600002980,ACC103336,2149.16,DEPOSIT,2026-03-12 00:53:36
TXN202600002981,ACC109725,3268.50,DEPOSIT,2026-11-19 23:45:12
TXN202600002982,ACC102332,4042.93,DEPOSIT,2026-12-22 23:01:13
TXN202600002983,ACC108683,1243.79,WITHDRAWAL,2026-01-19 19:15:17
TXN202600002984,ACC104509,2482.79,DEPOSIT,2026-10-09 19:06:12
TXN202600002985,ACC103022,2922.98,DEPOSIT,2026-05-19 05:09:57
TXN202600002986,ACC106251,4144.50,DEPOSIT,2026-07-06 16:04:22
TXN202600002987,ACC102803,402.53,WITHDRAWAL,2026-04-16 04:47:02
TXN202600002988,ACC104855,2274.34,DEPOSIT,2026-02-12 22:48:05
TXN202600002989,ACC105788,3498.47,DEPOSIT,2026-07-07 08:38:27
TXN202600002990,ACC106922,625.15,WITHDRAWAL,2026-12-27 10:26:34
TXN202600002991,ACC102975,925.85,DEPOSIT,2026-02-27 19:49:07
TXN202600002992,ACC108449,235.60,WITHDRAWAL,2026-08-21 16:34:17
TXN202600002993,ACC109198,3275.16,DEPOSIT,2026-01-15 06:03:45
TXN202600002994,ACC109765,272.97,REVERSAL,2026-01-13 07:12:10
TXN202600002995,ACC108210,106.60,WITHDRAWAL,2026-02-07 22:58:22
TXN202600002996,ACC106424,2352.17,DEPOSIT,2026-08-07 17:33:49
TXN202600002997,ACC103826,3471.94,DEPOSIT,2026-12-11 17:51:50
TXN202600002998,ACC102523,2817.59,DEPOSIT,2026-03-28 21:50:46
TXN202600002999,ACC109152,3782.01,DEPOSIT,2026-06-23 09:28:47
TXN202600003000,ACC109099,889.19,DEPOSIT,2026-12-02 02:06:23
TXN202600003001,ACC102131,4571.83,DEPOSIT,2026-08-10 10:23:07
TXN202600003002,ACC105243,4052.84,DEPOSIT,2026-11-21 10:45:03
TXN202600003003,ACC106639,900.01,REVERSAL,2026-11-10 03:59:08
TXN202600003004,ACC106555,1870.04,WITHDRAWAL,2026-07-05 16:37:17
TXN202600003005,ACC102641,3019.79,DEPOSIT,2026-12-01 07:49:50
TXN202600003006,ACC103735,1152.80,WITHDRAWAL,2026-04-23 23:29:42
TXN202600003007,ACC100375,715.60,WITHDRAWAL,2026-05-13 15:10:41
TXN202600003008,ACC104075,253.37,WITHDRAWAL,2026-02-23 09:34:56
TXN202600003009,ACC106381,4769.41,DEPOSIT,2026-08-23 14:13:25
TXN202600003010,ACC109570,1711.83,WITHDRAWAL,2026-06-28 09:05:19
TXN202600003011,ACC102356,1983.14,WITHDRAWAL,2026-08-02 08:49:04
TXN202600003012,ACC108990,1028.23,WITHDRAWAL,2026-03-27 21:11:22
TXN202600003013,ACC109980,1442.11,DEPOSIT,2026-09-04 15:51:07
TXN202600003014,ACC107026,3182.58,DEPOSIT,2026-03-03 19:55:19
TXN202600003015,ACC103409,1675.33,DEPOSIT,2026-08-17 19:43:17
TXN202600003016,ACC106157,1906.31,WITHDRAWAL,2026-12-05 22:07:39
TXN202600003017,ACC103313,2541.39,DEPOSIT,2026-04-19 22:20:53
TXN202600003018,ACC101616,1335.26,DEPOSIT,2026-10-13 21:27:14
TXN202600003019,ACC101500,1652.02,WITHDRAWAL,2026-05-22 01:38:39
TXN202600003020,ACC104255,673.81,WITHDRAWAL,2026-12-12 16:02:15
TXN202600003021,ACC109589,1092.32,WITHDRAWAL,2026-11-09 06:40:30
TXN202600003022,ACC109045,1637.52,DEPOSIT,2026-11-13 15:55:25
TXN202600003023,ACC105574,4445.41,DEPOSIT,2026-03-16 02:03:20
TXN202600003024,ACC100113,2849.41,DEPOSIT,2026-05-17 17:11:30
TXN202600003025,ACC102065,1159.89,DEPOSIT,2026-10-13 22:52:55
TXN202600003026,ACC102301,1208.43,DEPOSIT,2026-07-25 14:54:17
TXN202600003027,ACC104977,481.73,WITHDRAWAL,2026-10-09 10:29:41
TXN202600003028,ACC107261,1771.16,WITHDRAWAL,2026-11-16 09:48:26
TXN202600003029,ACC102784,2618.21,DEPOSIT,2026-03-15 15:23:03
TXN202600003030,ACC105094,1830.23,WITHDRAWAL,2026-10-17 21:54:41
TXN202600003031,ACC101874,2674.53,DEPOSIT,2026-03-17 23:34:43
TXN202600003032,ACC102917,4279.68,DEPOSIT,2026-11-19 11:30:37
TXN202600003033,ACC105359,831.50,WITHDRAWAL,2026-06-27 03:17:31
TXN202600003034,ACC109679,2846.76,DEPOSIT,2026-11-25 13:07:31
TXN202600003035,ACC103502,4132.24,DEPOSIT,2026-05-22 17:44:38
TXN202600003036,ACC100071,1214.08,DEPOSIT,2026-12-28 01:56:35
TXN202600003037,ACC106670,1726.15,DEPOSIT,2026-05-18 07:53:35
TXN202600003038,ACC102186,866.78,DEPOSIT,2026-06-01 05:48:06
TXN202600003039,ACC103407,1511.22,DEPOSIT,2026-04-14 00:51:45
TXN202600003040,ACC109511,231.13,WITHDRAWAL,2026-09-23 20:06:55
TXN202600003041,ACC107310,4315.08,DEPOSIT,2026-01-13 10:04:39
TXN202600003042,ACC102987,3051.27,DEPOSIT,2026-10-14 18:10:41
TXN202600003043,ACC101758,774.27,DEPOSIT,2026-01-22 01:41:24
TXN202600003044,ACC107162,1152.58,WITHDRAWAL,2026-12-06 01:24:23
TXN202600003045,ACC100274,4821.72,DEPOSIT,2026-02-03 11:21:30
TXN202600003046,ACC105257,2645.38,DEPOSIT,2026-06-15 16:34:47
TXN202600003047,ACC103847,2001.15,DEPOSIT,2026-11-11 01:15:44
TXN202600003048,ACC106759,1613.70,DEPOSIT,2026-12-15 20:01:15
TXN202600003049,ACC109680,2471.57,DEPOSIT,2026-02-01 14:31:06
TXN202600003050,ACC104538,3222.55,DEPOSIT,2026-04-02 14:22:52
TXN202600003051,ACC107290,3683.56,DEPOSIT,2026-11-08 23:55:22
TXN202600003052,ACC107094,4254.83,DEPOSIT,2026-11-06 09:54:45
TXN202600003053,ACC108894,3177.32,DEPOSIT,2026-10-08 08:22:45
TXN202600003054,ACC102489,170.15,WITHDRAWAL,2026-01-26 21:08:14
TXN202600003055,ACC107894,780.28,DEPOSIT,2026-08-25 14:46:04
TXN202600003056,ACC102242,4717.26,DEPOSIT,2026-05-25 13:07:39
TXN202600003057,ACC104247,3625.76,DEPOSIT,2026-03-12 21:39:37
TXN202600003058,ACC102625,843.35,WITHDRAWAL,2026-09-20 01:39:13
TXN202600003059,ACC107150,2899.08,DEPOSIT,2026-08-20 00:45:41
TXN202600003060,ACC109465,425.22,REVERSAL,2026-06-18 09:10:15
TXN202600003061,ACC104086,439.84,WITHDRAWAL,2026-10-06 16:38:20
TXN202600003062,ACC106896,2067.39,DEPOSIT,2026-05-25 22:55:25
TXN202600003063,ACC106501,1468.57,WITHDRAWAL,2026-04-15 20:58:01
TXN202600003064,ACC103208,440.30,WITHDRAWAL,2026-04-21 14:04:02
TXN202600003065,ACC102391,3239.10,DEPOSIT,2026-11-11 03:55:13
TXN202600003066,ACC106038,903.63,REVERSAL,2026-11-12 12:38:12
TXN202600003067,ACC109155,721.19,WITHDRAWAL,2026-07-06 00:09:54
TXN202600003068,ACC104785,2477.19,DEPOSIT,2026-02-28 09:13:09
TXN202600003069,ACC106394,1583.58,DEPOSIT,2026-01-21 19:20:28
TXN202600003070,ACC103461,3461.56,DEPOSIT,2026-07-09 04:59:16
TXN202600003071,ACC101103,1509.82,DEPOSIT,2026-08-19 07:09:44
TXN202600003072,ACC106838,512.47,WITHDRAWAL,2026-05-04 01:45:30
TXN202600003073,ACC108801,1932.04,WITHDRAWAL,2026-04-06 21:51:53
TXN202600003074,ACC107073,4736.76,DEPOSIT,2026-06-06 00:08:56
TXN202600003075,ACC101413,1768.06,DEPOSIT,2026-06-14 20:37:42
TXN202600003076,ACC108109,4401.10,DEPOSIT,2026-06-07 12:06:32
TXN202600003077,ACC108751,2067.44,DEPOSIT,2026-06-04 11:58:50
TXN202600003078,ACC105375,1045.52,DEPOSIT,2026-05-18 05:45:52
TXN202600003079,ACC108063,4228.48,DEPOSIT,2026-11-13 20:45:38
TXN202600003080,ACC109099,1540.32,WITHDRAWAL,2026-10-17 05:35:34
TXN202600003081,ACC106585,3737.87,DEPOSIT,2026-06-05 14:20:15
TXN202600003082,ACC104488,1064.23,REVERSAL,2026-05-14 20:48:56
TXN202600003083,ACC106221,1508.80,WITHDRAWAL,2026-10-03 23:41:28
TXN202600003084,ACC109259,326.12,WITHDRAWAL,2026-08-05 08:24:31
TXN202600003085,ACC103110,3129.02,DEPOSIT,2026-03-10 21:55:53
TXN202600003086,ACC102516,1952.80,WITHDRAWAL,2026-10-18 04:45:05
TXN202600003087,ACC100767,4698.89,DEPOSIT,2026-06-06 23:14:38
TXN202600003088,ACC101398,868.39,WITHDRAWAL,2026-10-19 11:32:08
TXN202600003089,ACC101680,2287.99,DEPOSIT,2026-01-26 12:13:20
TXN202600003090,ACC106897,3238.34,DEPOSIT,2026-11-03 01:57:55
TXN202600003091,ACC106519,1610.08,DEPOSIT,2026-05-26 08:42:37
TXN202600003092,ACC108922,245.44,REVERSAL,2026-08-05 14:45:04
TXN202600003093,ACC100450,4536.77,DEPOSIT,2026-11-02 14:21:15
TXN202600003094,ACC101755,384.72,WITHDRAWAL,2026-03-15 00:36:39
TXN202600003095,ACC102682,1387.96,WITHDRAWAL,2026-02-13 06:50:06
TXN202600003096,ACC106949,653.17,DEPOSIT,2026-06-16 20:16:55
TXN202600003097,ACC102970,582.76,DEPOSIT,2026-03-04 03:37:10
TXN202600003098,ACC102706,577.29,REVERSAL,2026-07-14 00:29:46
TXN202600003099,ACC102701,1697.01,DEPOSIT,2026-10-02 17:47:45
TXN202600003100,ACC108665,1978.11,WITHDRAWAL,2026-02-22 00:52:59
TXN202600003101,ACC108166,4935.81,DEPOSIT,2026-12-09 02:54:11
TXN202600003102,ACC104297,950.50,WITHDRAWAL,2026-01-09 11:54:16
TXN202600003103,ACC103193,4936.58,DEPOSIT,2026-04-12 03:55:18
TXN202600003104,ACC107783,1818.86,WITHDRAWAL,2026-11-26 16:33:01
TXN202600003105,ACC102296,3822.68,DEPOSIT,2026-02-13 08:29:04
TXN202600003106,ACC105251,4959.48,DEPOSIT,2026-09-26 18:26:17
TXN202600003107,ACC101801,356.00,REVERSAL,2026-05-10 00:59:14
TXN202600003108,ACC103397,4934.21,DEPOSIT,2026-03-21 05:59:56
TXN202600003109,ACC100435,1856.86,WITHDRAWAL,2026-12-07 06:58:26
TXN202600003110,ACC101478,4841.36,DEPOSIT,2026-07-12 19:00:15
TXN202600003111,ACC104072,1962.81,WITHDRAWAL,2026-07-07 13:12:10
TXN202600003112,ACC101658,1899.12,DEPOSIT,2026-01-01 00:02:48
TXN202600003113,ACC102589,1896.97,WITHDRAWAL,2026-01-11 22:25:34
TXN202600003114,ACC104458,4935.65,DEPOSIT,2026-03-06 22:31:46
TXN202600003115,ACC101270,4990.17,DEPOSIT,2026-05-01 01:12:00
TXN202600003116,ACC109806,869.45,DEPOSIT,2026-07-09 14:32:28
TXN202600003117,ACC107677,2950.34,DEPOSIT,2026-03-10 14:39:30
TXN202600003118,ACC104840,695.30,WITHDRAWAL,2026-07-09 19:30:17
TXN202600003119,ACC101281,2166.37,DEPOSIT,2026-01-15 07:16:43
TXN202600003120,ACC105276,1428.24,WITHDRAWAL,2026-12-26 20:12:09
TXN202600003121,ACC105676,4099.62,DEPOSIT,2026-07-26 11:23:07
TXN202600003122,ACC108605,1453.64,DEPOSIT,2026-12-16 14:35:55
TXN202600003123,ACC101166,1401.11,DEPOSIT,2026-12-20 17:00:03
TXN202600003124,ACC103682,4864.12,DEPOSIT,2026-11-14 19:23:16
TXN202600003125,ACC105894,1117.23,DEPOSIT,2026-02-24 15:06:17
TXN202600003126,ACC102229,4405.48,DEPOSIT,2026-09-17 03:06:19
TXN202600003127,ACC109775,2433.04,DEPOSIT,2026-05-23 13:48:42
TXN202600003128,ACC103005,2448.30,DEPOSIT,2026-06-28 21:35:03
TXN202600003129,ACC109672,2194.28,DEPOSIT,2026-05-11 11:57:21
TXN202600003130,ACC103666,338.01,REVERSAL,2026-02-19 01:52:54
TXN202600003131,ACC106108,3489.21,DEPOSIT,2026-02-15 12:03:43
TXN202600003132,ACC105263,3344.31,DEPOSIT,2026-11-20 05:37:36
TXN202600003133,ACC104784,1528.49,WITHDRAWAL,2026-01-04 05:16:34
TXN202600003134,ACC105685,1023.55,WITHDRAWAL,2026-01-27 02:01:41
TXN202600003135,ACC105132,4116.38,DEPOSIT,2026-01-05 13:23:34
TXN202600003136,ACC102026,829.35,DEPOSIT,2026-02-02 10:28:19
TXN202600003137,ACC103122,576.73,WITHDRAWAL,2026-07-02 18:50:12
TXN202600003138,ACC109153,2804.33,DEPOSIT,2026-04-09 09:40:44
TXN202600003139,ACC105466,1655.82,DEPOSIT,2026-03-23 22:50:10
TXN202600003140,ACC103572,750.69,WITHDRAWAL,2026-01-24 05:54:28
TXN202600003141,ACC104671,2908.85,DEPOSIT,2026-09-05 20:29:27
TXN202600003142,ACC108061,1895.15,WITHDRAWAL,2026-01-02 18:08:03
TXN202600003143,ACC101618,111.19,WITHDRAWAL,2026-12-05 19:53:29
TXN202600003144,ACC107778,1435.50,WITHDRAWAL,2026-02-06 14:03:23
TXN202600003145,ACC105613,4140.50,DEPOSIT,2026-10-20 14:01:13
TXN202600003146,ACC104608,1272.61,WITHDRAWAL,2026-08-28 21:10:37
TXN202600003147,ACC107411,1532.08,DEPOSIT,2026-01-11 05:12:35
TXN202600003148,ACC105407,3447.72,DEPOSIT,2026-11-22 02:07:57
TXN202600003149,ACC109043,664.15,WITHDRAWAL,2026-06-24 02:34:19
TXN202600003150,ACC107188,1296.15,WITHDRAWAL,2026-04-27 11:35:19
TXN202600003151,ACC103165,3645.78,DEPOSIT,2026-04-20 12:34:07
TXN202600003152,ACC108660,1170.42,WITHDRAWAL,2026-09-26 07:18:33
TXN202600003153,ACC109500,1157.48,WITHDRAWAL,2026-07-08 01:19:43
TXN202600003154,ACC109941,3909.31,DEPOSIT,2026-01-28 23:57:49
TXN202600003155,ACC108322,1431.24,WITHDRAWAL,2026-07-07 12:20:51
TXN202600003156,ACC100719,1689.16,DEPOSIT,2026-12-27 22:43:04
TXN202600003157,ACC106609,4101.76,DEPOSIT,2026-08-13 11:23:45
TXN202600003158,ACC106208,1950.54,WITHDRAWAL,2026-03-06 14:43:08
TXN202600003159,ACC102198,2845.62,DEPOSIT,2026-05-25 19:51:32
TXN202600003160,ACC103103,4787.58,DEPOSIT,2026-04-25 08:39:11
TXN202600003161,ACC102273,2061.36,DEPOSIT,2026-09-21 10:36:24
TXN202600003162,ACC108422,3328.52,DEPOSIT,2026-01-03 23:47:48
TXN202600003163,ACC106624,927.15,DEPOSIT,2026-06-07 16:31:39
TXN202600003164,ACC100915,2002.85,WITHDRAWAL,2026-06-08 17:45:45
TXN202600003165,ACC104170,1449.44,DEPOSIT,2026-01-17 11:56:57
TXN202600003166,ACC107065,2326.60,DEPOSIT,2026-02-25 02:13:08
TXN202600003167,ACC108536,757.06,DEPOSIT,2026-10-27 21:36:41
TXN202600003168,ACC101439,970.80,WITHDRAWAL,2026-07-26 15:13:05
TXN202600003169,ACC106174,4891.74,DEPOSIT,2026-10-21 12:18:12
TXN202600003170,ACC102747,784.52,WITHDRAWAL,2026-03-23 20:30:52
TXN202600003171,ACC100744,2997.15,DEPOSIT,2026-03-27 22:26:04
TXN202600003172,ACC100248,667.03,WITHDRAWAL,2026-12-24 03:51:04
TXN202600003173,ACC105921,2691.23,DEPOSIT,2026-04-04 23:32:13
TXN202600003174,ACC103012,1521.30,DEPOSIT,2026-10-15 10:27:02
TXN202600003175,ACC106622,4437.17,DEPOSIT,2026-02-07 15:22:03
TXN202600003176,ACC103045,1678.81,DEPOSIT,2026-08-12 06:30:40
TXN202600003177,ACC108167,1357.56,WITHDRAWAL,2026-02-27 13:12:04
TXN202600003178,ACC108586,2729.89,DEPOSIT,2026-01-26 17:33:41
TXN202600003179,ACC100438,3379.08,DEPOSIT,2026-01-10 18:17:24
TXN202600003180,ACC107470,594.43,DEPOSIT,2026-05-21 21:31:30
TXN202600003181,ACC107849,4304.22,DEPOSIT,2026-11-16 11:52:33
TXN202600003182,ACC105432,3333.63,DEPOSIT,2026-04-01 04:05:07
TXN202600003183,ACC103489,1666.41,WITHDRAWAL,2026-12-09 14:38:01
TXN202600003184,ACC109471,290.60,REVERSAL,2026-07-11 14:34:57
TXN202600003185,ACC104094,1464.31,DEPOSIT,2026-06-04 07:39:20
TXN202600003186,ACC102201,4927.31,DEPOSIT,2026-02-12 13:19:52
TXN202600003187,ACC109091,737.36,WITHDRAWAL,2026-11-01 16:36:02
TXN202600003188,ACC104307,4644.31,DEPOSIT,2026-02-10 00:49:39
TXN202600003189,ACC109235,2980.12,DEPOSIT,2026-01-15 19:07:29
TXN202600003190,ACC108875,867.14,DEPOSIT,2026-08-07 18:00:03
TXN202600003191,ACC101214,3737.62,DEPOSIT,2026-01-19 21:59:01
TXN202600003192,ACC104666,2993.04,DEPOSIT,2026-03-12 14:13:43
TXN202600003193,ACC105733,1451.04,DEPOSIT,2026-09-01 09:55:52
TXN202600003194,ACC108367,1769.82,DEPOSIT,2026-07-18 01:42:56
TXN202600003195,ACC109161,1219.24,WITHDRAWAL,2026-11-04 22:29:14
TXN202600003196,ACC106373,3807.90,DEPOSIT,2026-03-01 03:02:17
TXN202600003197,ACC101651,4909.74,DEPOSIT,2026-03-05 05:16:13
TXN202600003198,ACC107909,2095.66,DEPOSIT,2026-06-22 11:08:16
TXN202600003199,ACC103341,4688.16,DEPOSIT,2026-05-16 18:35:59
TXN202600003200,ACC101463,1293.50,DEPOSIT,2026-06-20 15:32:07
TXN202600003201,ACC104398,3629.05,DEPOSIT,2026-12-06 22:25:09
TXN202600003202,ACC107249,1931.25,WITHDRAWAL,2026-01-24 13:04:22
TXN202600003203,ACC105588,698.58,DEPOSIT,2026-11-12 15:43:24
TXN202600003204,ACC106419,1036.88,WITHDRAWAL,2026-09-01 16:02:15
TXN202600003205,ACC107499,675.02,DEPOSIT,2026-06-26 13:49:07
TXN202600003206,ACC101387,4500.60,DEPOSIT,2026-07-22 18:03:57
TXN202600003207,ACC106538,2100.96,DEPOSIT,2026-12-18 17:32:51
TXN202600003208,ACC109922,4114.21,DEPOSIT,2026-08-15 10:40:42
TXN202600003209,ACC109853,579.17,WITHDRAWAL,2026-05-27 11:46:56
TXN202600003210,ACC100760,1056.40,DEPOSIT,2026-05-15 17:33:36
TXN202600003211,ACC101150,2783.95,DEPOSIT,2026-03-09 16:08:57
TXN202600003212,ACC102876,1471.26,DEPOSIT,2026-01-08 15:58:22
TXN202600003213,ACC101261,683.62,WITHDRAWAL,2026-07-23 14:25:15
TXN202600003214,ACC105092,822.72,DEPOSIT,2026-04-13 05:46:04
TXN202600003215,ACC102175,840.03,WITHDRAWAL,2026-12-03 14:31:26
TXN202600003216,ACC109243,4936.26,DEPOSIT,2026-06-06 06:56:44
TXN202600003217,ACC106484,3488.06,DEPOSIT,2026-03-19 05:06:33
TXN202600003218,ACC103449,4873.69,DEPOSIT,2026-10-15 00:41:56
TXN202600003219,ACC108545,2706.63,DEPOSIT,2026-07-04 14:22:20
TXN202600003220,ACC108253,1139.21,DEPOSIT,2026-10-25 08:01:55
TXN202600003221,ACC109916,2242.07,DEPOSIT,2026-08-08 07:18:25
TXN202600003222,ACC107478,715.03,WITHDRAWAL,2026-05-14 06:34:48
TXN202600003223,ACC106567,1859.44,DEPOSIT,2026-01-26 22:32:00
TXN202600003224,ACC102672,3252.40,DEPOSIT,2026-08-20 14:02:34
TXN202600003225,ACC101796,1808.36,WITHDRAWAL,2026-03-18 07:32:20
TXN202600003226,ACC109467,2370.70,DEPOSIT,2026-09-25 15:53:53
TXN202600003227,ACC105127,2910.35,DEPOSIT,2026-12-21 21:00:08
TXN202600003228,ACC103942,522.28,REVERSAL,2026-06-11 04:22:29
TXN202600003229,ACC103163,3362.06,DEPOSIT,2026-04-26 19:55:26
TXN202600003230,ACC102921,125.79,WITHDRAWAL,2026-06-02 05:16:50
TXN202600003231,ACC100875,2224.76,DEPOSIT,2026-07-26 13:58:51
TXN202600003232,ACC109872,1142.36,WITHDRAWAL,2026-10-19 09:21:32
TXN202600003233,ACC108993,1053.22,DEPOSIT,2026-09-26 23:16:59
TXN202600003234,ACC108836,236.90,WITHDRAWAL,2026-07-04 18:43:18
TXN202600003235,ACC107708,1029.48,DEPOSIT,2026-03-21 18:05:51
TXN202600003236,ACC100372,1441.85,DEPOSIT,2026-08-03 12:43:58
TXN202600003237,ACC107963,4272.55,DEPOSIT,2026-07-06 06:18:30
TXN202600003238,ACC108338,4598.24,DEPOSIT,2026-08-05 10:54:31
TXN202600003239,ACC105687,676.81,DEPOSIT,2026-07-12 00:12:49
TXN202600003240,ACC107769,4569.54,DEPOSIT,2026-06-27 07:04:51
TXN202600003241,ACC109950,4269.17,DEPOSIT,2026-02-18 01:07:01
TXN202600003242,ACC107067,3559.32,DEPOSIT,2026-01-11 22:40:43
TXN202600003243,ACC102346,1774.20,WITHDRAWAL,2026-08-19 09:59:55
TXN202600003244,ACC106567,4746.51,DEPOSIT,2026-10-25 23:18:50
TXN202600003245,ACC104336,1508.39,WITHDRAWAL,2026-01-23 14:17:30
TXN202600003246,ACC106584,1647.25,DEPOSIT,2026-08-25 07:44:27
TXN202600003247,ACC105926,1469.88,WITHDRAWAL,2026-01-28 04:12:57
TXN202600003248,ACC102762,2373.74,DEPOSIT,2026-11-21 18:12:15
TXN202600003249,ACC108268,1783.23,DEPOSIT,2026-07-19 18:28:03
TXN202600003250,ACC108038,3096.55,DEPOSIT,2026-10-28 23:52:35
TXN202600003251,ACC101324,3504.25,DEPOSIT,2026-08-15 14:57:29
TXN202600003252,ACC107037,3080.47,DEPOSIT,2026-11-06 07:39:13
TXN202600003253,ACC109804,2608.32,DEPOSIT,2026-06-11 22:28:50
TXN202600003254,ACC102418,1828.49,WITHDRAWAL,2026-01-24 11:07:46
TXN202600003255,ACC103745,2442.45,DEPOSIT,2026-10-25 12:18:02
TXN202600003256,ACC107952,510.79,WITHDRAWAL,2026-10-20 01:45:45
TXN202600003257,ACC105151,4992.68,DEPOSIT,2026-03-02 21:21:33
TXN202600003258,ACC108571,1245.51,WITHDRAWAL,2026-11-22 03:01:51
TXN202600003259,ACC102043,1801.85,DEPOSIT,2026-10-13 14:52:00
TXN202600003260,ACC104580,1099.48,WITHDRAWAL,2026-02-06 04:24:17
TXN202600003261,ACC103010,2959.79,DEPOSIT,2026-04-17 04:33:31
TXN202600003262,ACC104501,286.93,WITHDRAWAL,2026-01-18 15:55:02
TXN202600003263,ACC105139,836.08,WITHDRAWAL,2026-07-23 22:30:37
TXN202600003264,ACC106332,1816.67,DEPOSIT,2026-12-19 06:44:13
TXN202600003265,ACC106072,130.16,WITHDRAWAL,2026-12-27 16:49:37
TXN202600003266,ACC109026,927.02,DEPOSIT,2026-01-20 11:05:11
TXN202600003267,ACC106450,4072.90,DEPOSIT,2026-04-14 06:32:37
TXN202600003268,ACC108763,1916.10,DEPOSIT,2026-12-14 06:22:28
TXN202600003269,ACC102899,1976.91,DEPOSIT,2026-10-28 03:45:46
TXN202600003270,ACC100249,1047.75,DEPOSIT,2026-04-07 20:30:18
TXN202600003271,ACC100678,747.38,WITHDRAWAL,2026-07-27 05:01:47
TXN202600003272,ACC106602,2093.82,WITHDRAWAL,2026-09-08 08:53:48
TXN202600003273,ACC100794,4071.86,DEPOSIT,2026-10-23 07:11:38
TXN202600003274,ACC108657,2932.01,DEPOSIT,2026-12-18 00:07:13
TXN202600003275,ACC108492,1838.83,DEPOSIT,2026-07-10 10:56:29
TXN202600003276,ACC101409,1395.98,WITHDRAWAL,2026-01-26 06:45:41
TXN202600003277,ACC106883,2558.52,DEPOSIT,2026-06-21 09:05:42
TXN202600003278,ACC102196,472.40,WITHDRAWAL,2026-07-24 17:22:07
TXN202600003279,ACC105910,376.34,REVERSAL,2026-11-02 23:43:39
TXN202600003280,ACC109546,2053.50,DEPOSIT,2026-06-14 16:10:02
TXN202600003281,ACC100312,3909.46,DEPOSIT,2026-01-26 07:45:53
TXN202600003282,ACC101630,317.36,WITHDRAWAL,2026-05-09 10:06:18
TXN202600003283,ACC101796,1599.73,DEPOSIT,2026-05-02 23:44:36
TXN202600003284,ACC100691,3598.74,DEPOSIT,2026-07-24 13:12:56
TXN202600003285,ACC104180,1386.48,DEPOSIT,2026-07-20 17:01:36
TXN202600003286,ACC102893,3381.83,DEPOSIT,2026-05-22 17:53:26
TXN202600003287,ACC108380,1725.13,WITHDRAWAL,2026-08-15 00:13:39
TXN202600003288,ACC100874,3468.35,DEPOSIT,2026-07-26 07:10:07
TXN202600003289,ACC103204,1480.99,WITHDRAWAL,2026-07-17 03:01:55
TXN202600003290,ACC107920,3275.88,DEPOSIT,2026-08-19 03:40:16
TXN202600003291,ACC106899,2477.86,DEPOSIT,2026-05-18 01:33:47
TXN202600003292,ACC100513,1391.19,DEPOSIT,2026-03-02 10:32:40
TXN202600003293,ACC107944,3754.90,DEPOSIT,2026-06-19 01:14:45
TXN202600003294,ACC109769,1065.90,REVERSAL,2026-08-28 18:39:51
TXN202600003295,ACC108643,704.35,WITHDRAWAL,2026-03-25 04:40:47
TXN202600003296,ACC107577,3934.52,DEPOSIT,2026-08-28 05:02:25
TXN202600003297,ACC100449,555.96,REVERSAL,2026-10-03 01:46:24
TXN202600003298,ACC105165,152.65,REVERSAL,2026-06-14 09:12:38
TXN202600003299,ACC106645,285.54,WITHDRAWAL,2026-06-19 04:25:17
TXN202600003300,ACC108713,866.39,DEPOSIT,2026-02-11 15:12:59
TXN202600003301,ACC100434,2530.47,DEPOSIT,2026-08-28 12:08:26
TXN202600003302,ACC101249,1023.49,DEPOSIT,2026-04-24 22:38:19
TXN202600003303,ACC100262,3633.85,DEPOSIT,2026-07-02 00:54:43
TXN202600003304,ACC103525,2730.70,DEPOSIT,2026-10-22 19:49:12
TXN202600003305,ACC100305,1628.20,WITHDRAWAL,2026-01-22 13:47:32
TXN202600003306,ACC100924,4401.56,DEPOSIT,2026-11-17 06:19:24
TXN202600003307,ACC106292,2349.13,DEPOSIT,2026-10-18 06:45:49
TXN202600003308,ACC105305,4248.53,DEPOSIT,2026-05-01 12:14:44
TXN202600003309,ACC102053,3808.18,DEPOSIT,2026-05-18 00:11:54
TXN202600003310,ACC107625,4202.29,DEPOSIT,2026-06-26 20:24:41
TXN202600003311,ACC104463,320.33,WITHDRAWAL,2026-09-12 00:43:24
TXN202600003312,ACC106125,2661.45,DEPOSIT,2026-02-27 17:11:20
TXN202600003313,ACC107655,4806.21,DEPOSIT,2026-03-06 11:49:17
TXN202600003314,ACC102419,623.30,WITHDRAWAL,2026-04-13 19:33:16
TXN202600003315,ACC109593,622.61,REVERSAL,2026-04-05 10:37:14
TXN202600003316,ACC105999,2400.79,DEPOSIT,2026-04-07 09:06:42
TXN202600003317,ACC101538,1189.80,WITHDRAWAL,2026-06-27 16:46:47
TXN202600003318,ACC107112,1577.92,WITHDRAWAL,2026-09-03 23:07:20
TXN202600003319,ACC100744,3192.63,DEPOSIT,2026-03-02 17:25:18
TXN202600003320,ACC100527,2000.49,DEPOSIT,2026-12-21 07:09:26
TXN202600003321,ACC102309,662.76,DEPOSIT,2026-08-01 00:44:37
TXN202600003322,ACC107865,4886.02,DEPOSIT,2026-05-19 15:36:10
TXN202600003323,ACC104897,3970.61,DEPOSIT,2026-04-24 13:48:36
TXN202600003324,ACC106860,975.75,WITHDRAWAL,2026-10-19 23:10:11
TXN202600003325,ACC101341,4835.10,DEPOSIT,2026-03-27 01:18:12
TXN202600003326,ACC106614,1212.40,WITHDRAWAL,2026-07-21 05:27:54
TXN202600003327,ACC107277,4039.76,DEPOSIT,2026-11-19 16:34:43
TXN202600003328,ACC104201,3912.26,DEPOSIT,2026-05-18 07:45:53
TXN202600003329,ACC103309,505.48,REVERSAL,2026-07-24 17:38:39
TXN202600003330,ACC108980,1933.71,DEPOSIT,2026-07-04 12:34:34
TXN202600003331,ACC106901,3474.29,DEPOSIT,2026-01-08 20:06:41
TXN202600003332,ACC105404,2989.83,DEPOSIT,2026-02-17 23:43:04
TXN202600003333,ACC109432,3218.32,DEPOSIT,2026-09-26 16:14:47
TXN202600003334,ACC105224,2594.32,DEPOSIT,2026-04-05 08:54:29
TXN202600003335,ACC107991,1698.74,DEPOSIT,2026-04-01 16:21:42
TXN202600003336,ACC103723,1463.36,DEPOSIT,2026-01-22 16:03:44
TXN202600003337,ACC105427,725.75,DEPOSIT,2026-02-24 10:33:23
TXN202600003338,ACC108027,1049.11,WITHDRAWAL,2026-10-14 09:55:33
TXN202600003339,ACC109824,2081.86,WITHDRAWAL,2026-01-09 19:08:44
TXN202600003340,ACC105582,3357.29,DEPOSIT,2026-07-21 08:01:19
TXN202600003341,ACC100566,1832.73,DEPOSIT,2026-12-09 18:57:23
TXN202600003342,ACC103605,3184.84,DEPOSIT,2026-12-15 00:38:41
TXN202600003343,ACC100001,1929.50,WITHDRAWAL,2026-08-02 15:53:03
TXN202600003344,ACC109346,960.03,DEPOSIT,2026-08-02 20:21:10
TXN202600003345,ACC102377,1070.57,DEPOSIT,2026-10-09 23:56:20
TXN202600003346,ACC106212,396.42,REVERSAL,2026-03-09 00:40:31
TXN202600003347,ACC108892,2026.37,WITHDRAWAL,2026-10-16 07:23:22
TXN202600003348,ACC109554,746.50,DEPOSIT,2026-06-27 12:31:35
TXN202600003349,ACC107240,3354.32,DEPOSIT,2026-04-09 18:21:22
TXN202600003350,ACC105172,1913.61,DEPOSIT,2026-04-15 22:25:43
TXN202600003351,ACC108326,2970.15,DEPOSIT,2026-02-09 08:27:04
TXN202600003352,ACC107517,3472.99,DEPOSIT,2026-08-17 02:42:19
TXN202600003353,ACC103825,1334.29,DEPOSIT,2026-09-27 21:34:44
TXN202600003354,ACC102262,1080.89,DEPOSIT,2026-02-14 08:56:57
TXN202600003355,ACC104628,1845.13,DEPOSIT,2026-12-09 03:07:16
TXN202600003356,ACC103365,618.46,DEPOSIT,2026-03-02 19:22:45
TXN202600003357,ACC104514,1586.08,DEPOSIT,2026-03-05 21:37:31
TXN202600003358,ACC103483,1092.31,WITHDRAWAL,2026-01-06 17:15:39
TXN202600003359,ACC101615,1251.49,WITHDRAWAL,2026-09-21 17:02:29
TXN202600003360,ACC100363,536.09,DEPOSIT,2026-04-10 04:03:45
TXN202600003361,ACC109581,1094.09,WITHDRAWAL,2026-10-08 09:45:23
TXN202600003362,ACC106999,2275.38,DEPOSIT,2026-04-08 03:45:20
TXN202600003363,ACC105154,3418.85,DEPOSIT,2026-08-13 06:05:26
TXN202600003364,ACC102357,634.59,DEPOSIT,2026-11-03 21:33:34
TXN202600003365,ACC102246,4286.73,DEPOSIT,2026-04-27 09:35:48
TXN202600003366,ACC109696,456.53,WITHDRAWAL,2026-11-08 19:10:09
TXN202600003367,ACC104841,2958.12,DEPOSIT,2026-05-04 22:45:59
TXN202600003368,ACC108714,629.96,DEPOSIT,2026-05-19 17:28:24
TXN202600003369,ACC109185,1441.80,DEPOSIT,2026-02-23 07:11:22
TXN202600003370,ACC100094,4773.48,DEPOSIT,2026-04-23 17:35:31
TXN202600003371,ACC107537,1762.37,WITHDRAWAL,2026-02-04 10:16:25
TXN202600003372,ACC105234,1386.69,WITHDRAWAL,2026-03-02 19:35:29
TXN202600003373,ACC102886,2710.48,DEPOSIT,2026-05-18 16:26:21
TXN202600003374,ACC100090,1351.59,DEPOSIT,2026-02-19 20:00:06
TXN202600003375,ACC102844,1650.96,WITHDRAWAL,2026-08-20 19:15:45
TXN202600003376,ACC103305,183.16,WITHDRAWAL,2026-04-26 02:50:27
TXN202600003377,ACC106686,402.25,REVERSAL,2026-09-10 03:55:25
TXN202600003378,ACC103121,2614.67,DEPOSIT,2026-01-11 02:35:20
TXN202600003379,ACC109420,3591.12,DEPOSIT,2026-06-28 13:19:33
TXN202600003380,ACC100778,789.31,WITHDRAWAL,2026-06-09 21:37:04
TXN202600003381,ACC109957,3047.39,DEPOSIT,2026-09-24 16:52:01
TXN202600003382,ACC108384,3462.47,DEPOSIT,2026-07-25 21:31:15
TXN202600003383,ACC109444,975.38,WITHDRAWAL,2026-02-24 05:17:53
TXN202600003384,ACC104982,979.89,WITHDRAWAL,2026-05-10 00:45:53
TXN202600003385,ACC102168,1235.88,WITHDRAWAL,2026-12-11 18:03:40
TXN202600003386,ACC105719,824.89,WITHDRAWAL,2026-02-16 06:08:59
TXN202600003387,ACC104044,3109.87,DEPOSIT,2026-05-06 03:43:59
TXN202600003388,ACC106908,964.26,DEPOSIT,2026-02-09 13:04:07
TXN202600003389,ACC105413,2078.70,DEPOSIT,2026-01-09 21:43:07
TXN202600003390,ACC100903,2852.45,DEPOSIT,2026-11-06 06:47:57
TXN202600003391,ACC107259,4087.13,DEPOSIT,2026-03-03 16:55:07
TXN202600003392,ACC103343,1600.68,WITHDRAWAL,2026-12-18 03:23:01
TXN202600003393,ACC102832,884.71,DEPOSIT,2026-04-26 08:07:36
TXN202600003394,ACC105526,4832.23,DEPOSIT,2026-12-04 23:16:35
TXN202600003395,ACC104316,1770.16,WITHDRAWAL,2026-08-03 17:57:23
TXN202600003396,ACC100853,4214.44,DEPOSIT,2026-10-11 02:57:59
TXN202600003397,ACC102026,430.35,REVERSAL,2026-02-25 20:27:50
TXN202600003398,ACC107768,2365.75,DEPOSIT,2026-02-27 23:18:34
TXN202600003399,ACC107340,1069.12,WITHDRAWAL,2026-03-15 01:19:15
TXN202600003400,ACC105524,4079.91,DEPOSIT,2026-11-04 12:10:23
TXN202600003401,ACC103241,4617.37,DEPOSIT,2026-08-20 19:32:26
TXN202600003402,ACC100517,137.40,WITHDRAWAL,2026-02-14 13:51:19
TXN202600003403,ACC107320,1387.60,WITHDRAWAL,2026-02-28 18:17:17
TXN202600003404,ACC105476,4875.34,DEPOSIT,2026-08-12 04:58:31
TXN202600003405,ACC107973,1159.06,WITHDRAWAL,2026-12-13 09:26:39
TXN202600003406,ACC106999,3000.14,DEPOSIT,2026-08-26 09:06:41
TXN202600003407,ACC104656,4907.96,DEPOSIT,2026-12-26 21:19:30
TXN202600003408,ACC103410,4579.96,DEPOSIT,2026-05-15 10:25:37
TXN202600003409,ACC101254,4920.77,DEPOSIT,2026-10-01 14:41:10
TXN202600003410,ACC108938,1532.47,WITHDRAWAL,2026-07-04 08:46:10
TXN202600003411,ACC100264,1514.88,DEPOSIT,2026-06-27 13:11:19
TXN202600003412,ACC108569,1927.32,WITHDRAWAL,2026-12-15 14:06:29
TXN202600003413,ACC105257,2746.07,DEPOSIT,2026-12-18 17:01:02
TXN202600003414,ACC107627,1178.04,WITHDRAWAL,2026-02-24 05:22:58
TXN202600003415,ACC107652,1517.82,WITHDRAWAL,2026-02-12 07:37:36
TXN202600003416,ACC108616,2186.38,DEPOSIT,2026-11-13 08:02:42
TXN202600003417,ACC100938,857.28,WITHDRAWAL,2026-02-06 14:00:24
TXN202600003418,ACC108108,1599.34,WITHDRAWAL,2026-10-25 01:44:37
TXN202600003419,ACC102057,1752.41,DEPOSIT,2026-06-04 20:37:00
TXN202600003420,ACC107761,937.17,REVERSAL,2026-02-26 22:32:05
TXN202600003421,ACC106360,4081.19,DEPOSIT,2026-02-07 01:29:16
TXN202600003422,ACC109452,355.34,WITHDRAWAL,2026-05-17 19:24:00
TXN202600003423,ACC100672,2395.83,DEPOSIT,2026-01-25 21:09:42
TXN202600003424,ACC107781,683.29,REVERSAL,2026-10-16 13:13:27
TXN202600003425,ACC100006,2951.97,DEPOSIT,2026-08-14 16:32:45
TXN202600003426,ACC106529,483.31,WITHDRAWAL,2026-11-03 16:03:13
TXN202600003427,ACC106948,521.23,DEPOSIT,2026-04-28 13:38:21
TXN202600003428,ACC102971,1748.26,DEPOSIT,2026-11-28 05:26:51
TXN202600003429,ACC101765,741.88,DEPOSIT,2026-06-14 03:39:41
TXN202600003430,ACC102879,992.88,WITHDRAWAL,2026-04-28 03:58:14
TXN202600003431,ACC103776,1596.10,WITHDRAWAL,2026-02-26 10:29:21
TXN202600003432,ACC103111,2808.86,DEPOSIT,2026-02-19 17:26:22
TXN202600003433,ACC108541,802.58,DEPOSIT,2026-05-16 15:00:02
TXN202600003434,ACC101328,1246.77,DEPOSIT,2026-08-01 14:03:25
TXN202600003435,ACC108963,595.67,WITHDRAWAL,2026-12-27 12:07:56
TXN202600003436,ACC105573,3118.03,DEPOSIT,2026-03-11 21:31:01
TXN202600003437,ACC108227,2090.78,WITHDRAWAL,2026-10-02 23:49:18
TXN202600003438,ACC103868,1394.43,DEPOSIT,2026-01-13 07:28:22
TXN202600003439,ACC102446,998.02,DEPOSIT,2026-09-05 20:15:49
TXN202600003440,ACC100669,3024.09,DEPOSIT,2026-08-25 22:22:41
TXN202600003441,ACC104594,206.46,WITHDRAWAL,2026-10-22 01:33:15
TXN202600003442,ACC108239,3097.28,DEPOSIT,2026-05-05 19:01:26
TXN202600003443,ACC105410,1145.27,WITHDRAWAL,2026-02-19 22:13:07
TXN202600003444,ACC107086,4459.66,DEPOSIT,2026-07-27 04:45:02
TXN202600003445,ACC102932,4906.89,DEPOSIT,2026-10-05 14:18:43
TXN202600003446,ACC102615,4035.62,DEPOSIT,2026-04-13 14:20:42
TXN202600003447,ACC105285,484.85,REVERSAL,2026-07-27 15:18:46
TXN202600003448,ACC106805,1826.87,WITHDRAWAL,2026-04-20 11:34:03
TXN202600003449,ACC107255,1907.55,DEPOSIT,2026-02-19 18:23:25
TXN202600003450,ACC106341,2306.46,DEPOSIT,2026-09-26 08:08:02
TXN202600003451,ACC105387,2055.56,WITHDRAWAL,2026-08-21 15:24:04
TXN202600003452,ACC104868,2175.58,DEPOSIT,2026-12-04 21:31:22
TXN202600003453,ACC109978,4696.39,DEPOSIT,2026-09-15 16:02:45
TXN202600003454,ACC108505,2554.44,DEPOSIT,2026-10-23 01:08:26
TXN202600003455,ACC107694,4916.04,DEPOSIT,2026-04-04 15:52:41
TXN202600003456,ACC107054,1235.23,WITHDRAWAL,2026-06-11 09:57:30
TXN202600003457,ACC109903,916.38,REVERSAL,2026-03-05 06:40:55
TXN202600003458,ACC103496,683.38,WITHDRAWAL,2026-11-25 05:59:24
TXN202600003459,ACC106248,3078.89,DEPOSIT,2026-09-02 19:00:39
TXN202600003460,ACC104598,524.65,DEPOSIT,2026-09-06 15:31:00
TXN202600003461,ACC102616,3943.15,DEPOSIT,2026-05-01 22:57:08
TXN202600003462,ACC105415,4414.79,DEPOSIT,2026-10-13 01:35:34
TXN202600003463,ACC107797,607.65,WITHDRAWAL,2026-01-22 09:32:38
TXN202600003464,ACC103365,1578.37,WITHDRAWAL,2026-07-07 17:57:20
TXN202600003465,ACC106044,1188.47,DEPOSIT,2026-05-06 11:59:35
TXN202600003466,ACC104079,1103.55,WITHDRAWAL,2026-09-19 11:51:08
TXN202600003467,ACC102004,107.78,REVERSAL,2026-10-23 08:43:01
TXN202600003468,ACC102755,4320.31,DEPOSIT,2026-12-28 11:11:02
TXN202600003469,ACC102769,3266.51,DEPOSIT,2026-11-01 15:35:01
TXN202600003470,ACC107833,794.37,REVERSAL,2026-10-26 21:19:08
TXN202600003471,ACC107125,2272.24,DEPOSIT,2026-07-19 17:05:07
TXN202600003472,ACC101227,1801.02,WITHDRAWAL,2026-05-12 19:09:30
TXN202600003473,ACC102400,4822.46,DEPOSIT,2026-04-17 19:01:22
TXN202600003474,ACC108528,2223.60,DEPOSIT,2026-10-17 18:28:00
TXN202600003475,ACC103017,469.42,WITHDRAWAL,2026-12-06 01:27:46
TXN202600003476,ACC108809,3838.49,DEPOSIT,2026-12-19 18:30:14
TXN202600003477,ACC104294,2834.00,DEPOSIT,2026-06-11 15:30:24
TXN202600003478,ACC106660,353.50,WITHDRAWAL,2026-06-21 23:03:31
TXN202600003479,ACC105222,1503.54,DEPOSIT,2026-01-18 05:40:34
TXN202600003480,ACC102476,178.51,WITHDRAWAL,2026-06-05 16:56:03
TXN202600003481,ACC100655,2981.67,DEPOSIT,2026-05-02 05:38:22
TXN202600003482,ACC107058,2014.69,WITHDRAWAL,2026-04-09 03:28:32
TXN202600003483,ACC108338,1605.38,DEPOSIT,2026-10-11 03:04:22
TXN202600003484,ACC106630,609.35,DEPOSIT,2026-07-27 03:43:59
TXN202600003485,ACC103339,2123.93,DEPOSIT,2026-11-09 18:01:46
TXN202600003486,ACC103326,2563.28,DEPOSIT,2026-03-04 23:05:45
TXN202600003487,ACC101205,1185.56,WITHDRAWAL,2026-12-18 15:21:22
TXN202600003488,ACC102040,3106.81,DEPOSIT,2026-11-23 08:27:08
TXN202600003489,ACC109739,512.20,WITHDRAWAL,2026-01-25 05:52:34
TXN202600003490,ACC108204,1943.09,DEPOSIT,2026-10-15 23:06:36
TXN202600003491,ACC100794,562.83,REVERSAL,2026-03-08 03:31:43
TXN202600003492,ACC106648,940.65,WITHDRAWAL,2026-09-02 08:17:00
TXN202600003493,ACC100162,1365.92,DEPOSIT,2026-07-25 13:19:16
TXN202600003494,ACC100096,167.47,REVERSAL,2026-04-25 14:36:21
TXN202600003495,ACC100092,1051.60,REVERSAL,2026-09-09 14:13:02
TXN202600003496,ACC103949,1648.45,DEPOSIT,2026-02-16 12:10:34
TXN202600003497,ACC108373,1812.71,WITHDRAWAL,2026-03-26 14:33:45
TXN202600003498,ACC101635,1861.59,WITHDRAWAL,2026-02-08 13:07:17
TXN202600003499,ACC100826,2849.16,DEPOSIT,2026-05-07 05:27:57
TXN202600003500,ACC109280,2252.37,DEPOSIT,2026-06-01 01:37:51
TXN202600003501,ACC100557,643.91,WITHDRAWAL,2026-10-03 04:00:21
TXN202600003502,ACC109694,2592.13,DEPOSIT,2026-07-23 12:26:32
TXN202600003503,ACC109332,1804.92,DEPOSIT,2026-05-02 12:00:23
TXN202600003504,ACC103290,1263.76,WITHDRAWAL,2026-03-21 04:02:02
TXN202600003505,ACC101458,1097.34,DEPOSIT,2026-05-07 06:28:12
TXN202600003506,ACC105982,3574.22,DEPOSIT,2026-11-15 14:56:07
TXN202600003507,ACC102782,4919.25,DEPOSIT,2026-02-22 06:03:11
TXN202600003508,ACC102970,2804.32,DEPOSIT,2026-11-01 06:10:01
TXN202600003509,ACC100383,948.97,WITHDRAWAL,2026-09-23 04:45:39
TXN202600003510,ACC101408,1743.87,DEPOSIT,2026-04-05 17:13:43
TXN202600003511,ACC100730,1055.23,DEPOSIT,2026-03-10 16:51:41
TXN202600003512,ACC105053,160.42,REVERSAL,2026-05-14 00:27:19
TXN202600003513,ACC109251,4986.32,DEPOSIT,2026-07-11 08:32:48
TXN202600003514,ACC103876,758.15,WITHDRAWAL,2026-07-12 20:41:44
TXN202600003515,ACC101471,4757.18,DEPOSIT,2026-01-21 02:09:12
TXN202600003516,ACC108005,1552.91,WITHDRAWAL,2026-12-15 00:22:08
TXN202600003517,ACC103835,3047.43,DEPOSIT,2026-04-06 00:00:53
TXN202600003518,ACC109292,671.12,WITHDRAWAL,2026-07-24 07:13:10
TXN202600003519,ACC102406,4654.42,DEPOSIT,2026-12-09 13:22:02
TXN202600003520,ACC101621,4604.33,DEPOSIT,2026-02-12 10:07:18
TXN202600003521,ACC108154,2448.27,DEPOSIT,2026-01-11 19:58:05
TXN202600003522,ACC109339,579.41,WITHDRAWAL,2026-08-11 13:45:54
TXN202600003523,ACC104649,1533.51,DEPOSIT,2026-09-18 13:23:42
TXN202600003524,ACC100832,1064.59,WITHDRAWAL,2026-10-10 23:13:03
TXN202600003525,ACC106323,2714.21,DEPOSIT,2026-08-28 23:15:48
TXN202600003526,ACC109816,1938.72,WITHDRAWAL,2026-05-24 13:04:01
TXN202600003527,ACC106515,4351.76,DEPOSIT,2026-06-21 23:19:08
TXN202600003528,ACC101935,2062.47,WITHDRAWAL,2026-07-23 09:28:20
TXN202600003529,ACC102250,1938.04,WITHDRAWAL,2026-12-16 01:22:12
TXN202600003530,ACC107226,1715.21,DEPOSIT,2026-03-04 20:12:52
TXN202600003531,ACC103509,1222.76,WITHDRAWAL,2026-08-15 04:05:19
TXN202600003532,ACC100522,1078.23,DEPOSIT,2026-05-28 05:20:51
TXN202600003533,ACC105497,1742.27,DEPOSIT,2026-08-26 04:37:18
TXN202600003534,ACC109131,1708.49,WITHDRAWAL,2026-11-23 03:44:05
TXN202600003535,ACC104285,2033.55,DEPOSIT,2026-07-08 13:40:34
TXN202600003536,ACC101324,3871.57,DEPOSIT,2026-06-10 07:30:33
TXN202600003537,ACC102567,1407.40,WITHDRAWAL,2026-04-14 23:30:32
TXN202600003538,ACC106007,1953.46,WITHDRAWAL,2026-11-09 23:51:28
TXN202600003539,ACC103391,1299.59,WITHDRAWAL,2026-08-06 20:04:15
TXN202600003540,ACC103137,301.75,WITHDRAWAL,2026-11-12 08:47:57
TXN202600003541,ACC100144,1856.79,WITHDRAWAL,2026-07-25 12:04:29
TXN202600003542,ACC101548,1722.47,DEPOSIT,2026-01-27 20:04:00
TXN202600003543,ACC107278,4035.49,DEPOSIT,2026-02-14 01:07:31
TXN202600003544,ACC109544,1400.30,WITHDRAWAL,2026-06-01 11:53:38
TXN202600003545,ACC103153,3910.83,DEPOSIT,2026-07-10 03:21:11
TXN202600003546,ACC105545,793.56,REVERSAL,2026-05-09 17:09:53
TXN202600003547,ACC106848,1707.02,WITHDRAWAL,2026-01-19 17:03:07
TXN202600003548,ACC103123,3768.71,DEPOSIT,2026-06-16 11:03:04
TXN202600003549,ACC107850,4146.74,DEPOSIT,2026-07-12 10:06:00
TXN202600003550,ACC102561,4738.96,DEPOSIT,2026-11-15 22:50:32
TXN202600003551,ACC107471,1229.14,DEPOSIT,2026-09-24 00:37:52
TXN202600003552,ACC105027,1085.13,DEPOSIT,2026-11-26 22:14:35
TXN202600003553,ACC108188,4669.20,DEPOSIT,2026-04-16 00:56:05
TXN202600003554,ACC102039,1483.94,DEPOSIT,2026-10-15 16:53:18
TXN202600003555,ACC105684,2472.66,DEPOSIT,2026-08-24 08:41:15
TXN202600003556,ACC102703,3696.20,DEPOSIT,2026-09-07 05:23:10
TXN202600003557,ACC106635,4788.92,DEPOSIT,2026-10-18 21:39:06
TXN202600003558,ACC108640,3946.62,DEPOSIT,2026-10-26 19:17:35
TXN202600003559,ACC102540,1978.16,DEPOSIT,2026-07-01 23:26:09
TXN202600003560,ACC102124,1134.92,DEPOSIT,2026-09-22 17:01:01
TXN202600003561,ACC106555,601.22,WITHDRAWAL,2026-08-12 19:55:59
TXN202600003562,ACC107126,834.28,WITHDRAWAL,2026-07-03 23:09:36
TXN202600003563,ACC100517,614.90,WITHDRAWAL,2026-04-15 05:39:08
TXN202600003564,ACC100211,1345.15,WITHDRAWAL,2026-03-20 23:50:51
TXN202600003565,ACC105027,4449.76,DEPOSIT,2026-09-12 16:04:27
TXN202600003566,ACC102593,1183.72,DEPOSIT,2026-07-26 03:43:33
TXN202600003567,ACC107663,626.69,WITHDRAWAL,2026-07-27 03:53:08
TXN202600003568,ACC102912,554.62,DEPOSIT,2026-08-01 21:23:01
TXN202600003569,ACC106271,1335.31,DEPOSIT,2026-11-24 01:19:00
TXN202600003570,ACC107165,2269.95,DEPOSIT,2026-11-22 13:11:03
TXN202600003571,ACC101709,3374.79,DEPOSIT,2026-07-22 12:50:22
TXN202600003572,ACC106654,4776.65,DEPOSIT,2026-05-16 02:38:28
TXN202600003573,ACC107751,1694.64,DEPOSIT,2026-03-09 15:37:21
TXN202600003574,ACC109609,765.98,DEPOSIT,2026-10-01 07:51:06
TXN202600003575,ACC105971,1332.92,WITHDRAWAL,2026-09-02 23:17:07
TXN202600003576,ACC103966,4489.97,DEPOSIT,2026-01-09 00:53:25
TXN202600003577,ACC105163,4482.89,DEPOSIT,2026-10-11 05:49:58
TXN202600003578,ACC103139,1572.28,WITHDRAWAL,2026-11-22 02:58:28
TXN202600003579,ACC101239,1473.88,DEPOSIT,2026-06-25 03:02:02
TXN202600003580,ACC103263,2894.35,DEPOSIT,2026-07-03 05:42:08
TXN202600003581,ACC101289,648.94,WITHDRAWAL,2026-05-01 08:47:59
TXN202600003582,ACC108014,1326.99,DEPOSIT,2026-07-22 07:27:08
TXN202600003583,ACC109842,1580.99,DEPOSIT,2026-11-11 17:52:33
TXN202600003584,ACC106052,440.15,WITHDRAWAL,2026-09-13 13:58:09
TXN202600003585,ACC103874,2186.55,DEPOSIT,2026-01-03 21:17:21
TXN202600003586,ACC101854,483.90,WITHDRAWAL,2026-08-25 16:01:23
TXN202600003587,ACC101165,1799.28,DEPOSIT,2026-11-02 21:07:31
TXN202600003588,ACC107363,980.88,WITHDRAWAL,2026-10-26 18:48:41
TXN202600003589,ACC108442,2002.82,WITHDRAWAL,2026-08-09 06:06:15
TXN202600003590,ACC100985,3286.93,DEPOSIT,2026-03-27 03:42:30
TXN202600003591,ACC101318,3245.55,DEPOSIT,2026-09-05 20:49:53
TXN202600003592,ACC104386,3548.42,DEPOSIT,2026-04-15 04:44:14
TXN202600003593,ACC101174,1800.67,DEPOSIT,2026-06-14 05:34:42
TXN202600003594,ACC102470,2607.99,DEPOSIT,2026-11-18 07:41:45
TXN202600003595,ACC108074,1182.44,WITHDRAWAL,2026-05-11 23:27:04
TXN202600003596,ACC103050,3336.54,DEPOSIT,2026-10-13 00:10:27
TXN202600003597,ACC108813,660.49,DEPOSIT,2026-08-08 07:27:57
TXN202600003598,ACC103982,1335.44,WITHDRAWAL,2026-10-16 12:14:37
TXN202600003599,ACC109578,1827.13,DEPOSIT,2026-11-22 14:35:00
TXN202600003600,ACC107477,2403.49,DEPOSIT,2026-11-01 13:03:27
TXN202600003601,ACC102202,383.81,WITHDRAWAL,2026-07-24 18:56:45
TXN202600003602,ACC108959,2181.23,DEPOSIT,2026-11-15 23:55:11
TXN202600003603,ACC104761,1833.75,WITHDRAWAL,2026-07-07 06:05:59
TXN202600003604,ACC109458,1936.13,WITHDRAWAL,2026-04-09 17:04:30
TXN202600003605,ACC105318,1606.72,WITHDRAWAL,2026-10-16 22:54:49
TXN202600003606,ACC104245,763.91,WITHDRAWAL,2026-06-18 03:34:30
TXN202600003607,ACC104489,4489.48,DEPOSIT,2026-09-18 03:55:02
TXN202600003608,ACC101197,586.52,WITHDRAWAL,2026-10-14 00:11:00
TXN202600003609,ACC106960,2102.58,DEPOSIT,2026-07-06 07:44:10
TXN202600003610,ACC108273,1146.76,DEPOSIT,2026-09-02 00:23:44
TXN202600003611,ACC109539,1942.08,DEPOSIT,2026-06-24 22:51:39
TXN202600003612,ACC101289,316.51,WITHDRAWAL,2026-01-18 21:03:12
TXN202600003613,ACC108182,998.41,WITHDRAWAL,2026-06-16 17:36:36
TXN202600003614,ACC109860,768.00,REVERSAL,2026-10-15 16:08:45
TXN202600003615,ACC104109,200.02,WITHDRAWAL,2026-05-26 15:29:21
TXN202600003616,ACC102631,3625.37,DEPOSIT,2026-09-17 07:05:25
TXN202600003617,ACC102330,2850.21,DEPOSIT,2026-09-08 02:13:55
TXN202600003618,ACC101650,3488.90,DEPOSIT,2026-10-07 04:41:02
TXN202600003619,ACC101539,2712.00,DEPOSIT,2026-11-24 03:35:38
TXN202600003620,ACC108926,2007.98,DEPOSIT,2026-08-26 05:23:43
TXN202600003621,ACC100944,407.39,WITHDRAWAL,2026-04-18 03:52:30
TXN202600003622,ACC105490,1351.03,WITHDRAWAL,2026-03-08 19:39:35
TXN202600003623,ACC103601,3214.86,DEPOSIT,2026-07-13 07:19:31
TXN202600003624,ACC101922,4625.20,DEPOSIT,2026-09-12 01:30:03
TXN202600003625,ACC107708,3248.72,DEPOSIT,2026-06-19 07:33:30
TXN202600003626,ACC109161,1274.42,WITHDRAWAL,2026-06-03 03:38:29
TXN202600003627,ACC109621,4241.68,DEPOSIT,2026-10-23 11:04:22
TXN202600003628,ACC107311,1968.20,WITHDRAWAL,2026-07-15 08:13:22
TXN202600003629,ACC101046,966.58,WITHDRAWAL,2026-02-01 10:09:28
TXN202600003630,ACC103428,3901.55,DEPOSIT,2026-05-21 22:49:24
TXN202600003631,ACC106751,1675.30,WITHDRAWAL,2026-03-05 23:26:07
TXN202600003632,ACC102269,2320.94,DEPOSIT,2026-11-26 16:40:58
TXN202600003633,ACC109336,319.92,WITHDRAWAL,2026-07-10 10:35:18
TXN202600003634,ACC100413,3200.12,DEPOSIT,2026-06-02 21:26:01
TXN202600003635,ACC100737,3736.94,DEPOSIT,2026-04-23 01:41:39
TXN202600003636,ACC100043,2348.30,DEPOSIT,2026-05-08 08:56:53
TXN202600003637,ACC105692,342.65,WITHDRAWAL,2026-07-28 09:17:34
TXN202600003638,ACC106866,3275.96,DEPOSIT,2026-06-14 07:13:52
TXN202600003639,ACC105985,1121.38,DEPOSIT,2026-02-22 05:47:44
TXN202600003640,ACC106343,978.37,REVERSAL,2026-08-21 11:28:51
TXN202600003641,ACC104320,1901.50,DEPOSIT,2026-07-04 17:10:19
TXN202600003642,ACC107523,2065.87,DEPOSIT,2026-02-17 03:32:19
TXN202600003643,ACC107092,1859.62,DEPOSIT,2026-08-18 10:44:26
TXN202600003644,ACC106049,1951.81,DEPOSIT,2026-04-23 21:19:03
TXN202600003645,ACC107507,3997.39,DEPOSIT,2026-01-25 14:59:57
TXN202600003646,ACC107746,2085.31,DEPOSIT,2026-09-28 17:34:00
TXN202600003647,ACC100130,714.64,REVERSAL,2026-12-01 11:11:59
TXN202600003648,ACC108284,1487.24,WITHDRAWAL,2026-06-27 03:58:02
TXN202600003649,ACC101238,1478.98,DEPOSIT,2026-12-07 07:44:56
TXN202600003650,ACC106450,3946.29,DEPOSIT,2026-03-24 21:44:11
TXN202600003651,ACC103255,2275.86,DEPOSIT,2026-12-27 11:24:35
TXN202600003652,ACC101694,382.90,WITHDRAWAL,2026-12-19 15:35:06
TXN202600003653,ACC104269,1071.59,REVERSAL,2026-07-26 04:49:29
TXN202600003654,ACC106154,1652.29,WITHDRAWAL,2026-07-15 12:16:33
TXN202600003655,ACC108573,1908.41,WITHDRAWAL,2026-06-01 00:29:32
TXN202600003656,ACC103133,584.30,REVERSAL,2026-08-19 01:21:11
TXN202600003657,ACC103790,4061.72,DEPOSIT,2026-10-21 00:19:31
TXN202600003658,ACC105170,4198.00,DEPOSIT,2026-01-04 12:39:30
TXN202600003659,ACC103716,2046.62,WITHDRAWAL,2026-08-12 16:22:43
TXN202600003660,ACC100098,2349.73,DEPOSIT,2026-01-14 07:25:49
TXN202600003661,ACC102719,845.30,REVERSAL,2026-02-26 16:46:03
TXN202600003662,ACC100738,1279.52,WITHDRAWAL,2026-08-13 23:17:52
TXN202600003663,ACC109244,739.82,DEPOSIT,2026-12-09 06:39:24
TXN202600003664,ACC106552,2055.77,WITHDRAWAL,2026-02-08 13:04:36
TXN202600003665,ACC106217,2858.38,DEPOSIT,2026-05-10 19:18:20
TXN202600003666,ACC108615,1954.89,WITHDRAWAL,2026-01-08 09:27:16
TXN202600003667,ACC100103,726.42,DEPOSIT,2026-09-27 14:19:10
TXN202600003668,ACC102459,3956.77,DEPOSIT,2026-04-19 13:34:50
TXN202600003669,ACC104281,4277.37,DEPOSIT,2026-04-11 16:00:55
TXN202600003670,ACC109983,3249.34,DEPOSIT,2026-02-05 21:09:35
TXN202600003671,ACC102666,941.82,REVERSAL,2026-12-02 04:04:44
TXN202600003672,ACC108650,1289.88,DEPOSIT,2026-03-12 08:34:25
TXN202600003673,ACC105131,1178.59,WITHDRAWAL,2026-10-27 18:23:04
TXN202600003674,ACC103417,2832.99,DEPOSIT,2026-03-11 19:53:42
TXN202600003675,ACC106698,4829.99,DEPOSIT,2026-06-16 16:11:45
TXN202600003676,ACC100391,3389.89,DEPOSIT,2026-05-04 10:16:58
TXN202600003677,ACC103742,1188.79,WITHDRAWAL,2026-11-04 06:54:10
TXN202600003678,ACC101080,1148.89,DEPOSIT,2026-11-24 04:55:05
TXN202600003679,ACC105088,3011.30,DEPOSIT,2026-04-24 13:02:36
TXN202600003680,ACC109059,776.14,WITHDRAWAL,2026-09-09 18:20:42
TXN202600003681,ACC107349,1522.65,WITHDRAWAL,2026-10-28 11:30:47
TXN202600003682,ACC102159,3014.73,DEPOSIT,2026-04-20 03:41:29
TXN202600003683,ACC105319,2114.21,DEPOSIT,2026-01-09 13:02:07
TXN202600003684,ACC109557,3651.48,DEPOSIT,2026-01-05 07:10:47
TXN202600003685,ACC104994,1696.09,DEPOSIT,2026-05-23 16:18:52
TXN202600003686,ACC101555,4417.05,DEPOSIT,2026-06-14 05:34:10
TXN202600003687,ACC104650,269.95,WITHDRAWAL,2026-02-13 22:16:48
TXN202600003688,ACC108994,2612.62,DEPOSIT,2026-05-15 20:50:43
TXN202600003689,ACC106554,2821.48,DEPOSIT,2026-12-26 17:32:53
TXN202600003690,ACC103198,2047.45,WITHDRAWAL,2026-04-16 02:00:13
TXN202600003691,ACC107321,2419.41,DEPOSIT,2026-03-16 23:14:55
TXN202600003692,ACC105411,2095.60,DEPOSIT,2026-05-22 04:51:12
TXN202600003693,ACC108454,1194.28,DEPOSIT,2026-10-04 19:10:03
TXN202600003694,ACC105048,1871.96,WITHDRAWAL,2026-03-01 18:00:05
TXN202600003695,ACC100819,2560.82,DEPOSIT,2026-06-04 03:12:01
TXN202600003696,ACC102116,577.95,WITHDRAWAL,2026-10-27 13:22:10
TXN202600003697,ACC109389,3147.40,DEPOSIT,2026-06-24 19:08:19
TXN202600003698,ACC105597,363.82,REVERSAL,2026-07-02 16:27:57
TXN202600003699,ACC107482,1101.68,DEPOSIT,2026-02-12 04:01:15
TXN202600003700,ACC102096,1894.00,WITHDRAWAL,2026-08-20 09:10:48
TXN202600003701,ACC108141,895.04,WITHDRAWAL,2026-10-23 18:38:29
TXN202600003702,ACC100124,3958.71,DEPOSIT,2026-09-15 02:00:36
TXN202600003703,ACC109347,1869.64,DEPOSIT,2026-06-14 09:58:51
TXN202600003704,ACC105160,2900.73,DEPOSIT,2026-12-04 16:02:06
TXN202600003705,ACC101841,522.40,WITHDRAWAL,2026-07-17 03:56:54
TXN202600003706,ACC106083,4125.93,DEPOSIT,2026-03-25 23:50:36
TXN202600003707,ACC104645,2881.55,DEPOSIT,2026-09-07 00:15:58
TXN202600003708,ACC106443,858.03,DEPOSIT,2026-08-11 23:07:40
TXN202600003709,ACC100921,121.68,REVERSAL,2026-07-17 02:59:44
TXN202600003710,ACC105078,1701.26,WITHDRAWAL,2026-10-07 23:28:40
TXN202600003711,ACC108487,4211.23,DEPOSIT,2026-08-24 04:14:39
TXN202600003712,ACC101261,867.18,DEPOSIT,2026-02-05 20:29:09
TXN202600003713,ACC107543,304.18,REVERSAL,2026-02-15 22:55:25
TXN202600003714,ACC102231,3165.28,DEPOSIT,2026-04-15 05:25:49
TXN202600003715,ACC100292,866.93,WITHDRAWAL,2026-03-16 16:37:30
TXN202600003716,ACC103586,1422.82,DEPOSIT,2026-08-20 22:07:56
TXN202600003717,ACC107037,700.36,WITHDRAWAL,2026-05-15 00:09:05
TXN202600003718,ACC104156,3772.46,DEPOSIT,2026-05-04 23:27:39
TXN202600003719,ACC104841,551.92,WITHDRAWAL,2026-02-02 17:56:10
TXN202600003720,ACC107697,4282.01,DEPOSIT,2026-07-04 01:06:19
TXN202600003721,ACC105138,4723.40,DEPOSIT,2026-09-24 10:12:39
TXN202600003722,ACC100622,932.04,WITHDRAWAL,2026-10-03 04:58:17
TXN202600003723,ACC104579,3669.13,DEPOSIT,2026-06-09 00:06:09
TXN202600003724,ACC104883,704.96,DEPOSIT,2026-10-24 00:00:10
TXN202600003725,ACC108844,1027.97,DEPOSIT,2026-07-12 00:41:35
TXN202600003726,ACC100102,1458.11,WITHDRAWAL,2026-08-23 21:32:16
TXN202600003727,ACC103842,3950.64,DEPOSIT,2026-05-19 21:19:19
TXN202600003728,ACC105650,892.45,DEPOSIT,2026-03-07 16:26:35
TXN202600003729,ACC103685,2521.67,DEPOSIT,2026-01-08 18:45:46
TXN202600003730,ACC101407,3878.84,DEPOSIT,2026-02-19 21:15:28
TXN202600003731,ACC103642,1928.01,WITHDRAWAL,2026-05-01 20:53:43
TXN202600003732,ACC107804,408.89,WITHDRAWAL,2026-10-09 11:04:37
TXN202600003733,ACC103272,4480.20,DEPOSIT,2026-04-22 00:39:28
TXN202600003734,ACC105305,1122.84,DEPOSIT,2026-08-20 17:12:27
TXN202600003735,ACC107918,1750.73,WITHDRAWAL,2026-08-27 19:41:00
TXN202600003736,ACC106336,912.47,WITHDRAWAL,2026-03-06 10:17:32
TXN202600003737,ACC109538,4402.80,DEPOSIT,2026-11-25 03:32:36
TXN202600003738,ACC102418,4256.54,DEPOSIT,2026-03-13 15:31:03
TXN202600003739,ACC104005,1545.87,WITHDRAWAL,2026-12-06 18:47:37
TXN202600003740,ACC104638,2251.29,DEPOSIT,2026-04-23 18:09:02
TXN202600003741,ACC102179,4354.18,DEPOSIT,2026-06-28 18:32:07
TXN202600003742,ACC109612,847.71,DEPOSIT,2026-03-05 18:18:56
TXN202600003743,ACC105224,749.18,REVERSAL,2026-01-11 01:39:29
TXN202600003744,ACC107512,560.56,DEPOSIT,2026-08-10 08:13:24
TXN202600003745,ACC109164,3400.12,DEPOSIT,2026-08-08 18:12:41
TXN202600003746,ACC109979,3686.74,DEPOSIT,2026-08-09 12:37:02
TXN202600003747,ACC105375,2066.98,WITHDRAWAL,2026-02-11 13:33:47
TXN202600003748,ACC108661,3696.16,DEPOSIT,2026-01-12 20:47:01
TXN202600003749,ACC104416,1045.85,REVERSAL,2026-07-17 12:24:22
TXN202600003750,ACC104181,1393.24,WITHDRAWAL,2026-12-21 02:17:15
TXN202600003751,ACC106664,3640.73,DEPOSIT,2026-11-14 11:10:47
TXN202600003752,ACC108314,992.52,DEPOSIT,2026-06-26 09:56:50
TXN202600003753,ACC101381,1823.02,DEPOSIT,2026-12-05 02:47:02
TXN202600003754,ACC102226,1450.38,DEPOSIT,2026-04-13 03:39:35
TXN202600003755,ACC100162,775.62,DEPOSIT,2026-09-10 18:27:34
TXN202600003756,ACC104016,3081.12,DEPOSIT,2026-10-18 02:43:36
TXN202600003757,ACC108162,865.22,WITHDRAWAL,2026-12-22 10:04:36
TXN202600003758,ACC105724,191.40,WITHDRAWAL,2026-10-05 01:39:25
TXN202600003759,ACC105115,3824.62,DEPOSIT,2026-08-19 13:43:49
TXN202600003760,ACC103779,1411.11,DEPOSIT,2026-02-05 06:48:56
TXN202600003761,ACC100592,3285.42,DEPOSIT,2026-07-07 17:28:14
TXN202600003762,ACC103630,1376.01,DEPOSIT,2026-03-22 22:39:56
TXN202600003763,ACC103799,1114.74,WITHDRAWAL,2026-03-26 06:17:26
TXN202600003764,ACC109502,2669.64,DEPOSIT,2026-02-20 04:12:30
TXN202600003765,ACC107418,4177.53,DEPOSIT,2026-08-07 09:15:27
TXN202600003766,ACC109766,1000.29,WITHDRAWAL,2026-06-25 16:43:31
TXN202600003767,ACC100826,204.77,REVERSAL,2026-11-28 19:53:04
TXN202600003768,ACC104242,1285.97,WITHDRAWAL,2026-12-05 15:42:45
TXN202600003769,ACC105631,1403.32,WITHDRAWAL,2026-02-23 11:22:59
TXN202600003770,ACC107796,2514.98,DEPOSIT,2026-11-13 13:57:12
TXN202600003771,ACC103435,235.57,WITHDRAWAL,2026-01-25 21:05:39
TXN202600003772,ACC102574,2811.48,DEPOSIT,2026-10-24 12:37:24
TXN202600003773,ACC109404,3714.77,DEPOSIT,2026-12-14 21:16:26
TXN202600003774,ACC108970,355.95,WITHDRAWAL,2026-05-22 14:52:37
TXN202600003775,ACC102273,1651.95,WITHDRAWAL,2026-06-11 20:02:42
TXN202600003776,ACC103606,2574.57,DEPOSIT,2026-04-16 14:10:43
TXN202600003777,ACC101140,3992.74,DEPOSIT,2026-05-28 13:47:09
TXN202600003778,ACC103548,936.17,DEPOSIT,2026-04-26 07:46:46
TXN202600003779,ACC108871,728.52,WITHDRAWAL,2026-05-22 19:58:23
TXN202600003780,ACC107486,4507.33,DEPOSIT,2026-08-17 16:44:58
TXN202600003781,ACC102202,1108.79,DEPOSIT,2026-09-21 03:25:43
TXN202600003782,ACC100623,222.22,REVERSAL,2026-02-13 21:07:36
TXN202600003783,ACC105689,1374.49,DEPOSIT,2026-09-23 10:13:42
TXN202600003784,ACC104557,1614.80,DEPOSIT,2026-12-13 11:35:40
TXN202600003785,ACC101443,3907.66,DEPOSIT,2026-10-08 02:09:13
TXN202600003786,ACC108315,2657.84,DEPOSIT,2026-01-18 07:48:34
TXN202600003787,ACC107990,2446.39,DEPOSIT,2026-10-15 06:42:09
TXN202600003788,ACC104748,4587.68,DEPOSIT,2026-06-02 11:39:45
TXN202600003789,ACC103926,1652.07,DEPOSIT,2026-03-03 15:05:54
TXN202600003790,ACC103978,1081.72,DEPOSIT,2026-11-02 06:47:28
TXN202600003791,ACC102605,4871.42,DEPOSIT,2026-08-15 02:04:13
TXN202600003792,ACC104549,1727.24,DEPOSIT,2026-11-07 06:41:21
TXN202600003793,ACC107661,3415.19,DEPOSIT,2026-08-23 00:32:55
TXN202600003794,ACC101465,846.47,REVERSAL,2026-09-21 20:24:18
TXN202600003795,ACC101426,2005.20,WITHDRAWAL,2026-03-03 01:07:39
TXN202600003796,ACC102935,1679.82,WITHDRAWAL,2026-11-12 20:22:34
TXN202600003797,ACC103652,539.62,WITHDRAWAL,2026-10-06 22:54:19
TXN202600003798,ACC103267,1003.26,WITHDRAWAL,2026-12-04 15:51:49
TXN202600003799,ACC101960,1000.03,REVERSAL,2026-11-12 17:18:55
TXN202600003800,ACC104462,4002.26,DEPOSIT,2026-02-12 07:21:29
TXN202600003801,ACC109750,4089.71,DEPOSIT,2026-07-27 11:04:07
TXN202600003802,ACC108827,1495.07,WITHDRAWAL,2026-06-24 15:14:10
TXN202600003803,ACC108645,1012.87,WITHDRAWAL,2026-09-20 18:29:32
TXN202600003804,ACC106685,1760.39,DEPOSIT,2026-02-15 12:07:41
TXN202600003805,ACC109076,441.46,WITHDRAWAL,2026-04-21 04:15:06
TXN202600003806,ACC104289,1193.89,DEPOSIT,2026-10-03 19:41:05
TXN202600003807,ACC108179,4681.51,DEPOSIT,2026-08-11 12:25:21
TXN202600003808,ACC101797,4290.11,DEPOSIT,2026-10-19 16:21:10
TXN202600003809,ACC103311,2465.10,DEPOSIT,2026-05-13 07:38:38
TXN202600003810,ACC106264,3214.36,DEPOSIT,2026-07-23 08:34:54
TXN202600003811,ACC104860,2966.56,DEPOSIT,2026-01-13 19:53:05
TXN202600003812,ACC108093,721.89,DEPOSIT,2026-08-16 03:27:10
TXN202600003813,ACC106507,3048.91,DEPOSIT,2026-09-07 14:14:05
TXN202600003814,ACC107880,4112.74,DEPOSIT,2026-04-20 17:29:31
TXN202600003815,ACC107275,560.45,DEPOSIT,2026-07-24 06:33:40
TXN202600003816,ACC107562,1801.27,WITHDRAWAL,2026-11-02 16:13:19
TXN202600003817,ACC108332,1207.97,WITHDRAWAL,2026-06-22 10:19:25
TXN202600003818,ACC101976,134.29,WITHDRAWAL,2026-02-14 23:58:11
TXN202600003819,ACC100047,3297.91,DEPOSIT,2026-07-16 11:54:03
TXN202600003820,ACC108917,541.88,WITHDRAWAL,2026-05-23 10:06:34
TXN202600003821,ACC101034,1029.71,DEPOSIT,2026-04-22 00:26:16
TXN202600003822,ACC107057,2363.81,DEPOSIT,2026-04-10 03:47:44
TXN202600003823,ACC104856,4979.32,DEPOSIT,2026-08-15 05:26:55
TXN202600003824,ACC107946,1043.17,WITHDRAWAL,2026-05-23 08:35:33
TXN202600003825,ACC108702,712.64,DEPOSIT,2026-07-10 22:10:36
TXN202600003826,ACC103423,1766.44,WITHDRAWAL,2026-02-27 14:09:34
TXN202600003827,ACC107433,524.17,WITHDRAWAL,2026-11-16 06:14:34
TXN202600003828,ACC100997,689.55,REVERSAL,2026-02-25 02:43:22
TXN202600003829,ACC104996,2005.13,WITHDRAWAL,2026-08-15 22:33:03
TXN202600003830,ACC109409,2730.39,DEPOSIT,2026-02-11 23:23:25
TXN202600003831,ACC105606,1966.71,WITHDRAWAL,2026-08-01 13:36:00
TXN202600003832,ACC108932,1949.01,DEPOSIT,2026-06-25 02:46:29
TXN202600003833,ACC108905,827.04,WITHDRAWAL,2026-11-25 10:29:27
TXN202600003834,ACC106886,907.73,DEPOSIT,2026-09-09 05:04:30
TXN202600003835,ACC109381,4834.34,DEPOSIT,2026-11-19 00:49:03
TXN202600003836,ACC103994,446.26,REVERSAL,2026-11-10 19:31:54
TXN202600003837,ACC109148,4334.79,DEPOSIT,2026-11-27 22:05:43
TXN202600003838,ACC107839,1869.84,DEPOSIT,2026-06-02 08:47:09
TXN202600003839,ACC106159,2895.95,DEPOSIT,2026-07-14 10:10:47
TXN202600003840,ACC105831,1636.59,WITHDRAWAL,2026-05-19 20:55:24
TXN202600003841,ACC101262,309.59,WITHDRAWAL,2026-08-05 10:28:04
TXN202600003842,ACC104385,662.80,WITHDRAWAL,2026-02-19 04:47:29
TXN202600003843,ACC100670,2751.21,DEPOSIT,2026-10-20 21:36:26
TXN202600003844,ACC102386,855.43,WITHDRAWAL,2026-09-16 13:13:06
TXN202600003845,ACC103619,3455.44,DEPOSIT,2026-03-19 04:14:04
TXN202600003846,ACC109538,3669.95,DEPOSIT,2026-06-18 22:22:59
TXN202600003847,ACC107342,1281.31,WITHDRAWAL,2026-06-13 00:46:49
TXN202600003848,ACC106881,2986.65,DEPOSIT,2026-11-15 00:17:57
TXN202600003849,ACC108048,420.97,REVERSAL,2026-05-05 01:43:45
TXN202600003850,ACC109016,1239.28,DEPOSIT,2026-07-14 12:36:46
TXN202600003851,ACC106925,1579.49,WITHDRAWAL,2026-04-09 11:58:00
TXN202600003852,ACC108189,1009.90,WITHDRAWAL,2026-05-01 17:15:11
TXN202600003853,ACC105853,477.57,WITHDRAWAL,2026-05-10 04:29:43
TXN202600003854,ACC104319,1626.35,DEPOSIT,2026-01-21 16:35:06
TXN202600003855,ACC106844,3287.45,DEPOSIT,2026-01-22 06:21:01
TXN202600003856,ACC100961,471.73,WITHDRAWAL,2026-01-08 22:00:41
TXN202600003857,ACC106770,2582.41,DEPOSIT,2026-01-15 20:27:09
TXN202600003858,ACC104994,2022.18,DEPOSIT,2026-02-25 21:41:19
TXN202600003859,ACC104862,2402.58,DEPOSIT,2026-12-05 13:18:53
TXN202600003860,ACC104905,4453.77,DEPOSIT,2026-10-03 23:17:34
TXN202600003861,ACC104428,1810.34,DEPOSIT,2026-12-15 19:18:00
TXN202600003862,ACC104990,2195.83,DEPOSIT,2026-11-09 00:15:58
TXN202600003863,ACC100917,720.07,DEPOSIT,2026-09-26 06:20:32
TXN202600003864,ACC107797,1847.36,DEPOSIT,2026-07-23 14:57:29
TXN202600003865,ACC108263,1477.29,DEPOSIT,2026-06-17 01:53:28
TXN202600003866,ACC108100,180.42,REVERSAL,2026-08-22 08:38:40
TXN202600003867,ACC106362,1914.97,WITHDRAWAL,2026-09-02 00:02:13
TXN202600003868,ACC109125,2286.53,DEPOSIT,2026-02-18 08:09:06
TXN202600003869,ACC103186,1756.71,WITHDRAWAL,2026-01-03 21:46:40
TXN202600003870,ACC105526,923.50,REVERSAL,2026-07-09 06:29:12
TXN202600003871,ACC109876,3551.84,DEPOSIT,2026-10-07 05:28:12
TXN202600003872,ACC103355,2282.05,DEPOSIT,2026-10-13 18:50:05
TXN202600003873,ACC109232,1496.78,WITHDRAWAL,2026-09-23 11:21:18
TXN202600003874,ACC107510,503.00,WITHDRAWAL,2026-08-17 06:12:53
TXN202600003875,ACC107837,1109.39,WITHDRAWAL,2026-03-07 01:13:06
TXN202600003876,ACC109118,2584.55,DEPOSIT,2026-01-20 21:48:13
TXN202600003877,ACC102754,3863.60,DEPOSIT,2026-04-06 14:29:23
TXN202600003878,ACC108587,3524.46,DEPOSIT,2026-03-15 19:17:09
TXN202600003879,ACC100530,661.46,WITHDRAWAL,2026-01-22 16:52:32
TXN202600003880,ACC108739,1484.38,WITHDRAWAL,2026-02-10 02:28:50
TXN202600003881,ACC106640,1532.89,WITHDRAWAL,2026-07-26 23:51:31
TXN202600003882,ACC103405,4655.15,DEPOSIT,2026-04-16 14:54:54
TXN202600003883,ACC102112,1885.88,WITHDRAWAL,2026-03-14 11:56:15
TXN202600003884,ACC100163,395.95,WITHDRAWAL,2026-03-12 22:15:59
TXN202600003885,ACC105823,1195.63,WITHDRAWAL,2026-07-05 12:36:47
TXN202600003886,ACC104710,3323.26,DEPOSIT,2026-05-15 07:47:09
TXN202600003887,ACC105801,2862.13,DEPOSIT,2026-10-27 12:50:33
TXN202600003888,ACC107226,4968.89,DEPOSIT,2026-03-06 14:27:57
TXN202600003889,ACC105370,196.65,REVERSAL,2026-05-22 10:36:16
TXN202600003890,ACC104513,644.18,DEPOSIT,2026-03-25 09:06:42
TXN202600003891,ACC104479,2287.68,DEPOSIT,2026-05-10 13:24:02
TXN202600003892,ACC106276,648.49,WITHDRAWAL,2026-04-19 11:10:49
TXN202600003893,ACC103083,3901.23,DEPOSIT,2026-10-16 03:15:30
TXN202600003894,ACC103804,937.44,WITHDRAWAL,2026-04-10 10:15:32
TXN202600003895,ACC103638,3290.19,DEPOSIT,2026-07-23 20:33:35
TXN202600003896,ACC104063,4060.39,DEPOSIT,2026-02-03 06:50:20
TXN202600003897,ACC101776,644.26,WITHDRAWAL,2026-11-08 00:29:42
TXN202600003898,ACC105191,4146.98,DEPOSIT,2026-02-02 00:08:27
TXN202600003899,ACC102788,1253.22,DEPOSIT,2026-03-02 01:33:26
TXN202600003900,ACC107886,1280.98,WITHDRAWAL,2026-06-28 04:53:18
TXN202600003901,ACC102600,606.90,WITHDRAWAL,2026-09-05 06:07:30
TXN202600003902,ACC108404,2534.85,DEPOSIT,2026-11-19 21:12:20
TXN202600003903,ACC104721,795.76,WITHDRAWAL,2026-06-27 22:55:03
TXN202600003904,ACC102769,160.96,WITHDRAWAL,2026-08-03 20:16:59
TXN202600003905,ACC107716,1344.81,WITHDRAWAL,2026-09-15 13:45:16
TXN202600003906,ACC102615,1109.17,WITHDRAWAL,2026-02-07 12:25:06
TXN202600003907,ACC104105,2930.91,DEPOSIT,2026-12-27 14:03:44
TXN202600003908,ACC100607,718.51,DEPOSIT,2026-01-02 12:42:44
TXN202600003909,ACC108777,3008.59,DEPOSIT,2026-04-14 04:43:27
TXN202600003910,ACC100325,913.64,DEPOSIT,2026-04-16 17:43:44
TXN202600003911,ACC105495,879.91,WITHDRAWAL,2026-01-07 22:59:50
TXN202600003912,ACC108846,1522.49,DEPOSIT,2026-05-26 07:36:16
TXN202600003913,ACC100058,660.87,WITHDRAWAL,2026-12-02 14:22:33
TXN202600003914,ACC109974,1972.44,DEPOSIT,2026-12-02 12:44:41
TXN202600003915,ACC100713,1048.41,DEPOSIT,2026-02-04 06:08:49
TXN202600003916,ACC103767,2762.67,DEPOSIT,2026-02-12 09:00:59
TXN202600003917,ACC104432,2288.64,DEPOSIT,2026-09-22 08:38:39
TXN202600003918,ACC109269,1397.76,DEPOSIT,2026-08-04 22:23:58
TXN202600003919,ACC109712,321.37,WITHDRAWAL,2026-05-07 16:15:03
TXN202600003920,ACC103909,1878.09,WITHDRAWAL,2026-10-17 00:47:44
TXN202600003921,ACC100436,2214.19,DEPOSIT,2026-08-03 07:55:39
TXN202600003922,ACC107244,605.45,WITHDRAWAL,2026-03-12 17:35:34
TXN202600003923,ACC107646,2185.46,DEPOSIT,2026-03-16 23:22:53
TXN202600003924,ACC106596,2286.03,DEPOSIT,2026-04-23 05:01:32
TXN202600003925,ACC104785,1355.99,DEPOSIT,2026-11-24 22:54:44
TXN202600003926,ACC101338,4146.92,DEPOSIT,2026-05-06 20:48:57
TXN202600003927,ACC102392,1429.48,DEPOSIT,2026-05-05 16:42:56
TXN202600003928,ACC104580,2405.73,DEPOSIT,2026-03-07 00:05:56
TXN202600003929,ACC104788,4876.51,DEPOSIT,2026-02-20 22:19:52
TXN202600003930,ACC106446,207.38,REVERSAL,2026-08-14 21:54:08
TXN202600003931,ACC105811,1586.05,WITHDRAWAL,2026-06-01 05:32:41
TXN202600003932,ACC100693,1645.06,DEPOSIT,2026-09-23 23:27:38
TXN202600003933,ACC106252,357.80,REVERSAL,2026-04-05 12:26:41
TXN202600003934,ACC106059,252.93,WITHDRAWAL,2026-10-11 20:46:22
TXN202600003935,ACC107304,4466.53,DEPOSIT,2026-07-23 05:03:09
TXN202600003936,ACC109226,2055.16,WITHDRAWAL,2026-04-11 15:52:36
TXN202600003937,ACC108204,233.29,WITHDRAWAL,2026-11-17 14:48:32
TXN202600003938,ACC103588,1517.13,WITHDRAWAL,2026-12-20 22:54:05
TXN202600003939,ACC109042,3228.62,DEPOSIT,2026-03-26 12:18:53
TXN202600003940,ACC104839,681.70,DEPOSIT,2026-08-25 17:14:39
TXN202600003941,ACC104070,4493.97,DEPOSIT,2026-11-13 05:17:16
TXN202600003942,ACC100751,4337.99,DEPOSIT,2026-04-15 07:45:38
TXN202600003943,ACC100301,2562.79,DEPOSIT,2026-02-08 01:59:38
TXN202600003944,ACC102484,4548.62,DEPOSIT,2026-03-11 22:06:12
TXN202600003945,ACC103856,2952.93,DEPOSIT,2026-03-03 04:56:07
TXN202600003946,ACC106148,214.35,WITHDRAWAL,2026-07-06 15:42:24
TXN202600003947,ACC107318,3153.47,DEPOSIT,2026-09-09 10:48:02
TXN202600003948,ACC105434,1517.52,WITHDRAWAL,2026-03-17 03:51:55
TXN202600003949,ACC108992,1262.32,WITHDRAWAL,2026-05-05 23:11:08
TXN202600003950,ACC106316,3017.29,DEPOSIT,2026-12-01 21:44:28
TXN202600003951,ACC109551,1275.42,WITHDRAWAL,2026-04-15 09:18:44
TXN202600003952,ACC103170,1630.65,WITHDRAWAL,2026-07-01 05:02:10
TXN202600003953,ACC100657,4550.74,DEPOSIT,2026-02-02 12:10:55
TXN202600003954,ACC103075,4265.98,DEPOSIT,2026-10-15 06:16:28
TXN202600003955,ACC100090,595.49,DEPOSIT,2026-02-17 18:01:32
TXN202600003956,ACC107483,604.17,REVERSAL,2026-09-21 21:14:22
TXN202600003957,ACC101614,908.38,DEPOSIT,2026-11-05 05:45:11
TXN202600003958,ACC109576,1371.96,DEPOSIT,2026-01-25 07:44:19
TXN202600003959,ACC107642,2578.35,DEPOSIT,2026-08-10 18:33:48
TXN202600003960,ACC108275,415.90,WITHDRAWAL,2026-05-04 21:11:22
TXN202600003961,ACC106483,629.20,DEPOSIT,2026-05-11 04:29:55
TXN202600003962,ACC102090,3759.32,DEPOSIT,2026-01-08 14:36:02
TXN202600003963,ACC100807,1240.25,WITHDRAWAL,2026-06-05 01:37:43
TXN202600003964,ACC102442,1765.12,WITHDRAWAL,2026-04-23 01:44:17
TXN202600003965,ACC102752,902.71,DEPOSIT,2026-09-07 05:17:52
TXN202600003966,ACC104538,3321.40,DEPOSIT,2026-05-07 20:04:25
TXN202600003967,ACC103961,1494.21,WITHDRAWAL,2026-12-19 17:08:01
TXN202600003968,ACC107892,1393.00,WITHDRAWAL,2026-02-20 14:18:00
TXN202600003969,ACC104359,2991.33,DEPOSIT,2026-08-09 23:22:04
TXN202600003970,ACC109789,627.67,WITHDRAWAL,2026-05-12 13:15:38
TXN202600003971,ACC107737,798.97,WITHDRAWAL,2026-10-18 20:30:37
TXN202600003972,ACC106709,868.16,REVERSAL,2026-04-17 05:08:53
TXN202600003973,ACC103083,1248.98,WITHDRAWAL,2026-08-02 18:25:17
TXN202600003974,ACC103993,3014.74,DEPOSIT,2026-04-06 14:20:00
TXN202600003975,ACC108724,1684.30,WITHDRAWAL,2026-03-14 17:53:17
TXN202600003976,ACC104548,3429.00,DEPOSIT,2026-10-25 01:35:21
TXN202600003977,ACC102161,2277.96,DEPOSIT,2026-08-11 09:37:02
TXN202600003978,ACC108357,1901.02,DEPOSIT,2026-02-18 06:20:45
TXN202600003979,ACC108441,592.16,DEPOSIT,2026-01-11 08:25:41
TXN202600003980,ACC107130,1125.76,WITHDRAWAL,2026-01-03 12:29:10
TXN202600003981,ACC104736,2073.06,DEPOSIT,2026-08-11 10:04:01
TXN202600003982,ACC106603,3933.34,DEPOSIT,2026-11-16 21:48:29
TXN202600003983,ACC109608,1957.35,DEPOSIT,2026-07-12 16:49:56
TXN202600003984,ACC102642,236.86,REVERSAL,2026-02-14 05:47:29
TXN202600003985,ACC105874,3039.36,DEPOSIT,2026-10-27 01:56:15
TXN202600003986,ACC106887,1850.72,DEPOSIT,2026-01-09 16:26:40
TXN202600003987,ACC102003,1464.68,WITHDRAWAL,2026-09-03 07:02:37
TXN202600003988,ACC103736,2185.71,DEPOSIT,2026-04-27 05:57:08
TXN202600003989,ACC104722,1335.14,DEPOSIT,2026-01-05 08:15:51
TXN202600003990,ACC106230,2750.40,DEPOSIT,2026-01-27 02:24:38
TXN202600003991,ACC106158,1806.16,DEPOSIT,2026-04-28 02:09:58
TXN202600003992,ACC107196,763.47,WITHDRAWAL,2026-05-27 13:06:24
TXN202600003993,ACC106077,904.51,WITHDRAWAL,2026-02-16 17:29:58
TXN202600003994,ACC103321,4252.15,DEPOSIT,2026-10-09 03:34:14
TXN202600003995,ACC103729,1266.86,WITHDRAWAL,2026-11-04 00:55:44
TXN202600003996,ACC105998,180.63,REVERSAL,2026-02-20 17:39:40
TXN202600003997,ACC103651,2776.88,DEPOSIT,2026-01-28 17:31:55
TXN202600003998,ACC104257,1528.01,DEPOSIT,2026-04-26 05:07:46
TXN202600003999,ACC101122,1674.65,DEPOSIT,2026-05-08 03:50:21
TXN202600004000,ACC105424,4560.36,DEPOSIT,2026-01-01 15:42:44
TXN202600004001,ACC103173,836.46,REVERSAL,2026-08-16 23:07:36
TXN202600004002,ACC108355,817.89,WITHDRAWAL,2026-06-16 17:20:25
TXN202600004003,ACC105532,4723.78,DEPOSIT,2026-09-10 22:11:11
TXN202600004004,ACC107353,592.93,REVERSAL,2026-02-27 16:32:19
TXN202600004005,ACC108726,3628.03,DEPOSIT,2026-12-28 03:57:23
TXN202600004006,ACC106179,4956.50,DEPOSIT,2026-12-28 14:42:25
TXN202600004007,ACC104637,345.53,REVERSAL,2026-01-11 16:43:03
TXN202600004008,ACC105102,1788.78,DEPOSIT,2026-11-12 05:58:57
TXN202600004009,ACC107436,1455.93,WITHDRAWAL,2026-01-13 15:53:22
TXN202600004010,ACC107354,4651.93,DEPOSIT,2026-09-21 18:27:16
TXN202600004011,ACC107617,2246.15,DEPOSIT,2026-06-01 07:24:35
TXN202600004012,ACC105305,182.70,WITHDRAWAL,2026-05-03 19:29:05
TXN202600004013,ACC104414,2197.84,DEPOSIT,2026-01-10 00:15:59
TXN202600004014,ACC108562,966.29,DEPOSIT,2026-01-11 06:29:03
TXN202600004015,ACC106954,2473.63,DEPOSIT,2026-11-16 21:34:47
TXN202600004016,ACC106947,1037.61,DEPOSIT,2026-10-09 16:23:11
TXN202600004017,ACC107333,163.10,WITHDRAWAL,2026-05-26 21:45:12
TXN202600004018,ACC106310,1705.64,DEPOSIT,2026-08-05 14:03:41
TXN202600004019,ACC101881,4470.90,DEPOSIT,2026-01-17 06:48:20
TXN202600004020,ACC106363,982.85,WITHDRAWAL,2026-01-11 03:38:50
TXN202600004021,ACC108077,1686.92,DEPOSIT,2026-02-03 22:16:35
TXN202600004022,ACC100420,667.30,DEPOSIT,2026-09-17 14:17:36
TXN202600004023,ACC103683,608.32,WITHDRAWAL,2026-12-21 15:18:03
TXN202600004024,ACC108335,4764.27,DEPOSIT,2026-11-11 23:00:18
TXN202600004025,ACC105331,2937.37,DEPOSIT,2026-01-27 14:33:54
TXN202600004026,ACC106861,3970.66,DEPOSIT,2026-03-02 14:09:40
TXN202600004027,ACC104495,160.43,WITHDRAWAL,2026-04-16 00:30:31
TXN202600004028,ACC100239,1125.96,WITHDRAWAL,2026-01-02 15:27:07
TXN202600004029,ACC100261,2370.45,DEPOSIT,2026-12-18 02:48:52
TXN202600004030,ACC109761,1298.19,WITHDRAWAL,2026-10-17 06:06:17
TXN202600004031,ACC109300,1882.20,DEPOSIT,2026-08-09 02:34:30
TXN202600004032,ACC109519,768.43,REVERSAL,2026-06-24 03:57:00
TXN202600004033,ACC100678,2509.93,DEPOSIT,2026-02-20 23:52:05
TXN202600004034,ACC107284,4893.15,DEPOSIT,2026-11-10 10:30:33
TXN202600004035,ACC105437,483.00,WITHDRAWAL,2026-02-10 18:53:12
TXN202600004036,ACC104515,432.16,WITHDRAWAL,2026-09-01 17:39:21
TXN202600004037,ACC105097,140.89,WITHDRAWAL,2026-02-05 23:51:26
TXN202600004038,ACC108333,1733.26,WITHDRAWAL,2026-11-01 22:37:31
TXN202600004039,ACC100134,1640.02,DEPOSIT,2026-08-17 04:43:11
TXN202600004040,ACC103138,2260.16,DEPOSIT,2026-09-12 13:54:01
TXN202600004041,ACC103859,228.79,WITHDRAWAL,2026-04-05 04:49:46
TXN202600004042,ACC100100,1554.21,WITHDRAWAL,2026-04-28 18:13:17
TXN202600004043,ACC106014,4343.15,DEPOSIT,2026-11-27 00:31:35
TXN202600004044,ACC108037,1841.36,WITHDRAWAL,2026-07-08 01:19:55
TXN202600004045,ACC103276,632.58,DEPOSIT,2026-09-04 10:49:50
TXN202600004046,ACC107985,1115.34,DEPOSIT,2026-11-01 00:10:54
TXN202600004047,ACC100885,3414.62,DEPOSIT,2026-12-13 07:12:08
TXN202600004048,ACC102711,3458.17,DEPOSIT,2026-11-20 21:44:24
TXN202600004049,ACC105212,2215.41,DEPOSIT,2026-07-16 09:21:37
TXN202600004050,ACC103922,1201.68,DEPOSIT,2026-03-05 01:17:36
TXN202600004051,ACC100204,252.86,WITHDRAWAL,2026-02-03 22:27:50
TXN202600004052,ACC106516,1293.70,DEPOSIT,2026-03-24 07:02:03
TXN202600004053,ACC106639,608.55,WITHDRAWAL,2026-10-11 00:29:00
TXN202600004054,ACC101027,1752.40,WITHDRAWAL,2026-12-09 03:34:43
TXN202600004055,ACC106634,1540.81,DEPOSIT,2026-09-03 02:41:51
TXN202600004056,ACC106492,1462.80,DEPOSIT,2026-06-04 03:56:16
TXN202600004057,ACC109267,4403.43,DEPOSIT,2026-07-24 19:20:43
TXN202600004058,ACC107572,155.66,WITHDRAWAL,2026-07-18 21:19:19
TXN202600004059,ACC106579,651.87,DEPOSIT,2026-05-04 18:58:29
TXN202600004060,ACC100783,198.67,REVERSAL,2026-05-21 21:18:29
TXN202600004061,ACC103270,1639.01,WITHDRAWAL,2026-09-03 05:20:45
TXN202600004062,ACC102152,800.06,REVERSAL,2026-08-22 00:37:09
TXN202600004063,ACC102576,406.83,REVERSAL,2026-07-09 16:38:15
TXN202600004064,ACC109504,4006.79,DEPOSIT,2026-09-16 09:17:52
TXN202600004065,ACC100331,4964.02,DEPOSIT,2026-03-11 22:44:23
TXN202600004066,ACC107682,1389.18,DEPOSIT,2026-03-15 15:35:39
TXN202600004067,ACC105499,4777.49,DEPOSIT,2026-06-26 07:49:39
TXN202600004068,ACC101939,2471.69,DEPOSIT,2026-06-09 09:35:34
TXN202600004069,ACC100291,3738.86,DEPOSIT,2026-11-20 15:45:17
TXN202600004070,ACC100184,3008.89,DEPOSIT,2026-02-01 15:48:23
TXN202600004071,ACC107281,1008.66,DEPOSIT,2026-11-27 05:20:54
TXN202600004072,ACC103824,2725.07,DEPOSIT,2026-05-17 15:21:08
TXN202600004073,ACC106326,1213.97,DEPOSIT,2026-01-23 00:59:47
TXN202600004074,ACC100546,1318.55,DEPOSIT,2026-02-05 08:56:31
TXN202600004075,ACC103008,4805.01,DEPOSIT,2026-01-17 02:04:54
TXN202600004076,ACC103920,2070.78,DEPOSIT,2026-07-13 14:50:09
TXN202600004077,ACC100489,4452.29,DEPOSIT,2026-08-27 16:11:45
TXN202600004078,ACC108745,2008.14,WITHDRAWAL,2026-05-13 02:31:31
TXN202600004079,ACC104217,2111.18,DEPOSIT,2026-09-10 07:23:07
TXN202600004080,ACC100957,503.41,DEPOSIT,2026-11-13 12:07:26
TXN202600004081,ACC107046,664.34,DEPOSIT,2026-11-12 12:48:47
TXN202600004082,ACC102233,954.52,DEPOSIT,2026-09-08 16:46:49
TXN202600004083,ACC102397,3428.30,DEPOSIT,2026-11-09 08:51:19
TXN202600004084,ACC103988,3755.71,DEPOSIT,2026-11-22 19:31:16
TXN202600004085,ACC105449,2998.47,DEPOSIT,2026-08-25 06:24:17
TXN202600004086,ACC103249,1348.66,DEPOSIT,2026-06-17 08:55:15
TXN202600004087,ACC108353,1948.69,DEPOSIT,2026-02-21 02:40:53
TXN202600004088,ACC106163,434.79,REVERSAL,2026-03-22 11:58:49
TXN202600004089,ACC103215,2784.54,DEPOSIT,2026-04-27 23:34:04
TXN202600004090,ACC103072,1087.53,WITHDRAWAL,2026-07-05 08:50:32
TXN202600004091,ACC102219,2330.46,DEPOSIT,2026-04-09 13:56:25
TXN202600004092,ACC103501,1435.16,DEPOSIT,2026-11-25 09:23:43
TXN202600004093,ACC106791,3661.94,DEPOSIT,2026-09-13 05:43:30
TXN202600004094,ACC104328,3356.51,DEPOSIT,2026-10-07 02:40:51
TXN202600004095,ACC104404,288.59,REVERSAL,2026-11-22 18:16:46
TXN202600004096,ACC102306,182.73,REVERSAL,2026-05-18 02:28:31
TXN202600004097,ACC102434,1508.89,WITHDRAWAL,2026-02-03 06:54:54
TXN202600004098,ACC101500,3919.72,DEPOSIT,2026-07-08 16:41:46
TXN202600004099,ACC105334,1517.70,WITHDRAWAL,2026-08-22 06:57:49
TXN202600004100,ACC108729,4629.30,DEPOSIT,2026-09-25 16:42:18
TXN202600004101,ACC105412,1916.08,DEPOSIT,2026-02-26 10:34:41
TXN202600004102,ACC106770,4079.04,DEPOSIT,2026-01-21 01:47:04
TXN202600004103,ACC108877,1134.04,WITHDRAWAL,2026-11-25 21:34:04
TXN202600004104,ACC102329,2682.88,DEPOSIT,2026-11-24 19:50:35
TXN202600004105,ACC106467,4365.19,DEPOSIT,2026-05-19 04:57:09
TXN202600004106,ACC108755,567.19,WITHDRAWAL,2026-12-13 10:42:35
TXN202600004107,ACC108615,720.93,DEPOSIT,2026-04-11 22:46:16
TXN202600004108,ACC101977,1254.28,DEPOSIT,2026-04-24 09:41:19
TXN202600004109,ACC109589,2613.68,DEPOSIT,2026-05-01 17:32:33
TXN202600004110,ACC103352,1516.24,WITHDRAWAL,2026-03-17 04:36:14
TXN202600004111,ACC109958,124.54,WITHDRAWAL,2026-03-27 05:08:26
TXN202600004112,ACC104885,966.63,WITHDRAWAL,2026-08-11 15:41:07
TXN202600004113,ACC106131,4719.02,DEPOSIT,2026-10-17 15:07:14
TXN202600004114,ACC100413,1137.59,DEPOSIT,2026-02-07 04:28:03
TXN202600004115,ACC105274,1283.46,DEPOSIT,2026-01-07 12:28:10
TXN202600004116,ACC109321,4022.96,DEPOSIT,2026-12-01 05:11:41
TXN202600004117,ACC101514,3257.77,DEPOSIT,2026-09-10 07:11:03
TXN202600004118,ACC106080,1265.99,WITHDRAWAL,2026-01-12 22:28:53
TXN202600004119,ACC107225,527.65,DEPOSIT,2026-12-07 00:04:38
TXN202600004120,ACC109749,649.83,REVERSAL,2026-05-25 21:38:46
TXN202600004121,ACC101702,1774.65,DEPOSIT,2026-04-28 03:11:14
TXN202600004122,ACC107232,4781.75,DEPOSIT,2026-07-23 00:05:55
TXN202600004123,ACC105721,3717.34,DEPOSIT,2026-11-25 18:58:40
TXN202600004124,ACC101656,1715.76,WITHDRAWAL,2026-07-23 11:42:49
TXN202600004125,ACC109798,1951.99,WITHDRAWAL,2026-12-10 00:09:53
TXN202600004126,ACC104287,4093.05,DEPOSIT,2026-03-02 21:47:39
TXN202600004127,ACC109746,1885.43,DEPOSIT,2026-11-11 03:23:07
TXN202600004128,ACC106631,4066.93,DEPOSIT,2026-07-20 06:16:57
TXN202600004129,ACC106109,837.88,REVERSAL,2026-12-02 05:32:45
TXN202600004130,ACC107362,4374.77,DEPOSIT,2026-10-04 23:39:51
TXN202600004131,ACC108974,2687.40,DEPOSIT,2026-06-10 22:35:50
TXN202600004132,ACC101510,3558.55,DEPOSIT,2026-05-03 21:18:23
TXN202600004133,ACC103805,4475.23,DEPOSIT,2026-09-13 01:02:57
TXN202600004134,ACC103133,3365.43,DEPOSIT,2026-11-27 11:06:03
TXN202600004135,ACC109322,769.66,WITHDRAWAL,2026-11-15 09:45:24
TXN202600004136,ACC106539,1743.00,DEPOSIT,2026-02-12 19:14:50
TXN202600004137,ACC103483,4854.32,DEPOSIT,2026-08-22 08:01:11
TXN202600004138,ACC108105,2463.33,DEPOSIT,2026-05-09 00:33:28
TXN202600004139,ACC104948,2075.82,WITHDRAWAL,2026-07-17 04:13:33
TXN202600004140,ACC102368,463.42,WITHDRAWAL,2026-02-08 11:53:28
TXN202600004141,ACC100784,2029.90,DEPOSIT,2026-05-05 14:51:33
TXN202600004142,ACC105504,2239.74,DEPOSIT,2026-04-13 08:05:06
TXN202600004143,ACC102668,3575.88,DEPOSIT,2026-02-04 16:13:02
TXN202600004144,ACC105855,599.53,WITHDRAWAL,2026-10-02 12:21:47
TXN202600004145,ACC103667,2028.08,WITHDRAWAL,2026-03-13 10:52:49
TXN202600004146,ACC106637,1397.82,WITHDRAWAL,2026-08-24 13:30:43
TXN202600004147,ACC108053,4544.00,DEPOSIT,2026-11-18 17:18:24
TXN202600004148,ACC107780,3850.34,DEPOSIT,2026-07-14 05:28:01
TXN202600004149,ACC107425,1601.34,WITHDRAWAL,2026-05-16 04:16:38
TXN202600004150,ACC107038,3614.71,DEPOSIT,2026-07-10 12:29:17
TXN202600004151,ACC108403,1201.99,WITHDRAWAL,2026-11-25 12:02:42
TXN202600004152,ACC106800,524.54,REVERSAL,2026-01-09 01:56:22
TXN202600004153,ACC101912,4744.52,DEPOSIT,2026-02-20 07:23:00
TXN202600004154,ACC108372,4184.73,DEPOSIT,2026-06-08 13:52:03
TXN202600004155,ACC100364,3157.02,DEPOSIT,2026-06-05 01:29:54
TXN202600004156,ACC105715,4594.75,DEPOSIT,2026-09-21 12:56:30
TXN202600004157,ACC100245,835.58,WITHDRAWAL,2026-09-17 15:59:08
TXN202600004158,ACC103135,1748.40,DEPOSIT,2026-04-17 01:14:56
TXN202600004159,ACC105529,3500.30,DEPOSIT,2026-04-28 09:55:31
TXN202600004160,ACC100750,911.70,DEPOSIT,2026-10-20 20:15:12
TXN202600004161,ACC104187,1022.17,DEPOSIT,2026-01-03 11:09:12
TXN202600004162,ACC108244,1468.43,DEPOSIT,2026-02-15 18:45:50
TXN202600004163,ACC108627,4795.63,DEPOSIT,2026-05-06 16:22:13
TXN202600004164,ACC101961,612.66,DEPOSIT,2026-11-22 09:25:47
TXN202600004165,ACC108236,1129.13,WITHDRAWAL,2026-09-19 12:05:42
TXN202600004166,ACC109096,949.63,WITHDRAWAL,2026-09-16 14:37:55
TXN202600004167,ACC104504,1390.75,WITHDRAWAL,2026-12-05 04:53:07
TXN202600004168,ACC104472,3742.65,DEPOSIT,2026-07-28 04:31:20
TXN202600004169,ACC102927,733.01,DEPOSIT,2026-09-10 19:25:14
TXN202600004170,ACC105283,739.58,WITHDRAWAL,2026-02-11 03:04:31
TXN202600004171,ACC105061,822.24,DEPOSIT,2026-03-16 12:05:51
TXN202600004172,ACC107189,2669.97,DEPOSIT,2026-07-18 03:55:05
TXN202600004173,ACC104170,1770.19,DEPOSIT,2026-03-15 15:46:15
TXN202600004174,ACC102464,4265.83,DEPOSIT,2026-05-27 12:22:44
TXN202600004175,ACC106012,4640.98,DEPOSIT,2026-09-17 17:43:02
TXN202600004176,ACC101227,4925.30,DEPOSIT,2026-07-02 03:55:39
TXN202600004177,ACC100743,1316.35,WITHDRAWAL,2026-03-15 04:21:25
TXN202600004178,ACC108393,529.90,DEPOSIT,2026-12-16 10:00:12
TXN202600004179,ACC100749,2799.10,DEPOSIT,2026-02-12 00:53:17
TXN202600004180,ACC102342,824.23,DEPOSIT,2026-04-15 12:48:53
TXN202600004181,ACC104128,597.26,WITHDRAWAL,2026-11-09 04:09:41
TXN202600004182,ACC104173,3919.33,DEPOSIT,2026-08-11 19:14:26
TXN202600004183,ACC106446,3505.04,DEPOSIT,2026-06-15 13:53:04
TXN202600004184,ACC100406,880.29,WITHDRAWAL,2026-07-26 16:09:02
TXN202600004185,ACC102517,3425.81,DEPOSIT,2026-07-25 10:03:12
TXN202600004186,ACC107420,1139.38,DEPOSIT,2026-05-08 07:11:49
TXN202600004187,ACC109060,690.48,WITHDRAWAL,2026-10-10 17:46:42
TXN202600004188,ACC102299,1692.58,DEPOSIT,2026-08-17 04:03:30
TXN202600004189,ACC101842,793.67,DEPOSIT,2026-05-14 17:55:07
TXN202600004190,ACC102919,2743.63,DEPOSIT,2026-01-15 05:37:39
TXN202600004191,ACC102713,2226.10,DEPOSIT,2026-01-14 21:20:18
TXN202600004192,ACC101208,4922.51,DEPOSIT,2026-07-12 05:32:34
TXN202600004193,ACC100651,160.69,WITHDRAWAL,2026-05-14 17:22:05
TXN202600004194,ACC105602,2114.40,DEPOSIT,2026-08-01 17:27:26
TXN202600004195,ACC103942,1730.46,WITHDRAWAL,2026-04-15 20:05:15
TXN202600004196,ACC100801,2699.17,DEPOSIT,2026-07-02 19:30:15
TXN202600004197,ACC107363,552.23,DEPOSIT,2026-05-10 02:31:36
TXN202600004198,ACC108483,3653.38,DEPOSIT,2026-10-05 01:13:22
TXN202600004199,ACC106247,138.30,WITHDRAWAL,2026-10-23 12:14:17
TXN202600004200,ACC103406,3989.46,DEPOSIT,2026-05-06 01:42:30
TXN202600004201,ACC100173,2990.21,DEPOSIT,2026-05-17 06:48:13
TXN202600004202,ACC105665,115.47,WITHDRAWAL,2026-03-05 19:07:00
TXN202600004203,ACC104348,558.19,WITHDRAWAL,2026-12-15 13:38:17
TXN202600004204,ACC107592,3725.78,DEPOSIT,2026-09-04 18:32:58
TXN202600004205,ACC109267,4384.63,DEPOSIT,2026-04-27 03:29:28
TXN202600004206,ACC105784,680.88,DEPOSIT,2026-01-04 08:59:20
TXN202600004207,ACC100404,4283.11,DEPOSIT,2026-09-10 16:07:32
TXN202600004208,ACC104873,1867.26,WITHDRAWAL,2026-09-27 05:35:51
TXN202600004209,ACC107709,4538.98,DEPOSIT,2026-10-28 06:40:06
TXN202600004210,ACC102065,1185.17,WITHDRAWAL,2026-01-28 04:38:03
TXN202600004211,ACC109714,365.27,WITHDRAWAL,2026-06-27 08:14:08
TXN202600004212,ACC103134,4714.52,DEPOSIT,2026-02-14 02:10:48
TXN202600004213,ACC100006,1444.22,WITHDRAWAL,2026-12-07 00:37:57
TXN202600004214,ACC106268,1300.03,DEPOSIT,2026-02-03 19:04:17
TXN202600004215,ACC104281,938.55,WITHDRAWAL,2026-02-18 12:45:57
TXN202600004216,ACC106374,1167.35,WITHDRAWAL,2026-10-17 18:19:02
TXN202600004217,ACC102605,3720.14,DEPOSIT,2026-02-09 13:41:59
TXN202600004218,ACC102392,4276.80,DEPOSIT,2026-11-07 13:38:00
TXN202600004219,ACC109441,2906.28,DEPOSIT,2026-07-02 11:40:21
TXN202600004220,ACC100417,720.62,WITHDRAWAL,2026-05-10 02:29:03
TXN202600004221,ACC104591,712.41,WITHDRAWAL,2026-03-05 23:59:11
TXN202600004222,ACC109159,1079.72,DEPOSIT,2026-01-12 02:49:23
TXN202600004223,ACC108578,2358.05,DEPOSIT,2026-03-15 22:58:56
TXN202600004224,ACC104323,493.69,REVERSAL,2026-06-22 08:51:51
TXN202600004225,ACC105471,2244.88,DEPOSIT,2026-11-11 15:49:18
TXN202600004226,ACC109692,1426.47,DEPOSIT,2026-11-14 14:21:08
TXN202600004227,ACC102997,2405.65,DEPOSIT,2026-08-16 09:03:16
TXN202600004228,ACC108096,297.58,WITHDRAWAL,2026-08-03 12:25:02
TXN202600004229,ACC106624,4310.09,DEPOSIT,2026-03-12 04:53:34
TXN202600004230,ACC103022,931.93,WITHDRAWAL,2026-11-21 13:24:13
TXN202600004231,ACC107672,727.16,DEPOSIT,2026-12-02 10:33:53
TXN202600004232,ACC104527,4629.18,DEPOSIT,2026-09-01 08:56:47
TXN202600004233,ACC104807,1173.75,DEPOSIT,2026-12-22 09:46:02
TXN202600004234,ACC107844,886.13,DEPOSIT,2026-03-14 07:55:18
TXN202600004235,ACC101208,2561.57,DEPOSIT,2026-09-13 15:56:17
TXN202600004236,ACC103577,3476.19,DEPOSIT,2026-08-11 08:22:14
TXN202600004237,ACC103707,479.49,WITHDRAWAL,2026-12-09 11:26:59
TXN202600004238,ACC103752,3363.86,DEPOSIT,2026-01-09 05:29:33
TXN202600004239,ACC109814,2651.00,DEPOSIT,2026-09-08 04:00:29
TXN202600004240,ACC108601,3395.84,DEPOSIT,2026-12-05 18:41:22
TXN202600004241,ACC103526,1235.90,WITHDRAWAL,2026-03-02 00:15:47
TXN202600004242,ACC103302,3689.64,DEPOSIT,2026-01-15 18:40:04
TXN202600004243,ACC102324,3073.71,DEPOSIT,2026-10-02 18:27:10
TXN202600004244,ACC105900,951.64,DEPOSIT,2026-06-21 14:10:03
TXN202600004245,ACC102772,2529.89,DEPOSIT,2026-11-16 08:08:42
TXN202600004246,ACC103019,1951.32,DEPOSIT,2026-11-14 11:09:06
TXN202600004247,ACC104966,2196.12,DEPOSIT,2026-07-16 09:54:32
TXN202600004248,ACC103328,3371.13,DEPOSIT,2026-07-16 23:28:33
TXN202600004249,ACC106928,3133.22,DEPOSIT,2026-12-15 15:39:04
TXN202600004250,ACC104728,1369.94,DEPOSIT,2026-06-06 15:53:17
TXN202600004251,ACC100804,2845.25,DEPOSIT,2026-09-07 14:55:02
TXN202600004252,ACC108597,2144.85,DEPOSIT,2026-11-04 07:44:39
TXN202600004253,ACC100683,592.65,DEPOSIT,2026-08-03 01:06:00
TXN202600004254,ACC101455,1509.91,DEPOSIT,2026-05-28 23:16:21
TXN202600004255,ACC104260,1129.98,WITHDRAWAL,2026-02-21 21:45:28
TXN202600004256,ACC104832,1155.14,WITHDRAWAL,2026-02-25 14:28:00
TXN202600004257,ACC102102,1317.19,WITHDRAWAL,2026-11-23 12:59:43
TXN202600004258,ACC106466,4343.97,DEPOSIT,2026-09-06 06:32:31
TXN202600004259,ACC107042,1430.64,WITHDRAWAL,2026-01-08 16:45:31
TXN202600004260,ACC103525,4483.75,DEPOSIT,2026-03-17 04:26:25
TXN202600004261,ACC103701,2141.87,DEPOSIT,2026-04-12 01:37:57
TXN202600004262,ACC103385,887.82,WITHDRAWAL,2026-12-08 10:32:31
TXN202600004263,ACC103113,1128.85,DEPOSIT,2026-11-20 13:28:48
TXN202600004264,ACC101178,1717.05,WITHDRAWAL,2026-07-01 02:04:36
TXN202600004265,ACC108492,2136.94,DEPOSIT,2026-09-17 19:31:30
TXN202600004266,ACC109066,3739.44,DEPOSIT,2026-07-14 16:34:02
TXN202600004267,ACC102153,2812.15,DEPOSIT,2026-03-24 04:56:16
TXN202600004268,ACC102121,684.54,DEPOSIT,2026-01-28 04:27:58
TXN202600004269,ACC105539,4663.72,DEPOSIT,2026-11-10 22:54:58
TXN202600004270,ACC103808,798.14,REVERSAL,2026-12-09 19:54:24
TXN202600004271,ACC101104,2185.77,DEPOSIT,2026-10-25 21:58:44
TXN202600004272,ACC101788,2197.95,DEPOSIT,2026-05-01 10:09:49
TXN202600004273,ACC105075,2688.04,DEPOSIT,2026-03-06 17:45:05
TXN202600004274,ACC107478,2805.89,DEPOSIT,2026-09-04 06:43:10
TXN202600004275,ACC105283,4208.87,DEPOSIT,2026-07-16 14:34:38
TXN202600004276,ACC101376,201.62,WITHDRAWAL,2026-08-06 09:01:46
TXN202600004277,ACC106728,3691.46,DEPOSIT,2026-01-27 19:34:15
TXN202600004278,ACC109771,3390.69,DEPOSIT,2026-11-09 20:51:16
TXN202600004279,ACC103412,626.26,DEPOSIT,2026-08-07 03:00:54
TXN202600004280,ACC109124,2623.91,DEPOSIT,2026-01-21 06:07:52
TXN202600004281,ACC107471,248.39,WITHDRAWAL,2026-05-23 09:52:17
TXN202600004282,ACC106541,1290.15,WITHDRAWAL,2026-03-07 15:41:48
TXN202600004283,ACC100203,1792.10,DEPOSIT,2026-11-08 03:31:14
TXN202600004284,ACC101048,856.17,DEPOSIT,2026-07-07 03:38:18
TXN202600004285,ACC103206,944.29,WITHDRAWAL,2026-08-10 22:35:09
TXN202600004286,ACC105951,1360.92,WITHDRAWAL,2026-04-07 13:52:49
TXN202600004287,ACC101567,2640.55,DEPOSIT,2026-02-26 09:13:19
TXN202600004288,ACC104624,1032.92,WITHDRAWAL,2026-12-21 15:59:25
TXN202600004289,ACC103201,3535.06,DEPOSIT,2026-10-16 17:17:13
TXN202600004290,ACC102421,3382.33,DEPOSIT,2026-02-09 04:06:40
TXN202600004291,ACC103307,874.67,DEPOSIT,2026-10-09 16:00:09
TXN202600004292,ACC105808,1377.64,WITHDRAWAL,2026-11-01 02:13:31
TXN202600004293,ACC103121,1571.73,DEPOSIT,2026-11-26 11:25:09
TXN202600004294,ACC100324,689.06,DEPOSIT,2026-08-22 23:55:10
TXN202600004295,ACC105308,625.59,REVERSAL,2026-11-15 14:17:53
TXN202600004296,ACC108031,309.33,REVERSAL,2026-06-23 06:33:57
TXN202600004297,ACC109420,2410.17,DEPOSIT,2026-09-22 13:40:08
TXN202600004298,ACC109701,608.73,DEPOSIT,2026-02-05 06:26:39
TXN202600004299,ACC106063,1794.15,WITHDRAWAL,2026-01-23 01:16:42
TXN202600004300,ACC105143,3207.25,DEPOSIT,2026-12-01 15:42:49
TXN202600004301,ACC100906,3005.04,DEPOSIT,2026-08-24 05:58:26
TXN202600004302,ACC105056,1610.52,WITHDRAWAL,2026-04-03 18:12:40
TXN202600004303,ACC109012,2422.17,DEPOSIT,2026-08-07 21:25:22
TXN202600004304,ACC102865,948.03,REVERSAL,2026-08-17 20:43:20
TXN202600004305,ACC102915,746.31,WITHDRAWAL,2026-02-17 09:34:36
TXN202600004306,ACC109187,492.48,WITHDRAWAL,2026-12-05 21:05:26
TXN202600004307,ACC108431,4203.65,DEPOSIT,2026-01-27 11:18:30
TXN202600004308,ACC101114,2228.28,DEPOSIT,2026-11-08 11:13:56
TXN202600004309,ACC100947,2043.23,DEPOSIT,2026-06-12 02:31:53
TXN202600004310,ACC106810,4974.66,DEPOSIT,2026-11-06 06:29:32
TXN202600004311,ACC109027,966.41,WITHDRAWAL,2026-10-05 18:15:27
TXN202600004312,ACC109122,430.23,REVERSAL,2026-02-11 08:00:39
TXN202600004313,ACC108760,1805.85,WITHDRAWAL,2026-04-13 11:15:03
TXN202600004314,ACC101478,2914.87,DEPOSIT,2026-01-08 11:48:32
TXN202600004315,ACC106632,598.04,WITHDRAWAL,2026-09-01 10:48:29
TXN202600004316,ACC104857,349.52,WITHDRAWAL,2026-09-19 13:30:42
TXN202600004317,ACC101985,4549.95,DEPOSIT,2026-02-08 15:24:27
TXN202600004318,ACC109656,3336.08,DEPOSIT,2026-07-21 04:40:22
TXN202600004319,ACC109636,676.04,REVERSAL,2026-02-16 04:51:32
TXN202600004320,ACC106034,147.34,WITHDRAWAL,2026-08-02 11:21:02
TXN202600004321,ACC100894,2416.99,DEPOSIT,2026-04-24 14:14:16
TXN202600004322,ACC108724,2508.50,DEPOSIT,2026-07-20 14:45:07
TXN202600004323,ACC100626,604.58,WITHDRAWAL,2026-12-02 02:16:33
TXN202600004324,ACC104801,1939.07,WITHDRAWAL,2026-01-17 07:55:45
TXN202600004325,ACC100836,1263.74,DEPOSIT,2026-09-22 23:44:01
TXN202600004326,ACC102128,1911.17,DEPOSIT,2026-12-15 05:31:39
TXN202600004327,ACC106192,3052.27,DEPOSIT,2026-07-02 20:39:17
TXN202600004328,ACC107519,1156.20,DEPOSIT,2026-03-25 21:41:17
TXN202600004329,ACC105655,2197.44,DEPOSIT,2026-08-21 23:23:06
TXN202600004330,ACC107795,3557.32,DEPOSIT,2026-10-28 00:01:43
TXN202600004331,ACC106522,4069.10,DEPOSIT,2026-12-10 17:18:22
TXN202600004332,ACC100274,962.03,WITHDRAWAL,2026-05-08 09:59:24
TXN202600004333,ACC106415,1921.46,WITHDRAWAL,2026-03-17 00:48:54
TXN202600004334,ACC107097,812.06,DEPOSIT,2026-10-09 01:54:58
TXN202600004335,ACC103793,2062.18,WITHDRAWAL,2026-02-25 02:05:43
TXN202600004336,ACC101591,4751.99,DEPOSIT,2026-08-19 08:32:06
TXN202600004337,ACC101478,1052.49,WITHDRAWAL,2026-11-18 02:19:23
TXN202600004338,ACC106283,438.93,WITHDRAWAL,2026-11-25 18:24:12
TXN202600004339,ACC104873,2485.89,DEPOSIT,2026-03-11 02:47:43
TXN202600004340,ACC106794,2474.96,DEPOSIT,2026-04-11 11:31:42
TXN202600004341,ACC100246,2077.67,DEPOSIT,2026-01-19 13:44:04
TXN202600004342,ACC105929,562.20,WITHDRAWAL,2026-11-03 08:19:06
TXN202600004343,ACC101028,1099.49,DEPOSIT,2026-05-24 08:23:14
TXN202600004344,ACC105370,4205.58,DEPOSIT,2026-11-26 20:23:21
TXN202600004345,ACC107613,463.75,WITHDRAWAL,2026-02-01 20:18:53
TXN202600004346,ACC100146,4345.00,DEPOSIT,2026-01-24 19:04:38
TXN202600004347,ACC105289,592.23,DEPOSIT,2026-01-10 02:26:55
TXN202600004348,ACC107032,394.55,WITHDRAWAL,2026-08-13 06:48:41
TXN202600004349,ACC108698,1220.89,DEPOSIT,2026-11-28 04:53:06
TXN202600004350,ACC106488,4301.15,DEPOSIT,2026-10-19 20:20:33
TXN202600004351,ACC105329,1904.71,DEPOSIT,2026-10-22 19:10:48
TXN202600004352,ACC106869,4308.34,DEPOSIT,2026-01-28 01:32:06
TXN202600004353,ACC109726,321.64,WITHDRAWAL,2026-05-26 18:05:56
TXN202600004354,ACC104366,1641.48,DEPOSIT,2026-04-18 05:23:27
TXN202600004355,ACC105014,2326.42,DEPOSIT,2026-02-24 06:58:32
TXN202600004356,ACC100041,1921.01,DEPOSIT,2026-01-15 19:54:59
TXN202600004357,ACC104174,1795.69,WITHDRAWAL,2026-02-24 08:06:53
TXN202600004358,ACC109339,1939.53,WITHDRAWAL,2026-04-15 04:35:57
TXN202600004359,ACC102260,1743.66,DEPOSIT,2026-08-25 17:58:12
TXN202600004360,ACC108120,747.10,WITHDRAWAL,2026-10-05 07:43:13
TXN202600004361,ACC103165,2497.99,DEPOSIT,2026-01-18 08:38:24
TXN202600004362,ACC109014,1702.04,WITHDRAWAL,2026-04-05 15:49:47
TXN202600004363,ACC106138,544.94,DEPOSIT,2026-08-13 18:01:28
TXN202600004364,ACC108892,630.32,REVERSAL,2026-07-08 09:06:11
TXN202600004365,ACC103236,1941.47,WITHDRAWAL,2026-09-28 22:42:03
TXN202600004366,ACC105177,416.12,WITHDRAWAL,2026-09-10 16:52:38
TXN202600004367,ACC100600,1289.81,DEPOSIT,2026-05-23 20:54:42
TXN202600004368,ACC106016,2349.36,DEPOSIT,2026-10-10 16:18:36
TXN202600004369,ACC108412,585.31,WITHDRAWAL,2026-11-16 02:58:27
TXN202600004370,ACC102144,1347.38,DEPOSIT,2026-06-21 03:43:03
TXN202600004371,ACC103775,3839.35,DEPOSIT,2026-10-14 19:21:20
TXN202600004372,ACC107873,1311.89,DEPOSIT,2026-06-11 18:32:48
TXN202600004373,ACC108832,2351.72,DEPOSIT,2026-07-09 03:55:15
TXN202600004374,ACC103305,669.52,DEPOSIT,2026-06-27 03:53:37
TXN202600004375,ACC103845,1879.50,DEPOSIT,2026-08-27 03:21:48
TXN202600004376,ACC108460,4632.58,DEPOSIT,2026-03-06 19:52:43
TXN202600004377,ACC105677,4537.45,DEPOSIT,2026-06-15 05:37:12
TXN202600004378,ACC102803,1500.96,DEPOSIT,2026-06-23 16:52:42
TXN202600004379,ACC109936,1052.00,WITHDRAWAL,2026-09-11 12:34:59
TXN202600004380,ACC107172,4816.77,DEPOSIT,2026-01-23 06:28:35
TXN202600004381,ACC108194,3278.45,DEPOSIT,2026-10-25 04:44:05
TXN202600004382,ACC107073,2218.23,DEPOSIT,2026-04-12 04:08:58
TXN202600004383,ACC103608,829.60,WITHDRAWAL,2026-08-04 01:25:14
TXN202600004384,ACC109179,3954.92,DEPOSIT,2026-12-20 17:14:49
TXN202600004385,ACC104162,1315.98,DEPOSIT,2026-04-18 06:56:40
TXN202600004386,ACC101989,4777.78,DEPOSIT,2026-01-22 08:38:57
TXN202600004387,ACC108871,1903.58,DEPOSIT,2026-05-05 12:25:02
TXN202600004388,ACC106422,4788.30,DEPOSIT,2026-02-25 21:00:13
TXN202600004389,ACC102831,250.14,REVERSAL,2026-01-13 20:39:47
TXN202600004390,ACC102279,1682.71,WITHDRAWAL,2026-11-23 03:23:25
TXN202600004391,ACC101786,300.04,WITHDRAWAL,2026-05-08 10:06:05
TXN202600004392,ACC108027,1685.68,WITHDRAWAL,2026-02-17 19:39:49
TXN202600004393,ACC109231,1367.93,WITHDRAWAL,2026-09-09 16:19:55
TXN202600004394,ACC108429,757.75,DEPOSIT,2026-11-22 11:17:06
TXN202600004395,ACC103407,1250.96,DEPOSIT,2026-12-09 13:29:18
TXN202600004396,ACC109652,1370.31,WITHDRAWAL,2026-10-25 16:51:09
TXN202600004397,ACC108456,1386.21,WITHDRAWAL,2026-02-05 08:31:44
TXN202600004398,ACC101794,3063.07,DEPOSIT,2026-11-11 17:06:47
TXN202600004399,ACC104487,1175.68,WITHDRAWAL,2026-09-13 21:36:44
TXN202600004400,ACC104811,4193.10,DEPOSIT,2026-06-18 01:31:42
TXN202600004401,ACC102133,1588.97,DEPOSIT,2026-01-09 18:56:11
TXN202600004402,ACC107889,4040.13,DEPOSIT,2026-12-23 00:18:03
TXN202600004403,ACC101507,1059.17,WITHDRAWAL,2026-09-05 05:32:23
TXN202600004404,ACC107309,2003.10,DEPOSIT,2026-03-09 08:31:49
TXN202600004405,ACC101216,3717.73,DEPOSIT,2026-11-08 21:26:26
TXN202600004406,ACC106121,583.77,DEPOSIT,2026-01-14 22:27:02
TXN202600004407,ACC102504,1294.22,DEPOSIT,2026-12-26 11:40:29
TXN202600004408,ACC105833,555.25,WITHDRAWAL,2026-04-23 12:27:56
TXN202600004409,ACC105592,3407.43,DEPOSIT,2026-09-08 14:18:39
TXN202600004410,ACC102952,1890.48,WITHDRAWAL,2026-06-05 18:24:31
TXN202600004411,ACC101692,788.90,DEPOSIT,2026-05-05 16:10:05
TXN202600004412,ACC109040,2074.60,WITHDRAWAL,2026-11-11 04:38:53
TXN202600004413,ACC103546,173.07,WITHDRAWAL,2026-05-21 23:50:09
TXN202600004414,ACC106609,1562.36,DEPOSIT,2026-06-23 12:08:32
TXN202600004415,ACC100568,1738.38,WITHDRAWAL,2026-01-02 04:38:12
TXN202600004416,ACC106099,2346.57,DEPOSIT,2026-08-20 12:38:37
TXN202600004417,ACC108889,2041.52,DEPOSIT,2026-06-15 01:06:33
TXN202600004418,ACC100152,2241.93,DEPOSIT,2026-09-22 00:49:13
TXN202600004419,ACC102982,2294.23,DEPOSIT,2026-05-18 11:04:30
TXN202600004420,ACC104570,1635.28,DEPOSIT,2026-09-01 06:08:30
TXN202600004421,ACC105239,1295.18,WITHDRAWAL,2026-03-19 19:07:33
TXN202600004422,ACC108403,1681.66,WITHDRAWAL,2026-06-13 10:16:30
TXN202600004423,ACC103761,2004.29,WITHDRAWAL,2026-11-19 02:47:49
TXN202600004424,ACC109849,4387.24,DEPOSIT,2026-04-15 02:38:20
TXN202600004425,ACC104059,3216.44,DEPOSIT,2026-03-19 01:56:07
TXN202600004426,ACC105928,174.89,WITHDRAWAL,2026-05-21 03:25:06
TXN202600004427,ACC107914,1865.56,WITHDRAWAL,2026-05-24 09:02:34
TXN202600004428,ACC105514,387.00,REVERSAL,2026-08-27 06:22:43
TXN202600004429,ACC108299,2858.01,DEPOSIT,2026-06-08 06:27:43
TXN202600004430,ACC103667,4581.34,DEPOSIT,2026-01-02 10:05:50
TXN202600004431,ACC104319,928.52,REVERSAL,2026-05-07 18:08:53
TXN202600004432,ACC109576,4133.05,DEPOSIT,2026-07-11 06:22:47
TXN202600004433,ACC105697,278.38,WITHDRAWAL,2026-10-04 01:14:56
TXN202600004434,ACC102814,4806.13,DEPOSIT,2026-06-08 11:45:10
TXN202600004435,ACC106260,1800.45,WITHDRAWAL,2026-05-13 09:25:28
TXN202600004436,ACC105504,3960.47,DEPOSIT,2026-04-27 12:24:54
TXN202600004437,ACC101336,679.39,DEPOSIT,2026-06-02 11:39:43
TXN202600004438,ACC106329,656.62,DEPOSIT,2026-08-20 11:41:16
TXN202600004439,ACC100667,3507.57,DEPOSIT,2026-04-22 10:07:48
TXN202600004440,ACC101808,2975.41,DEPOSIT,2026-06-05 09:00:41
TXN202600004441,ACC107118,2174.14,DEPOSIT,2026-07-22 14:02:23
TXN202600004442,ACC105505,1502.63,WITHDRAWAL,2026-10-06 00:52:14
TXN202600004443,ACC102397,2171.70,DEPOSIT,2026-07-22 13:04:15
TXN202600004444,ACC101401,2036.16,WITHDRAWAL,2026-11-07 09:59:55
TXN202600004445,ACC108369,2408.53,DEPOSIT,2026-09-03 23:40:05
TXN202600004446,ACC101898,1975.56,WITHDRAWAL,2026-07-14 21:48:19
TXN202600004447,ACC100225,1369.42,WITHDRAWAL,2026-12-09 20:56:24
TXN202600004448,ACC107854,669.93,DEPOSIT,2026-10-14 10:08:44
TXN202600004449,ACC104499,4325.23,DEPOSIT,2026-10-08 20:35:34
TXN202600004450,ACC105575,3561.97,DEPOSIT,2026-05-17 13:20:54
TXN202600004451,ACC103889,1089.60,DEPOSIT,2026-01-12 19:13:17
TXN202600004452,ACC106579,4728.22,DEPOSIT,2026-01-02 21:50:26
TXN202600004453,ACC109495,217.38,WITHDRAWAL,2026-03-28 15:54:12
TXN202600004454,ACC103535,3533.83,DEPOSIT,2026-12-19 03:56:18
TXN202600004455,ACC104234,596.17,REVERSAL,2026-06-22 23:33:39
TXN202600004456,ACC107857,1721.80,DEPOSIT,2026-11-02 12:34:23
TXN202600004457,ACC103315,3953.15,DEPOSIT,2026-12-14 09:28:20
TXN202600004458,ACC109831,4414.85,DEPOSIT,2026-10-08 07:53:43
TXN202600004459,ACC103610,4616.87,DEPOSIT,2026-06-04 07:48:00
TXN202600004460,ACC107343,1195.10,DEPOSIT,2026-06-23 18:00:33
TXN202600004461,ACC102254,4621.57,DEPOSIT,2026-08-25 23:38:17
TXN202600004462,ACC100572,962.00,DEPOSIT,2026-06-12 11:19:31
TXN202600004463,ACC105009,1111.07,DEPOSIT,2026-10-02 14:20:20
TXN202600004464,ACC108184,2933.01,DEPOSIT,2026-10-05 05:51:44
TXN202600004465,ACC101585,734.71,WITHDRAWAL,2026-10-21 08:39:54
TXN202600004466,ACC101144,861.26,DEPOSIT,2026-04-09 18:40:02
TXN202600004467,ACC105474,2720.88,DEPOSIT,2026-10-28 14:54:57
TXN202600004468,ACC106089,1095.80,DEPOSIT,2026-08-27 22:27:58
TXN202600004469,ACC106231,872.73,DEPOSIT,2026-08-13 04:04:56
TXN202600004470,ACC108153,4056.59,DEPOSIT,2026-10-05 15:12:28
TXN202600004471,ACC104192,1925.22,DEPOSIT,2026-05-13 22:16:54
TXN202600004472,ACC105008,3473.10,DEPOSIT,2026-07-09 15:24:30
TXN202600004473,ACC106063,725.98,DEPOSIT,2026-07-15 22:34:36
TXN202600004474,ACC101263,1787.60,DEPOSIT,2026-10-19 04:20:18
TXN202600004475,ACC105107,1970.88,WITHDRAWAL,2026-04-24 04:23:34
TXN202600004476,ACC106016,4527.02,DEPOSIT,2026-09-05 12:29:08
TXN202600004477,ACC103574,440.37,WITHDRAWAL,2026-01-04 18:25:15
TXN202600004478,ACC102923,1005.10,WITHDRAWAL,2026-09-12 07:05:25
TXN202600004479,ACC106675,829.26,WITHDRAWAL,2026-03-19 19:12:18
TXN202600004480,ACC109610,757.65,REVERSAL,2026-06-12 19:48:50
TXN202600004481,ACC103136,215.37,WITHDRAWAL,2026-09-26 23:08:48
TXN202600004482,ACC101699,1642.19,WITHDRAWAL,2026-04-15 22:20:33
TXN202600004483,ACC106777,1371.82,WITHDRAWAL,2026-06-26 05:11:47
TXN202600004484,ACC106323,1868.72,DEPOSIT,2026-11-09 19:38:31
TXN202600004485,ACC101549,1507.02,WITHDRAWAL,2026-02-06 14:53:51
TXN202600004486,ACC103755,1862.99,DEPOSIT,2026-06-23 04:48:06
TXN202600004487,ACC109779,3547.25,DEPOSIT,2026-05-02 10:49:36
TXN202600004488,ACC108163,3158.46,DEPOSIT,2026-09-18 00:33:49
TXN202600004489,ACC100614,3458.92,DEPOSIT,2026-12-24 08:03:25
TXN202600004490,ACC100475,907.83,DEPOSIT,2026-08-18 17:13:47
TXN202600004491,ACC108542,1293.95,WITHDRAWAL,2026-08-23 23:47:41
TXN202600004492,ACC106401,704.56,REVERSAL,2026-11-15 12:31:06
TXN202600004493,ACC106223,944.23,REVERSAL,2026-09-08 12:04:25
TXN202600004494,ACC102381,4742.80,DEPOSIT,2026-03-26 22:17:13
TXN202600004495,ACC108779,540.81,WITHDRAWAL,2026-03-16 23:18:30
TXN202600004496,ACC107961,1008.71,WITHDRAWAL,2026-03-24 07:38:04
TXN202600004497,ACC104691,2977.73,DEPOSIT,2026-08-25 14:27:20
TXN202600004498,ACC101581,315.57,WITHDRAWAL,2026-01-01 21:07:16
TXN202600004499,ACC105933,1586.29,WITHDRAWAL,2026-07-08 05:57:27
TXN202600004500,ACC107095,3797.87,DEPOSIT,2026-05-19 16:40:39
TXN202600004501,ACC108749,672.03,DEPOSIT,2026-05-03 16:44:09
TXN202600004502,ACC104617,3512.94,DEPOSIT,2026-08-02 05:34:54
TXN202600004503,ACC102886,2402.09,DEPOSIT,2026-11-21 07:38:34
TXN202600004504,ACC105627,2077.31,DEPOSIT,2026-01-01 09:53:42
TXN202600004505,ACC102235,3528.08,DEPOSIT,2026-10-26 21:28:18
TXN202600004506,ACC100544,3224.00,DEPOSIT,2026-05-02 11:44:40
TXN202600004507,ACC102927,716.61,WITHDRAWAL,2026-11-18 20:46:13
TXN202600004508,ACC107477,527.65,WITHDRAWAL,2026-04-16 06:58:29
TXN202600004509,ACC109755,2478.69,DEPOSIT,2026-11-26 16:48:24
TXN202600004510,ACC109812,1988.21,DEPOSIT,2026-05-21 02:33:12
TXN202600004511,ACC107166,1066.33,DEPOSIT,2026-07-13 23:04:55
TXN202600004512,ACC100120,2183.57,DEPOSIT,2026-11-20 14:06:32
TXN202600004513,ACC109776,1469.95,DEPOSIT,2026-03-18 17:59:10
TXN202600004514,ACC100986,556.56,WITHDRAWAL,2026-07-01 04:27:34
TXN202600004515,ACC108319,3104.72,DEPOSIT,2026-08-11 09:07:43
TXN202600004516,ACC109721,3683.25,DEPOSIT,2026-03-04 16:20:46
TXN202600004517,ACC102555,1435.22,DEPOSIT,2026-12-15 08:46:23
TXN202600004518,ACC100215,311.53,WITHDRAWAL,2026-12-11 14:13:25
TXN202600004519,ACC102014,2768.22,DEPOSIT,2026-09-21 10:13:40
TXN202600004520,ACC108735,4556.40,DEPOSIT,2026-11-07 23:29:20
TXN202600004521,ACC105523,2907.83,DEPOSIT,2026-10-24 08:57:59
TXN202600004522,ACC102002,3923.22,DEPOSIT,2026-12-23 15:42:56
TXN202600004523,ACC101720,1156.26,WITHDRAWAL,2026-07-27 08:28:37
TXN202600004524,ACC100593,2857.95,DEPOSIT,2026-05-17 22:17:43
TXN202600004525,ACC100368,607.63,DEPOSIT,2026-04-21 20:01:09
TXN202600004526,ACC105126,4288.25,DEPOSIT,2026-08-18 00:20:41
TXN202600004527,ACC103695,320.65,WITHDRAWAL,2026-02-23 14:21:02
TXN202600004528,ACC102620,1506.19,DEPOSIT,2026-01-09 03:15:08
TXN202600004529,ACC101641,4671.27,DEPOSIT,2026-09-14 20:42:35
TXN202600004530,ACC105886,4958.58,DEPOSIT,2026-10-07 05:07:55
TXN202600004531,ACC108549,1075.10,DEPOSIT,2026-05-24 22:45:17
TXN202600004532,ACC102221,3534.46,DEPOSIT,2026-03-09 08:51:50
TXN202600004533,ACC106699,2420.84,DEPOSIT,2026-08-07 01:31:23
TXN202600004534,ACC103225,1747.47,WITHDRAWAL,2026-05-09 19:41:13
TXN202600004535,ACC107645,1022.15,WITHDRAWAL,2026-09-20 14:53:18
TXN202600004536,ACC103728,3725.90,DEPOSIT,2026-12-11 13:21:10
TXN202600004537,ACC105603,1069.49,WITHDRAWAL,2026-12-27 20:54:48
TXN202600004538,ACC103141,3505.48,DEPOSIT,2026-11-09 08:29:32
TXN202600004539,ACC107807,2167.10,DEPOSIT,2026-06-04 07:40:46
TXN202600004540,ACC105849,640.09,WITHDRAWAL,2026-01-04 07:01:30
TXN202600004541,ACC100351,4164.17,DEPOSIT,2026-12-06 19:11:35
TXN202600004542,ACC109894,980.22,DEPOSIT,2026-06-13 21:02:37
TXN202600004543,ACC107026,4183.70,DEPOSIT,2026-03-08 08:21:15
TXN202600004544,ACC104105,4956.61,DEPOSIT,2026-02-09 20:38:26
TXN202600004545,ACC100515,2829.91,DEPOSIT,2026-07-13 03:34:42
TXN202600004546,ACC108014,1875.49,DEPOSIT,2026-02-01 22:50:20
TXN202600004547,ACC106786,1802.89,DEPOSIT,2026-10-25 23:55:34
TXN202600004548,ACC105109,2037.69,DEPOSIT,2026-09-20 11:08:06
TXN202600004549,ACC103344,1432.44,DEPOSIT,2026-12-10 14:03:39
TXN202600004550,ACC105683,4059.21,DEPOSIT,2026-05-18 00:38:17
TXN202600004551,ACC103833,868.26,DEPOSIT,2026-02-13 08:11:19
TXN202600004552,ACC105861,3664.69,DEPOSIT,2026-12-01 08:44:25
TXN202600004553,ACC101532,1623.64,DEPOSIT,2026-07-02 22:55:29
TXN202600004554,ACC101422,1770.35,WITHDRAWAL,2026-01-03 01:54:38
TXN202600004555,ACC109255,2799.34,DEPOSIT,2026-03-23 19:41:44
TXN202600004556,ACC101616,2257.15,DEPOSIT,2026-09-11 14:13:19
TXN202600004557,ACC109487,1067.25,DEPOSIT,2026-10-21 08:46:54
TXN202600004558,ACC106215,4399.44,DEPOSIT,2026-04-14 04:19:59
TXN202600004559,ACC100396,1990.97,WITHDRAWAL,2026-08-09 18:57:17
TXN202600004560,ACC100098,4966.89,DEPOSIT,2026-04-10 18:54:12
TXN202600004561,ACC102898,3969.98,DEPOSIT,2026-09-10 18:40:26
TXN202600004562,ACC102012,2127.57,DEPOSIT,2026-06-09 02:42:00
TXN202600004563,ACC101098,1050.31,DEPOSIT,2026-08-24 00:38:21
TXN202600004564,ACC103816,579.76,WITHDRAWAL,2026-03-20 06:40:18
TXN202600004565,ACC101023,1287.86,DEPOSIT,2026-05-17 13:18:54
TXN202600004566,ACC100665,2787.25,DEPOSIT,2026-07-16 09:08:06
TXN202600004567,ACC106741,3819.43,DEPOSIT,2026-08-24 19:14:23
TXN202600004568,ACC101168,3664.79,DEPOSIT,2026-05-14 20:35:10
TXN202600004569,ACC103365,2606.59,DEPOSIT,2026-08-02 11:11:50
TXN202600004570,ACC102831,2881.66,DEPOSIT,2026-02-26 16:41:01
TXN202600004571,ACC103781,1887.88,WITHDRAWAL,2026-06-18 10:06:42
TXN202600004572,ACC102795,518.54,DEPOSIT,2026-08-18 22:05:46
TXN202600004573,ACC103027,467.18,WITHDRAWAL,2026-03-17 01:13:38
TXN202600004574,ACC107423,4768.41,DEPOSIT,2026-02-21 17:43:15
TXN202600004575,ACC108208,3182.85,DEPOSIT,2026-12-19 15:36:53
TXN202600004576,ACC104604,4374.75,DEPOSIT,2026-11-27 12:56:44
TXN202600004577,ACC108377,2301.61,DEPOSIT,2026-02-13 05:19:29
TXN202600004578,ACC105357,594.00,WITHDRAWAL,2026-08-04 13:50:47
TXN202600004579,ACC102258,376.19,WITHDRAWAL,2026-05-19 14:40:19
TXN202600004580,ACC108040,578.62,WITHDRAWAL,2026-04-26 21:19:57
TXN202600004581,ACC107244,505.07,DEPOSIT,2026-07-11 16:59:52
TXN202600004582,ACC108351,1884.73,DEPOSIT,2026-02-05 11:51:51
TXN202600004583,ACC107510,4522.35,DEPOSIT,2026-11-13 20:42:08
TXN202600004584,ACC100581,864.92,DEPOSIT,2026-06-25 20:41:03
TXN202600004585,ACC105873,2076.46,DEPOSIT,2026-03-22 05:35:52
TXN202600004586,ACC105869,4013.55,DEPOSIT,2026-05-06 09:51:30
TXN202600004587,ACC106699,1580.46,WITHDRAWAL,2026-11-11 00:36:25
TXN202600004588,ACC101133,1288.02,WITHDRAWAL,2026-10-19 20:51:03
TXN202600004589,ACC104446,1825.08,DEPOSIT,2026-03-19 08:33:35
TXN202600004590,ACC109617,121.74,WITHDRAWAL,2026-08-25 08:02:38
TXN202600004591,ACC108802,826.24,DEPOSIT,2026-04-04 04:38:35
TXN202600004592,ACC104826,4335.42,DEPOSIT,2026-06-25 12:32:31
TXN202600004593,ACC106606,2828.21,DEPOSIT,2026-07-15 08:05:43
TXN202600004594,ACC102742,2590.28,DEPOSIT,2026-10-18 11:50:50
TXN202600004595,ACC103884,1168.03,DEPOSIT,2026-11-12 04:04:48
TXN202600004596,ACC105033,2864.81,DEPOSIT,2026-05-20 12:12:37
TXN202600004597,ACC103131,1043.99,REVERSAL,2026-06-25 20:27:38
TXN202600004598,ACC100314,3512.47,DEPOSIT,2026-03-09 17:23:12
TXN202600004599,ACC106671,692.72,WITHDRAWAL,2026-03-28 21:11:40
TXN202600004600,ACC108889,4503.18,DEPOSIT,2026-04-18 05:35:29
TXN202600004601,ACC100643,257.13,WITHDRAWAL,2026-11-15 09:43:02
TXN202600004602,ACC105501,1169.16,WITHDRAWAL,2026-12-07 22:26:20
TXN202600004603,ACC108527,2101.22,DEPOSIT,2026-10-12 16:25:40
TXN202600004604,ACC106986,998.29,REVERSAL,2026-12-20 12:12:22
TXN202600004605,ACC105605,4492.53,DEPOSIT,2026-05-22 18:10:57
TXN202600004606,ACC109633,3006.94,DEPOSIT,2026-01-15 13:44:39
TXN202600004607,ACC107798,1269.44,WITHDRAWAL,2026-06-14 12:47:02
TXN202600004608,ACC109889,4977.67,DEPOSIT,2026-01-11 23:57:13
TXN202600004609,ACC109907,901.09,DEPOSIT,2026-03-28 22:12:38
TXN202600004610,ACC107689,4288.14,DEPOSIT,2026-10-03 01:26:09
TXN202600004611,ACC100319,1223.89,DEPOSIT,2026-05-26 15:19:39
TXN202600004612,ACC108880,1161.88,WITHDRAWAL,2026-12-20 06:23:28
TXN202600004613,ACC101919,2781.71,DEPOSIT,2026-01-23 06:50:38
TXN202600004614,ACC106556,217.08,WITHDRAWAL,2026-07-18 06:24:18
TXN202600004615,ACC107348,767.96,WITHDRAWAL,2026-01-21 13:30:43
TXN202600004616,ACC103327,1038.92,DEPOSIT,2026-05-13 19:36:48
TXN202600004617,ACC101072,2504.22,DEPOSIT,2026-05-21 19:47:44
TXN202600004618,ACC107953,2499.47,DEPOSIT,2026-09-21 05:35:32
TXN202600004619,ACC105125,1585.69,DEPOSIT,2026-11-15 06:04:17
TXN202600004620,ACC105160,536.65,DEPOSIT,2026-09-04 18:35:03
TXN202600004621,ACC103564,4605.32,DEPOSIT,2026-10-18 11:40:57
TXN202600004622,ACC108306,3740.55,DEPOSIT,2026-03-07 13:33:34
TXN202600004623,ACC103969,2252.27,DEPOSIT,2026-12-15 04:00:51
TXN202600004624,ACC101044,667.56,REVERSAL,2026-05-21 16:59:10
TXN202600004625,ACC105229,1865.01,WITHDRAWAL,2026-08-19 05:57:11
TXN202600004626,ACC106059,2010.53,DEPOSIT,2026-06-15 09:38:51
TXN202600004627,ACC107132,4217.61,DEPOSIT,2026-03-12 02:31:01
TXN202600004628,ACC105584,747.87,WITHDRAWAL,2026-05-18 16:53:11
TXN202600004629,ACC101245,3688.10,DEPOSIT,2026-08-16 16:04:26
TXN202600004630,ACC105114,4015.80,DEPOSIT,2026-04-26 16:06:56
TXN202600004631,ACC101081,844.49,DEPOSIT,2026-11-28 13:26:46
TXN202600004632,ACC104316,1163.86,WITHDRAWAL,2026-09-23 09:57:56
TXN202600004633,ACC103020,330.01,REVERSAL,2026-04-02 15:06:42
TXN202600004634,ACC109135,1723.63,WITHDRAWAL,2026-01-27 00:07:29
TXN202600004635,ACC103023,103.63,WITHDRAWAL,2026-11-10 07:37:37
TXN202600004636,ACC104760,1277.41,DEPOSIT,2026-10-07 01:54:13
TXN202600004637,ACC100214,312.22,WITHDRAWAL,2026-09-09 07:19:26
TXN202600004638,ACC103818,1920.61,DEPOSIT,2026-09-01 02:37:04
TXN202600004639,ACC102982,4337.69,DEPOSIT,2026-12-25 15:08:34
TXN202600004640,ACC103047,915.54,WITHDRAWAL,2026-05-11 13:12:58
TXN202600004641,ACC108079,2288.60,DEPOSIT,2026-12-01 15:24:15
TXN202600004642,ACC100305,562.10,WITHDRAWAL,2026-03-09 17:06:20
TXN202600004643,ACC109497,1972.88,WITHDRAWAL,2026-05-28 09:19:22
TXN202600004644,ACC107678,2009.41,WITHDRAWAL,2026-06-16 13:46:38
TXN202600004645,ACC107529,2590.44,DEPOSIT,2026-01-12 07:44:13
TXN202600004646,ACC106297,821.73,WITHDRAWAL,2026-11-14 19:49:35
TXN202600004647,ACC105011,2699.80,DEPOSIT,2026-07-09 12:15:45
TXN202600004648,ACC108532,3061.41,DEPOSIT,2026-06-07 12:25:56
TXN202600004649,ACC106602,4159.34,DEPOSIT,2026-10-21 17:37:32
TXN202600004650,ACC109433,270.72,REVERSAL,2026-08-14 05:52:59
TXN202600004651,ACC107171,3013.06,DEPOSIT,2026-01-24 06:21:55
TXN202600004652,ACC104897,1722.61,WITHDRAWAL,2026-02-02 21:53:30
TXN202600004653,ACC101273,718.64,REVERSAL,2026-12-12 10:50:19
TXN202600004654,ACC102220,3494.40,DEPOSIT,2026-06-24 10:40:41
TXN202600004655,ACC100969,1980.66,WITHDRAWAL,2026-04-06 09:48:34
TXN202600004656,ACC106080,2997.44,DEPOSIT,2026-01-06 07:49:24
TXN202600004657,ACC104863,1798.19,DEPOSIT,2026-03-05 17:25:45
TXN202600004658,ACC109261,1555.69,DEPOSIT,2026-01-26 04:46:44
TXN202600004659,ACC100233,2633.85,DEPOSIT,2026-03-09 01:07:29
TXN202600004660,ACC104766,358.33,REVERSAL,2026-10-28 10:05:49
TXN202600004661,ACC108615,1272.59,WITHDRAWAL,2026-06-20 14:27:43
TXN202600004662,ACC102315,1965.30,WITHDRAWAL,2026-04-26 09:45:02
TXN202600004663,ACC101685,1940.96,DEPOSIT,2026-12-08 03:53:44
TXN202600004664,ACC107770,4337.58,DEPOSIT,2026-03-21 00:57:22
TXN202600004665,ACC105408,2885.98,DEPOSIT,2026-08-08 05:57:34
TXN202600004666,ACC108357,567.04,DEPOSIT,2026-10-02 15:24:11
TXN202600004667,ACC106692,419.26,WITHDRAWAL,2026-12-12 07:55:29
TXN202600004668,ACC102756,1543.92,DEPOSIT,2026-10-20 12:49:17
TXN202600004669,ACC101863,2768.65,DEPOSIT,2026-05-18 16:30:38
TXN202600004670,ACC108860,1478.75,WITHDRAWAL,2026-08-26 08:02:39
TXN202600004671,ACC101375,1362.74,WITHDRAWAL,2026-03-28 23:10:40
TXN202600004672,ACC108017,3757.47,DEPOSIT,2026-06-20 13:44:46
TXN202600004673,ACC103551,1648.42,WITHDRAWAL,2026-10-08 15:47:53
TXN202600004674,ACC102341,4832.45,DEPOSIT,2026-08-18 14:26:08
TXN202600004675,ACC108672,3702.46,DEPOSIT,2026-01-22 21:03:47
TXN202600004676,ACC101699,3266.75,DEPOSIT,2026-06-25 03:31:56
TXN202600004677,ACC107691,4502.22,DEPOSIT,2026-12-20 03:57:32
TXN202600004678,ACC106837,1215.87,DEPOSIT,2026-07-14 15:42:17
TXN202600004679,ACC100355,440.17,WITHDRAWAL,2026-02-01 08:37:42
TXN202600004680,ACC103794,3917.70,DEPOSIT,2026-01-10 08:05:20
TXN202600004681,ACC100496,624.58,WITHDRAWAL,2026-05-03 14:35:57
TXN202600004682,ACC109333,442.44,WITHDRAWAL,2026-07-03 10:29:12
TXN202600004683,ACC109414,1487.50,WITHDRAWAL,2026-10-24 07:39:00
TXN202600004684,ACC101048,658.06,REVERSAL,2026-04-21 16:57:09
TXN202600004685,ACC100389,3088.19,DEPOSIT,2026-12-08 21:19:19
TXN202600004686,ACC108878,1636.26,WITHDRAWAL,2026-09-01 08:11:09
TXN202600004687,ACC105275,3921.53,DEPOSIT,2026-01-10 04:12:52
TXN202600004688,ACC105358,996.81,DEPOSIT,2026-04-04 17:53:14
TXN202600004689,ACC103700,2909.62,DEPOSIT,2026-09-21 21:43:23
TXN202600004690,ACC103852,1959.69,DEPOSIT,2026-04-08 11:14:28
TXN202600004691,ACC106370,4376.42,DEPOSIT,2026-04-21 10:36:20
TXN202600004692,ACC109042,1247.87,DEPOSIT,2026-12-15 03:39:07
TXN202600004693,ACC106280,4627.68,DEPOSIT,2026-10-27 01:46:00
TXN202600004694,ACC100060,427.96,WITHDRAWAL,2026-03-25 10:40:57
TXN202600004695,ACC108065,558.36,WITHDRAWAL,2026-09-28 06:10:56
TXN202600004696,ACC108034,3114.86,DEPOSIT,2026-06-25 09:16:16
TXN202600004697,ACC109119,3947.50,DEPOSIT,2026-07-15 10:30:51
TXN202600004698,ACC109759,733.86,WITHDRAWAL,2026-11-04 10:57:35
TXN202600004699,ACC102526,4111.41,DEPOSIT,2026-03-27 01:53:07
TXN202600004700,ACC103231,2124.33,DEPOSIT,2026-11-26 22:42:51
TXN202600004701,ACC106295,339.69,WITHDRAWAL,2026-06-01 12:33:04
TXN202600004702,ACC104950,4434.83,DEPOSIT,2026-02-21 22:43:28
TXN202600004703,ACC102273,4024.53,DEPOSIT,2026-03-03 20:17:25
TXN202600004704,ACC103692,633.84,DEPOSIT,2026-09-03 16:39:58
TXN202600004705,ACC109394,3206.84,DEPOSIT,2026-12-01 23:45:47
TXN202600004706,ACC104421,1839.93,DEPOSIT,2026-01-22 08:18:19
TXN202600004707,ACC105396,3999.03,DEPOSIT,2026-11-25 03:13:31
TXN202600004708,ACC105758,4957.24,DEPOSIT,2026-04-07 07:30:30
TXN202600004709,ACC106755,3999.42,DEPOSIT,2026-05-09 20:25:31
TXN202600004710,ACC109106,2072.91,WITHDRAWAL,2026-02-04 13:19:34
TXN202600004711,ACC109524,1384.48,DEPOSIT,2026-02-05 18:16:14
TXN202600004712,ACC107259,3946.34,DEPOSIT,2026-02-22 22:50:00
TXN202600004713,ACC104576,1588.15,DEPOSIT,2026-03-16 03:44:38
TXN202600004714,ACC100261,1137.03,DEPOSIT,2026-02-07 20:42:43
TXN202600004715,ACC101183,1827.91,DEPOSIT,2026-05-01 10:14:51
TXN202600004716,ACC108237,600.41,REVERSAL,2026-08-09 01:32:16
TXN202600004717,ACC106240,4921.70,DEPOSIT,2026-07-06 11:03:14
TXN202600004718,ACC102216,1048.48,WITHDRAWAL,2026-07-28 22:55:06
TXN202600004719,ACC108517,4865.15,DEPOSIT,2026-03-01 12:34:28
TXN202600004720,ACC102094,4488.59,DEPOSIT,2026-12-23 05:35:16
TXN202600004721,ACC100460,3760.64,DEPOSIT,2026-06-27 01:17:29
TXN202600004722,ACC108774,3210.95,DEPOSIT,2026-03-06 23:14:01
TXN202600004723,ACC107241,1434.26,DEPOSIT,2026-02-10 20:55:41
TXN202600004724,ACC100539,833.06,REVERSAL,2026-09-16 11:11:09
TXN202600004725,ACC108512,1284.52,WITHDRAWAL,2026-05-11 15:24:58
TXN202600004726,ACC100301,208.62,WITHDRAWAL,2026-11-11 12:24:50
TXN202600004727,ACC103119,4425.70,DEPOSIT,2026-07-13 15:40:23
TXN202600004728,ACC109651,3839.52,DEPOSIT,2026-12-01 21:24:18
TXN202600004729,ACC103497,3376.04,DEPOSIT,2026-05-05 23:42:17
TXN202600004730,ACC106509,3440.00,DEPOSIT,2026-04-06 11:06:52
TXN202600004731,ACC104061,2132.56,DEPOSIT,2026-05-06 13:45:28
TXN202600004732,ACC108391,3521.89,DEPOSIT,2026-05-25 22:42:42
TXN202600004733,ACC100390,2785.58,DEPOSIT,2026-03-22 12:34:50
TXN202600004734,ACC104232,3639.37,DEPOSIT,2026-12-12 13:29:19
TXN202600004735,ACC107052,2853.27,DEPOSIT,2026-03-07 16:21:56
TXN202600004736,ACC105433,2051.94,WITHDRAWAL,2026-02-27 05:24:13
TXN202600004737,ACC104984,3842.16,DEPOSIT,2026-08-04 15:27:38
TXN202600004738,ACC108161,3943.69,DEPOSIT,2026-05-05 14:22:18
TXN202600004739,ACC107830,929.19,DEPOSIT,2026-05-23 18:28:22
TXN202600004740,ACC109822,1375.60,DEPOSIT,2026-07-06 10:27:07
TXN202600004741,ACC106243,159.82,REVERSAL,2026-01-13 23:37:12
TXN202600004742,ACC100415,454.02,WITHDRAWAL,2026-05-02 11:37:39
TXN202600004743,ACC106663,4669.48,DEPOSIT,2026-10-22 02:01:16
TXN202600004744,ACC104014,4206.80,DEPOSIT,2026-12-19 23:22:00
TXN202600004745,ACC105196,1408.21,DEPOSIT,2026-04-19 16:56:48
TXN202600004746,ACC102938,360.27,WITHDRAWAL,2026-12-10 10:04:19
TXN202600004747,ACC108749,927.15,DEPOSIT,2026-12-18 23:23:46
TXN202600004748,ACC107632,418.17,WITHDRAWAL,2026-06-11 17:12:10
TXN202600004749,ACC101707,4313.77,DEPOSIT,2026-01-15 21:02:51
TXN202600004750,ACC102330,657.64,WITHDRAWAL,2026-09-19 14:18:57
TXN202600004751,ACC102585,1041.56,DEPOSIT,2026-02-20 10:32:27
TXN202600004752,ACC101425,1339.33,WITHDRAWAL,2026-01-11 20:23:05
TXN202600004753,ACC105496,961.59,WITHDRAWAL,2026-09-12 05:06:37
TXN202600004754,ACC109836,865.45,DEPOSIT,2026-09-11 00:02:59
TXN202600004755,ACC101389,968.87,WITHDRAWAL,2026-08-18 08:46:09
TXN202600004756,ACC101867,2193.55,DEPOSIT,2026-03-06 17:13:14
TXN202600004757,ACC108351,3345.76,DEPOSIT,2026-10-10 17:21:04
TXN202600004758,ACC104382,3011.63,DEPOSIT,2026-09-21 06:43:17
TXN202600004759,ACC105630,2043.70,DEPOSIT,2026-10-17 06:27:04
TXN202600004760,ACC103967,1495.43,WITHDRAWAL,2026-10-15 03:15:11
TXN202600004761,ACC103870,3877.38,DEPOSIT,2026-05-21 03:02:24
TXN202600004762,ACC105503,530.00,WITHDRAWAL,2026-08-02 07:51:44
TXN202600004763,ACC101378,1690.27,WITHDRAWAL,2026-05-16 11:14:32
TXN202600004764,ACC109421,1843.88,DEPOSIT,2026-10-01 05:15:16
TXN202600004765,ACC102659,361.66,WITHDRAWAL,2026-02-25 08:35:05
TXN202600004766,ACC106946,3946.76,DEPOSIT,2026-10-27 04:18:47
TXN202600004767,ACC105888,2239.36,DEPOSIT,2026-04-22 17:55:18
TXN202600004768,ACC108297,359.95,WITHDRAWAL,2026-08-28 13:31:49
TXN202600004769,ACC105393,2030.38,DEPOSIT,2026-06-06 07:07:29
TXN202600004770,ACC108474,4858.60,DEPOSIT,2026-01-07 17:14:52
TXN202600004771,ACC102180,444.98,WITHDRAWAL,2026-07-02 19:09:11
TXN202600004772,ACC108341,1064.93,WITHDRAWAL,2026-08-22 12:38:24
TXN202600004773,ACC108410,4122.06,DEPOSIT,2026-08-23 07:07:00
TXN202600004774,ACC103741,1973.52,DEPOSIT,2026-08-15 09:10:55
TXN202600004775,ACC103834,140.06,REVERSAL,2026-03-14 23:50:25
TXN202600004776,ACC108939,4972.16,DEPOSIT,2026-03-25 19:43:23
TXN202600004777,ACC105699,1416.52,DEPOSIT,2026-07-08 04:32:07
TXN202600004778,ACC104338,1412.28,WITHDRAWAL,2026-02-24 05:21:53
TXN202600004779,ACC102320,3193.94,DEPOSIT,2026-04-22 13:24:34
TXN202600004780,ACC104002,1151.77,DEPOSIT,2026-01-13 07:03:20
TXN202600004781,ACC101284,4994.34,DEPOSIT,2026-05-21 10:01:52
TXN202600004782,ACC105188,2751.84,DEPOSIT,2026-07-24 05:06:54
TXN202600004783,ACC102614,1674.51,WITHDRAWAL,2026-05-16 14:16:40
TXN202600004784,ACC106389,317.97,WITHDRAWAL,2026-08-17 05:53:31
TXN202600004785,ACC105639,1065.84,DEPOSIT,2026-11-02 16:14:32
TXN202600004786,ACC103822,1484.62,DEPOSIT,2026-07-26 05:42:16
TXN202600004787,ACC104271,1432.96,WITHDRAWAL,2026-03-07 22:27:47
TXN202600004788,ACC107377,479.11,REVERSAL,2026-06-24 06:13:58
TXN202600004789,ACC100278,581.29,DEPOSIT,2026-10-03 22:05:04
TXN202600004790,ACC100607,284.73,WITHDRAWAL,2026-12-09 01:27:01
TXN202600004791,ACC106590,265.95,REVERSAL,2026-09-14 18:59:17
TXN202600004792,ACC109189,972.38,WITHDRAWAL,2026-11-09 12:00:32
TXN202600004793,ACC101359,4265.78,DEPOSIT,2026-07-03 23:25:11
TXN202600004794,ACC102854,1361.66,DEPOSIT,2026-11-10 09:41:48
TXN202600004795,ACC103547,4506.23,DEPOSIT,2026-01-19 10:36:22
TXN202600004796,ACC105346,4309.95,DEPOSIT,2026-12-22 03:51:01
TXN202600004797,ACC107361,502.30,DEPOSIT,2026-04-15 15:47:24
TXN202600004798,ACC109300,4395.37,DEPOSIT,2026-11-08 21:52:36
TXN202600004799,ACC108094,1002.20,WITHDRAWAL,2026-09-26 07:05:15
TXN202600004800,ACC104826,3103.31,DEPOSIT,2026-08-14 08:49:39
TXN202600004801,ACC107917,1825.70,WITHDRAWAL,2026-12-25 21:51:26
TXN202600004802,ACC105710,3383.45,DEPOSIT,2026-09-16 08:11:11
TXN202600004803,ACC101872,476.88,WITHDRAWAL,2026-03-21 21:22:15
TXN202600004804,ACC100611,548.76,DEPOSIT,2026-10-12 12:11:21
TXN202600004805,ACC101799,3535.18,DEPOSIT,2026-01-23 10:33:54
TXN202600004806,ACC108858,540.88,DEPOSIT,2026-02-03 01:24:32
TXN202600004807,ACC104559,1241.90,WITHDRAWAL,2026-05-15 02:01:24
TXN202600004808,ACC108578,846.79,DEPOSIT,2026-09-04 10:15:50
TXN202600004809,ACC102629,4011.56,DEPOSIT,2026-05-19 16:06:50
TXN202600004810,ACC109455,849.90,DEPOSIT,2026-12-13 05:23:17
TXN202600004811,ACC104760,604.14,DEPOSIT,2026-12-07 05:23:34
TXN202600004812,ACC100162,1533.73,DEPOSIT,2026-06-21 20:32:05
TXN202600004813,ACC105245,808.25,WITHDRAWAL,2026-12-18 19:26:18
TXN202600004814,ACC101494,1874.46,DEPOSIT,2026-12-17 22:10:21
TXN202600004815,ACC108316,933.02,WITHDRAWAL,2026-08-16 07:09:36
TXN202600004816,ACC105772,2490.36,DEPOSIT,2026-05-23 09:10:03
TXN202600004817,ACC108072,950.62,REVERSAL,2026-04-07 19:25:49
TXN202600004818,ACC107981,1299.30,WITHDRAWAL,2026-04-25 15:35:22
TXN202600004819,ACC100301,4919.93,DEPOSIT,2026-10-16 21:49:00
TXN202600004820,ACC109805,1732.38,DEPOSIT,2026-07-12 18:16:15
TXN202600004821,ACC101219,3956.44,DEPOSIT,2026-05-14 15:20:08
TXN202600004822,ACC104352,1846.36,WITHDRAWAL,2026-10-17 13:31:31
TXN202600004823,ACC104543,2009.27,WITHDRAWAL,2026-01-14 04:28:59
TXN202600004824,ACC104069,212.42,REVERSAL,2026-01-09 08:34:04
TXN202600004825,ACC102650,1648.02,DEPOSIT,2026-08-19 11:55:46
TXN202600004826,ACC107456,1628.24,WITHDRAWAL,2026-07-21 06:58:15
TXN202600004827,ACC101050,1776.66,WITHDRAWAL,2026-02-18 19:07:43
TXN202600004828,ACC106581,885.36,DEPOSIT,2026-11-08 07:29:15
TXN202600004829,ACC103165,1239.67,WITHDRAWAL,2026-12-06 10:54:48
TXN202600004830,ACC107791,3253.38,DEPOSIT,2026-05-16 05:18:48
TXN202600004831,ACC104308,4121.19,DEPOSIT,2026-07-06 19:37:38
TXN202600004832,ACC104702,4010.97,DEPOSIT,2026-06-01 05:48:22
TXN202600004833,ACC106940,2322.06,DEPOSIT,2026-03-11 12:57:42
TXN202600004834,ACC109791,2000.60,WITHDRAWAL,2026-08-25 20:15:40
TXN202600004835,ACC104105,2168.85,DEPOSIT,2026-10-24 01:56:29
TXN202600004836,ACC100166,4309.07,DEPOSIT,2026-02-02 19:11:45
TXN202600004837,ACC104876,1353.76,WITHDRAWAL,2026-01-09 09:58:56
TXN202600004838,ACC101559,1559.47,WITHDRAWAL,2026-04-06 01:38:35
TXN202600004839,ACC105556,1351.52,DEPOSIT,2026-03-04 11:21:46
TXN202600004840,ACC103923,4008.98,DEPOSIT,2026-08-24 11:01:32
TXN202600004841,ACC104610,193.64,WITHDRAWAL,2026-09-20 19:59:50
TXN202600004842,ACC102207,1446.35,DEPOSIT,2026-09-09 17:00:18
TXN202600004843,ACC104053,585.16,REVERSAL,2026-01-20 14:50:32
TXN202600004844,ACC106799,3507.66,DEPOSIT,2026-12-26 00:47:06
TXN202600004845,ACC102821,2466.59,DEPOSIT,2026-10-16 00:51:40
TXN202600004846,ACC101873,4921.83,DEPOSIT,2026-01-21 15:05:05
TXN202600004847,ACC107979,2382.59,DEPOSIT,2026-09-20 14:23:31
TXN202600004848,ACC100964,1049.03,WITHDRAWAL,2026-07-07 08:28:03
TXN202600004849,ACC105117,377.99,WITHDRAWAL,2026-11-13 13:07:26
TXN202600004850,ACC107720,4393.27,DEPOSIT,2026-09-07 21:52:17
TXN202600004851,ACC101096,2367.20,DEPOSIT,2026-11-01 06:48:00
TXN202600004852,ACC101472,1052.64,WITHDRAWAL,2026-06-25 04:56:59
TXN202600004853,ACC101400,637.65,WITHDRAWAL,2026-10-03 20:03:44
TXN202600004854,ACC108274,2763.53,DEPOSIT,2026-08-11 09:27:03
TXN202600004855,ACC105490,1933.82,DEPOSIT,2026-06-03 03:15:33
TXN202600004856,ACC108032,1775.76,WITHDRAWAL,2026-01-18 22:15:29
TXN202600004857,ACC107985,3732.50,DEPOSIT,2026-08-13 22:00:03
TXN202600004858,ACC106415,2071.64,DEPOSIT,2026-02-10 09:56:51
TXN202600004859,ACC104509,184.70,WITHDRAWAL,2026-03-17 13:40:34
TXN202600004860,ACC102917,4539.35,DEPOSIT,2026-01-23 02:21:27
TXN202600004861,ACC101800,1848.59,WITHDRAWAL,2026-03-24 09:52:49
TXN202600004862,ACC102545,796.07,WITHDRAWAL,2026-09-28 23:28:29
TXN202600004863,ACC106900,1696.94,DEPOSIT,2026-02-06 05:17:44
TXN202600004864,ACC100708,3506.56,DEPOSIT,2026-01-09 05:02:40
TXN202600004865,ACC106879,565.41,WITHDRAWAL,2026-06-26 18:31:04
TXN202600004866,ACC102412,213.47,WITHDRAWAL,2026-07-21 21:48:18
TXN202600004867,ACC108143,3296.65,DEPOSIT,2026-11-07 23:48:06
TXN202600004868,ACC106847,1512.39,DEPOSIT,2026-12-02 17:56:01
TXN202600004869,ACC107865,1842.44,WITHDRAWAL,2026-04-21 19:42:43
TXN202600004870,ACC101205,391.28,WITHDRAWAL,2026-02-12 09:28:27
TXN202600004871,ACC104811,3799.65,DEPOSIT,2026-06-17 01:54:43
TXN202600004872,ACC103295,1078.68,DEPOSIT,2026-08-18 14:37:42
TXN202600004873,ACC104842,771.88,DEPOSIT,2026-09-19 15:52:31
TXN202600004874,ACC105380,488.80,WITHDRAWAL,2026-01-24 18:26:57
TXN202600004875,ACC106551,2479.52,DEPOSIT,2026-03-22 02:07:41
TXN202600004876,ACC106859,3961.94,DEPOSIT,2026-08-12 10:28:43
TXN202600004877,ACC106299,1143.24,DEPOSIT,2026-06-21 08:22:59
TXN202600004878,ACC109315,1034.87,WITHDRAWAL,2026-09-16 09:05:03
TXN202600004879,ACC105139,2805.13,DEPOSIT,2026-02-16 19:11:16
TXN202600004880,ACC108335,2997.28,DEPOSIT,2026-07-12 17:13:43
TXN202600004881,ACC103573,1353.62,DEPOSIT,2026-09-14 07:05:48
TXN202600004882,ACC101567,4525.08,DEPOSIT,2026-06-25 00:00:22
TXN202600004883,ACC107457,1417.14,DEPOSIT,2026-03-27 09:20:38
TXN202600004884,ACC108280,438.48,WITHDRAWAL,2026-03-16 13:19:06
TXN202600004885,ACC107171,1806.38,WITHDRAWAL,2026-02-27 20:12:37
TXN202600004886,ACC107076,4133.27,DEPOSIT,2026-05-01 22:31:52
TXN202600004887,ACC106405,593.02,DEPOSIT,2026-03-28 16:46:41
TXN202600004888,ACC100324,1541.32,WITHDRAWAL,2026-10-20 23:11:20
TXN202600004889,ACC107347,1763.33,DEPOSIT,2026-11-22 09:52:27
TXN202600004890,ACC104082,282.69,WITHDRAWAL,2026-08-07 08:34:44
TXN202600004891,ACC101638,463.53,WITHDRAWAL,2026-01-01 17:49:32
TXN202600004892,ACC104308,2628.38,DEPOSIT,2026-11-04 03:15:12
TXN202600004893,ACC107603,1947.17,WITHDRAWAL,2026-04-20 11:13:38
TXN202600004894,ACC102524,690.48,WITHDRAWAL,2026-09-06 09:06:23
TXN202600004895,ACC104796,2092.60,DEPOSIT,2026-01-14 04:51:53
TXN202600004896,ACC106556,510.06,DEPOSIT,2026-06-02 16:49:30
TXN202600004897,ACC100629,3124.12,DEPOSIT,2026-07-12 00:52:38
TXN202600004898,ACC103813,4623.58,DEPOSIT,2026-01-15 18:13:22
TXN202600004899,ACC101810,2264.48,DEPOSIT,2026-08-07 23:17:50
TXN202600004900,ACC103551,768.58,DEPOSIT,2026-03-27 21:16:44
TXN202600004901,ACC105500,821.93,DEPOSIT,2026-01-27 01:29:26
TXN202600004902,ACC108114,1146.78,WITHDRAWAL,2026-11-02 02:58:57
TXN202600004903,ACC107843,2083.94,WITHDRAWAL,2026-05-18 05:28:54
TXN202600004904,ACC108708,1110.14,DEPOSIT,2026-11-09 13:39:20
TXN202600004905,ACC105454,2440.15,DEPOSIT,2026-06-04 01:24:44
TXN202600004906,ACC108765,3263.68,DEPOSIT,2026-06-11 16:36:57
TXN202600004907,ACC102207,2162.21,DEPOSIT,2026-09-03 14:01:16
TXN202600004908,ACC109077,3723.21,DEPOSIT,2026-02-11 11:59:03
TXN202600004909,ACC100625,3902.74,DEPOSIT,2026-09-28 04:21:58
TXN202600004910,ACC102542,332.87,WITHDRAWAL,2026-09-22 19:38:42
TXN202600004911,ACC106292,1947.30,DEPOSIT,2026-07-28 13:47:44
TXN202600004912,ACC104268,1109.83,WITHDRAWAL,2026-05-25 21:03:51
TXN202600004913,ACC104976,1803.30,DEPOSIT,2026-05-13 17:01:42
TXN202600004914,ACC100690,1557.19,DEPOSIT,2026-06-21 08:09:29
TXN202600004915,ACC107670,689.56,WITHDRAWAL,2026-05-20 21:17:51
TXN202600004916,ACC107207,2462.74,DEPOSIT,2026-01-03 13:59:34
TXN202600004917,ACC100982,729.85,REVERSAL,2026-05-16 00:13:31
TXN202600004918,ACC107653,1943.88,WITHDRAWAL,2026-10-22 03:23:31
TXN202600004919,ACC108858,867.92,WITHDRAWAL,2026-01-01 19:07:55
TXN202600004920,ACC102787,411.06,WITHDRAWAL,2026-01-15 19:40:44
TXN202600004921,ACC108383,3079.40,DEPOSIT,2026-08-28 03:31:01
TXN202600004922,ACC100249,3227.71,DEPOSIT,2026-06-19 04:00:51
TXN202600004923,ACC106980,2866.35,DEPOSIT,2026-12-12 22:36:17
TXN202600004924,ACC101617,3904.48,DEPOSIT,2026-04-09 12:55:08
TXN202600004925,ACC109868,786.39,WITHDRAWAL,2026-04-26 17:18:40
TXN202600004926,ACC101630,4782.42,DEPOSIT,2026-09-24 03:44:19
TXN202600004927,ACC100302,2783.84,DEPOSIT,2026-05-10 18:06:56
TXN202600004928,ACC104678,4874.18,DEPOSIT,2026-12-05 21:59:47
TXN202600004929,ACC100685,3701.09,DEPOSIT,2026-11-08 14:08:29
TXN202600004930,ACC101402,2020.34,DEPOSIT,2026-12-01 20:30:44
TXN202600004931,ACC106194,910.59,REVERSAL,2026-06-02 08:54:36
TXN202600004932,ACC106468,3651.52,DEPOSIT,2026-12-12 16:38:51
TXN202600004933,ACC103398,1701.79,WITHDRAWAL,2026-05-12 11:43:34
TXN202600004934,ACC107408,1003.65,WITHDRAWAL,2026-03-02 20:04:56
TXN202600004935,ACC102188,1574.24,WITHDRAWAL,2026-01-23 22:31:00
TXN202600004936,ACC105044,3709.57,DEPOSIT,2026-02-16 21:04:29
TXN202600004937,ACC105468,1319.24,DEPOSIT,2026-03-20 20:46:06
TXN202600004938,ACC105514,4393.79,DEPOSIT,2026-02-17 02:38:11
TXN202600004939,ACC105051,3744.62,DEPOSIT,2026-04-12 13:00:34
TXN202600004940,ACC106893,3377.19,DEPOSIT,2026-09-19 10:40:27
TXN202600004941,ACC105671,1473.36,DEPOSIT,2026-11-25 20:35:11
TXN202600004942,ACC108513,3792.86,DEPOSIT,2026-09-24 14:46:27
TXN202600004943,ACC105743,537.11,WITHDRAWAL,2026-02-12 05:44:02
TXN202600004944,ACC101243,4303.46,DEPOSIT,2026-12-25 04:04:38
TXN202600004945,ACC105823,2689.86,DEPOSIT,2026-12-22 02:25:37
TXN202600004946,ACC102033,1665.95,WITHDRAWAL,2026-10-24 12:50:46
TXN202600004947,ACC101321,912.13,DEPOSIT,2026-03-25 19:00:55
TXN202600004948,ACC103067,1390.50,WITHDRAWAL,2026-09-27 03:42:52
TXN202600004949,ACC100496,3030.28,DEPOSIT,2026-02-20 07:28:29
TXN202600004950,ACC109335,3331.41,DEPOSIT,2026-11-18 17:59:31
TXN202600004951,ACC108815,4772.07,DEPOSIT,2026-03-15 11:40:48
TXN202600004952,ACC102715,827.95,WITHDRAWAL,2026-02-20 01:27:39
TXN202600004953,ACC107128,1798.45,DEPOSIT,2026-03-05 22:14:39
TXN202600004954,ACC106420,2047.86,WITHDRAWAL,2026-12-15 12:10:44
TXN202600004955,ACC102439,2737.67,DEPOSIT,2026-11-12 22:19:28
TXN202600004956,ACC101933,388.23,WITHDRAWAL,2026-06-20 02:58:52
TXN202600004957,ACC109637,1697.12,DEPOSIT,2026-11-22 02:05:22
TXN202600004958,ACC104793,3838.75,DEPOSIT,2026-05-09 07:27:37
TXN202600004959,ACC108457,3000.39,DEPOSIT,2026-09-18 04:18:30
TXN202600004960,ACC104930,198.12,WITHDRAWAL,2026-08-24 05:43:36
TXN202600004961,ACC106713,1348.81,DEPOSIT,2026-09-10 11:27:44
TXN202600004962,ACC105643,1796.03,DEPOSIT,2026-01-06 03:23:27
TXN202600004963,ACC103024,156.79,REVERSAL,2026-08-18 18:01:57
TXN202600004964,ACC109072,1983.86,WITHDRAWAL,2026-06-11 01:53:30
TXN202600004965,ACC109928,1604.55,DEPOSIT,2026-03-23 00:52:39
TXN202600004966,ACC104702,4117.79,DEPOSIT,2026-08-02 07:51:30
TXN202600004967,ACC108199,524.67,DEPOSIT,2026-02-04 05:03:36
TXN202600004968,ACC105661,1779.05,WITHDRAWAL,2026-08-17 17:50:22
TXN202600004969,ACC106982,4368.19,DEPOSIT,2026-02-18 22:52:24
TXN202600004970,ACC104811,873.33,REVERSAL,2026-09-01 16:56:07
TXN202600004971,ACC102957,932.25,DEPOSIT,2026-04-02 21:00:07
TXN202600004972,ACC104627,4714.48,DEPOSIT,2026-02-04 16:56:54
TXN202600004973,ACC106715,734.94,REVERSAL,2026-03-28 07:24:23
TXN202600004974,ACC103964,1770.92,WITHDRAWAL,2026-08-04 10:46:05
TXN202600004975,ACC103250,518.55,REVERSAL,2026-04-12 11:35:56
TXN202600004976,ACC105517,1731.74,DEPOSIT,2026-09-21 05:19:57
TXN202600004977,ACC104240,2805.73,DEPOSIT,2026-02-09 03:23:37
TXN202600004978,ACC109660,3715.93,DEPOSIT,2026-09-19 21:48:20
TXN202600004979,ACC104825,1013.43,WITHDRAWAL,2026-02-23 18:31:25
TXN202600004980,ACC104182,266.05,WITHDRAWAL,2026-10-17 16:23:39
TXN202600004981,ACC102273,4090.48,DEPOSIT,2026-02-09 10:15:04
TXN202600004982,ACC109497,1045.62,REVERSAL,2026-11-25 00:28:21
TXN202600004983,ACC105734,2221.69,DEPOSIT,2026-10-12 17:47:04
TXN202600004984,ACC107454,1328.97,DEPOSIT,2026-08-01 02:49:25
TXN202600004985,ACC103275,1933.85,WITHDRAWAL,2026-02-03 07:19:06
TXN202600004986,ACC104883,4921.36,DEPOSIT,2026-10-01 18:28:39
TXN202600004987,ACC107903,1070.84,WITHDRAWAL,2026-07-11 22:48:10
TXN202600004988,ACC101142,528.55,REVERSAL,2026-06-24 08:46:31
TXN202600004989,ACC101981,2632.94,DEPOSIT,2026-05-12 15:00:30
TXN202600004990,ACC103196,4625.22,DEPOSIT,2026-08-13 11:53:12
TXN202600004991,ACC108381,973.25,WITHDRAWAL,2026-07-22 12:55:51
TXN202600004992,ACC105152,902.25,DEPOSIT,2026-10-17 00:45:28
TXN202600004993,ACC105784,2525.87,DEPOSIT,2026-06-18 07:50:04
TXN202600004994,ACC108616,994.62,WITHDRAWAL,2026-11-10 06:32:12
TXN202600004995,ACC100250,4948.62,DEPOSIT,2026-03-01 06:41:00
TXN202600004996,ACC101474,1775.65,DEPOSIT,2026-07-20 17:04:04
TXN202600004997,ACC103456,1213.78,DEPOSIT,2026-04-03 01:21:16
TXN202600004998,ACC102588,4769.86,DEPOSIT,2026-12-21 10:17:04
TXN202600004999,ACC107106,3339.95,DEPOSIT,2026-11-22 02:17:03
TXN202600005000,ACC106913,2045.89,WITHDRAWAL,2026-07-03 07:11:50
TXN202600005001,ACC108603,993.97,REVERSAL,2026-03-01 23:53:08
TXN202600005002,ACC102752,1023.56,WITHDRAWAL,2026-09-21 20:34:04
TXN202600005003,ACC105475,3596.03,DEPOSIT,2026-04-16 07:50:10
TXN202600005004,ACC101048,1789.49,WITHDRAWAL,2026-05-07 13:41:38
TXN202600005005,ACC102190,779.89,DEPOSIT,2026-09-21 22:32:41
TXN202600005006,ACC100559,1373.14,DEPOSIT,2026-03-20 14:51:54
TXN202600005007,ACC106239,425.24,REVERSAL,2026-04-21 14:11:31
TXN202600005008,ACC108672,885.77,WITHDRAWAL,2026-04-10 01:16:27
TXN202600005009,ACC106501,4798.25,DEPOSIT,2026-06-10 20:17:33
TXN202600005010,ACC102419,1432.63,WITHDRAWAL,2026-05-25 03:09:59
TXN202600005011,ACC107062,4830.82,DEPOSIT,2026-05-09 03:52:06
TXN202600005012,ACC100967,4271.91,DEPOSIT,2026-09-08 03:54:49
TXN202600005013,ACC108121,594.13,WITHDRAWAL,2026-12-13 09:21:36
TXN202600005014,ACC101035,4812.86,DEPOSIT,2026-11-12 15:04:01
TXN202600005015,ACC108782,3342.14,DEPOSIT,2026-09-10 12:55:11
TXN202600005016,ACC104491,1000.74,DEPOSIT,2026-08-12 13:28:48
TXN202600005017,ACC108137,3790.29,DEPOSIT,2026-03-12 17:52:37
TXN202600005018,ACC109639,3292.70,DEPOSIT,2026-03-06 19:58:03
TXN202600005019,ACC100893,1920.15,WITHDRAWAL,2026-11-15 17:54:42
TXN202600005020,ACC107421,4982.91,DEPOSIT,2026-11-25 12:49:50
TXN202600005021,ACC101092,4053.12,DEPOSIT,2026-09-28 00:10:41
TXN202600005022,ACC101239,3658.50,DEPOSIT,2026-11-04 23:48:01
TXN202600005023,ACC106346,1256.25,DEPOSIT,2026-12-19 10:13:22
TXN202600005024,ACC108049,3588.04,DEPOSIT,2026-05-03 13:09:29
TXN202600005025,ACC108938,3169.06,DEPOSIT,2026-10-13 04:47:17
TXN202600005026,ACC105377,131.33,WITHDRAWAL,2026-12-06 06:45:46
TXN202600005027,ACC100434,580.08,DEPOSIT,2026-11-17 04:26:39
TXN202600005028,ACC106234,973.65,WITHDRAWAL,2026-12-09 00:00:06
TXN202600005029,ACC109696,792.90,DEPOSIT,2026-04-22 14:12:18
TXN202600005030,ACC105450,1461.34,DEPOSIT,2026-12-23 05:20:01
TXN202600005031,ACC105534,623.75,DEPOSIT,2026-05-03 12:59:45
TXN202600005032,ACC105583,1535.08,WITHDRAWAL,2026-08-06 16:17:30
TXN202600005033,ACC101562,1442.65,DEPOSIT,2026-04-19 16:42:19
TXN202600005034,ACC104138,570.25,REVERSAL,2026-04-12 04:41:23
TXN202600005035,ACC105295,4870.34,DEPOSIT,2026-08-06 02:24:40
TXN202600005036,ACC100074,1675.52,DEPOSIT,2026-05-06 00:49:36
TXN202600005037,ACC105985,1106.76,WITHDRAWAL,2026-03-05 16:56:27
TXN202600005038,ACC100138,1285.40,WITHDRAWAL,2026-02-22 19:19:56
TXN202600005039,ACC101028,1062.89,DEPOSIT,2026-12-17 06:12:02
TXN202600005040,ACC105366,1474.59,WITHDRAWAL,2026-12-04 23:44:33
TXN202600005041,ACC100108,3572.50,DEPOSIT,2026-05-26 20:30:30
TXN202600005042,ACC100759,430.64,WITHDRAWAL,2026-07-13 05:26:09
TXN202600005043,ACC104032,883.18,WITHDRAWAL,2026-05-03 22:41:10
TXN202600005044,ACC106126,1035.44,REVERSAL,2026-05-07 05:20:03
TXN202600005045,ACC106952,924.72,WITHDRAWAL,2026-09-11 11:26:04
TXN202600005046,ACC107101,4606.30,DEPOSIT,2026-10-17 15:37:46
TXN202600005047,ACC102215,767.10,WITHDRAWAL,2026-10-15 22:13:28
TXN202600005048,ACC100578,686.99,REVERSAL,2026-06-27 03:46:38
TXN202600005049,ACC103506,599.65,DEPOSIT,2026-10-19 10:19:57
TXN202600005050,ACC100814,1741.55,WITHDRAWAL,2026-03-07 09:33:40
TXN202600005051,ACC105359,2906.28,DEPOSIT,2026-08-23 21:45:53
TXN202600005052,ACC101987,1728.96,DEPOSIT,2026-02-23 14:42:29
TXN202600005053,ACC102506,3728.93,DEPOSIT,2026-03-11 04:51:30
TXN202600005054,ACC102651,1496.26,WITHDRAWAL,2026-09-18 20:58:28
TXN202600005055,ACC106113,799.20,DEPOSIT,2026-11-04 22:53:31
TXN202600005056,ACC106275,3975.98,DEPOSIT,2026-10-22 20:39:08
TXN202600005057,ACC102431,948.32,WITHDRAWAL,2026-12-25 00:51:26
TXN202600005058,ACC104343,3956.13,DEPOSIT,2026-12-12 03:51:34
TXN202600005059,ACC102614,1563.00,DEPOSIT,2026-03-13 12:05:35
TXN202600005060,ACC104952,270.83,WITHDRAWAL,2026-08-07 05:34:27
TXN202600005061,ACC104423,3717.51,DEPOSIT,2026-06-19 06:47:25
TXN202600005062,ACC107769,3178.71,DEPOSIT,2026-07-24 10:35:03
TXN202600005063,ACC104444,1489.65,DEPOSIT,2026-04-09 04:03:38
TXN202600005064,ACC103463,1575.92,WITHDRAWAL,2026-02-03 19:58:42
TXN202600005065,ACC102277,881.84,DEPOSIT,2026-07-19 01:29:08
TXN202600005066,ACC100583,1051.86,DEPOSIT,2026-02-23 16:03:55
TXN202600005067,ACC100736,3376.26,DEPOSIT,2026-10-19 15:28:24
TXN202600005068,ACC104283,4167.04,DEPOSIT,2026-11-11 02:43:19
TXN202600005069,ACC107010,1334.89,DEPOSIT,2026-03-14 06:26:34
TXN202600005070,ACC105341,4369.61,DEPOSIT,2026-08-08 00:36:23
TXN202600005071,ACC100515,1364.34,WITHDRAWAL,2026-05-18 21:33:35
TXN202600005072,ACC100221,3880.44,DEPOSIT,2026-05-04 16:33:19
TXN202600005073,ACC105783,2819.16,DEPOSIT,2026-03-15 20:14:12
TXN202600005074,ACC108918,1897.96,DEPOSIT,2026-10-05 04:04:08
TXN202600005075,ACC101720,2700.08,DEPOSIT,2026-01-05 18:32:08
TXN202600005076,ACC107771,3736.28,DEPOSIT,2026-12-12 22:23:12
TXN202600005077,ACC107551,567.52,REVERSAL,2026-01-11 09:51:21
TXN202600005078,ACC100400,2963.55,DEPOSIT,2026-09-06 08:46:09
TXN202600005079,ACC108017,1044.57,WITHDRAWAL,2026-11-17 20:27:43
TXN202600005080,ACC104595,2930.34,DEPOSIT,2026-09-28 04:26:23
TXN202600005081,ACC103319,1268.12,WITHDRAWAL,2026-01-28 11:14:26
TXN202600005082,ACC101066,2537.53,DEPOSIT,2026-08-15 04:07:04
TXN202600005083,ACC104103,635.62,DEPOSIT,2026-06-19 03:17:19
TXN202600005084,ACC104407,942.63,WITHDRAWAL,2026-03-22 16:21:47
TXN202600005085,ACC109071,772.78,WITHDRAWAL,2026-09-23 12:59:59
TXN202600005086,ACC102102,2886.18,DEPOSIT,2026-03-20 10:01:04
TXN202600005087,ACC101120,1477.30,DEPOSIT,2026-02-16 23:41:52
TXN202600005088,ACC103848,2628.75,DEPOSIT,2026-01-26 23:08:20
TXN202600005089,ACC105176,1615.14,WITHDRAWAL,2026-01-04 19:23:00
TXN202600005090,ACC107769,820.17,WITHDRAWAL,2026-04-13 04:25:28
TXN202600005091,ACC101576,1683.16,WITHDRAWAL,2026-04-01 13:52:31
TXN202600005092,ACC100492,4518.91,DEPOSIT,2026-09-27 09:18:24
TXN202600005093,ACC108053,4046.07,DEPOSIT,2026-03-14 10:41:40
TXN202600005094,ACC109815,3751.65,DEPOSIT,2026-06-08 23:49:47
TXN202600005095,ACC104523,355.10,WITHDRAWAL,2026-11-27 02:40:21
TXN202600005096,ACC101082,4660.19,DEPOSIT,2026-10-16 17:57:29
TXN202600005097,ACC103932,1686.42,DEPOSIT,2026-12-25 02:43:33
TXN202600005098,ACC108729,245.31,REVERSAL,2026-12-04 02:34:05
TXN202600005099,ACC104438,4069.67,DEPOSIT,2026-04-18 13:17:47
TXN202600005100,ACC104730,1343.99,DEPOSIT,2026-10-05 11:47:37
TXN202600005101,ACC106035,833.30,DEPOSIT,2026-05-10 08:44:53
TXN202600005102,ACC104793,383.47,WITHDRAWAL,2026-02-13 06:45:00
TXN202600005103,ACC103579,865.71,WITHDRAWAL,2026-06-27 09:21:26
TXN202600005104,ACC100231,1632.17,WITHDRAWAL,2026-09-17 04:36:16
TXN202600005105,ACC106837,1167.30,DEPOSIT,2026-11-11 11:18:46
TXN202600005106,ACC104514,803.62,REVERSAL,2026-04-24 07:53:28
TXN202600005107,ACC103516,4827.42,DEPOSIT,2026-02-19 08:16:53
TXN202600005108,ACC103326,2693.09,DEPOSIT,2026-03-18 13:44:05
TXN202600005109,ACC104012,3139.89,DEPOSIT,2026-03-09 11:30:14
TXN202600005110,ACC108802,3579.46,DEPOSIT,2026-12-01 17:54:17
TXN202600005111,ACC104861,670.83,WITHDRAWAL,2026-12-27 09:42:10
TXN202600005112,ACC103087,1292.64,DEPOSIT,2026-10-02 23:24:04
TXN202600005113,ACC103399,999.75,WITHDRAWAL,2026-09-07 03:04:39
TXN202600005114,ACC103705,3049.94,DEPOSIT,2026-12-14 20:58:21
TXN202600005115,ACC103859,4045.00,DEPOSIT,2026-12-11 02:30:40
TXN202600005116,ACC105176,670.41,WITHDRAWAL,2026-01-26 16:22:45
TXN202600005117,ACC109587,980.14,WITHDRAWAL,2026-09-26 23:46:16
TXN202600005118,ACC103018,3860.10,DEPOSIT,2026-05-20 16:20:50
TXN202600005119,ACC107593,487.60,WITHDRAWAL,2026-05-17 22:43:43
TXN202600005120,ACC101295,1435.30,DEPOSIT,2026-05-11 12:50:59
TXN202600005121,ACC109923,4833.47,DEPOSIT,2026-04-17 06:10:58
TXN202600005122,ACC109366,4477.62,DEPOSIT,2026-12-18 01:38:32
TXN202600005123,ACC109783,2810.70,DEPOSIT,2026-01-13 08:05:37
TXN202600005124,ACC101750,3932.97,DEPOSIT,2026-03-19 12:45:01
TXN202600005125,ACC103834,4313.35,DEPOSIT,2026-07-28 17:02:56
TXN202600005126,ACC108725,806.70,DEPOSIT,2026-08-11 20:52:20
TXN202600005127,ACC101547,930.76,DEPOSIT,2026-07-01 21:50:46
TXN202600005128,ACC102342,908.08,REVERSAL,2026-04-19 18:42:20
TXN202600005129,ACC107213,729.13,WITHDRAWAL,2026-08-06 02:49:50
TXN202600005130,ACC101935,2908.67,DEPOSIT,2026-02-08 08:44:17
TXN202600005131,ACC103090,861.94,WITHDRAWAL,2026-06-12 21:38:33
TXN202600005132,ACC107223,3583.35,DEPOSIT,2026-03-12 18:21:31
TXN202600005133,ACC109779,739.36,REVERSAL,2026-03-20 13:41:29
TXN202600005134,ACC106492,2418.12,DEPOSIT,2026-04-05 05:14:51
TXN202600005135,ACC109997,2061.12,WITHDRAWAL,2026-12-08 18:53:37
TXN202600005136,ACC101587,328.13,REVERSAL,2026-02-22 02:54:21
TXN202600005137,ACC101222,1962.22,DEPOSIT,2026-10-05 10:20:32
TXN202600005138,ACC107962,1356.95,WITHDRAWAL,2026-02-15 23:47:26
TXN202600005139,ACC107614,3788.40,DEPOSIT,2026-12-09 08:45:40
TXN202600005140,ACC102584,850.55,WITHDRAWAL,2026-09-26 03:16:53
TXN202600005141,ACC100337,2854.50,DEPOSIT,2026-08-17 16:57:40
TXN202600005142,ACC106469,781.88,DEPOSIT,2026-07-08 03:04:27
TXN202600005143,ACC100809,2397.07,DEPOSIT,2026-06-01 11:39:19
TXN202600005144,ACC101172,579.87,DEPOSIT,2026-04-25 13:24:53
TXN202600005145,ACC104002,4444.81,DEPOSIT,2026-01-13 11:53:33
TXN202600005146,ACC108093,4486.38,DEPOSIT,2026-11-28 00:49:03
TXN202600005147,ACC104133,4924.95,DEPOSIT,2026-03-15 03:05:59
TXN202600005148,ACC102856,3144.73,DEPOSIT,2026-01-28 22:57:30
TXN202600005149,ACC105655,4682.97,DEPOSIT,2026-07-03 06:20:27
TXN202600005150,ACC105605,4859.57,DEPOSIT,2026-02-08 23:15:58
TXN202600005151,ACC104907,626.78,DEPOSIT,2026-10-22 18:06:16
TXN202600005152,ACC103352,697.30,DEPOSIT,2026-11-22 19:43:54
TXN202600005153,ACC109010,1626.62,WITHDRAWAL,2026-11-12 17:24:53
TXN202600005154,ACC106608,1447.29,WITHDRAWAL,2026-08-22 12:32:29
TXN202600005155,ACC102115,1678.90,WITHDRAWAL,2026-03-26 04:46:02
TXN202600005156,ACC109463,791.58,WITHDRAWAL,2026-12-09 13:10:46
TXN202600005157,ACC100598,2948.88,DEPOSIT,2026-09-23 04:38:48
TXN202600005158,ACC107780,2345.80,DEPOSIT,2026-11-13 10:32:15
TXN202600005159,ACC105356,3551.87,DEPOSIT,2026-03-19 22:57:55
TXN202600005160,ACC108188,1514.29,DEPOSIT,2026-03-10 13:49:43
TXN202600005161,ACC103721,583.62,WITHDRAWAL,2026-07-04 02:34:36
TXN202600005162,ACC101257,3552.05,DEPOSIT,2026-03-20 18:43:43
TXN202600005163,ACC106178,1869.01,WITHDRAWAL,2026-06-18 07:29:33
TXN202600005164,ACC106674,766.78,DEPOSIT,2026-06-20 16:49:44
TXN202600005165,ACC104162,1846.72,WITHDRAWAL,2026-06-04 14:16:49
TXN202600005166,ACC100232,735.99,WITHDRAWAL,2026-01-12 20:31:07
TXN202600005167,ACC100855,3606.99,DEPOSIT,2026-11-25 10:46:42
TXN202600005168,ACC106609,4666.32,DEPOSIT,2026-04-05 19:30:33
TXN202600005169,ACC109082,1668.33,DEPOSIT,2026-11-01 09:25:04
TXN202600005170,ACC102942,1066.27,WITHDRAWAL,2026-07-28 04:29:50
TXN202600005171,ACC106252,2443.03,DEPOSIT,2026-11-15 01:12:22
TXN202600005172,ACC106135,2702.06,DEPOSIT,2026-04-10 23:58:58
TXN202600005173,ACC104989,978.59,WITHDRAWAL,2026-07-12 01:38:31
TXN202600005174,ACC109528,2422.78,DEPOSIT,2026-01-06 06:25:59
TXN202600005175,ACC106807,795.31,WITHDRAWAL,2026-09-11 10:56:38
TXN202600005176,ACC108147,1374.96,DEPOSIT,2026-12-18 14:50:50
TXN202600005177,ACC102327,3113.49,DEPOSIT,2026-03-08 18:58:48
TXN202600005178,ACC104181,1200.99,WITHDRAWAL,2026-06-01 17:12:43
TXN202600005179,ACC106812,1880.24,WITHDRAWAL,2026-07-12 06:24:52
TXN202600005180,ACC107526,853.37,WITHDRAWAL,2026-06-27 11:34:51
TXN202600005181,ACC105785,2544.77,DEPOSIT,2026-12-02 17:14:25
TXN202600005182,ACC107433,680.73,WITHDRAWAL,2026-03-26 07:06:19
TXN202600005183,ACC102277,2435.01,DEPOSIT,2026-11-24 20:14:33
TXN202600005184,ACC106883,1840.52,DEPOSIT,2026-10-09 06:22:48
TXN202600005185,ACC104531,1771.12,DEPOSIT,2026-07-16 20:33:05
TXN202600005186,ACC101110,2125.04,DEPOSIT,2026-11-05 19:10:23
TXN202600005187,ACC107740,3608.70,DEPOSIT,2026-10-10 18:21:41
TXN202600005188,ACC100093,4098.10,DEPOSIT,2026-02-16 21:32:38
TXN202600005189,ACC103721,820.43,DEPOSIT,2026-10-28 19:29:21
TXN202600005190,ACC107539,644.44,REVERSAL,2026-08-03 09:11:04
TXN202600005191,ACC100686,3511.91,DEPOSIT,2026-12-05 20:09:09
TXN202600005192,ACC104013,1552.43,DEPOSIT,2026-08-15 19:07:01
TXN202600005193,ACC107585,2054.48,DEPOSIT,2026-09-17 09:30:55
TXN202600005194,ACC101671,3726.26,DEPOSIT,2026-08-22 09:02:22
TXN202600005195,ACC105656,618.45,WITHDRAWAL,2026-10-05 03:37:24
TXN202600005196,ACC103307,3101.40,DEPOSIT,2026-06-13 20:39:05
TXN202600005197,ACC109280,3002.72,DEPOSIT,2026-05-10 19:07:19
TXN202600005198,ACC104700,224.72,WITHDRAWAL,2026-09-02 04:13:17
TXN202600005199,ACC109754,668.35,WITHDRAWAL,2026-10-10 23:45:45
TXN202600005200,ACC101585,1253.98,DEPOSIT,2026-05-17 23:35:17
TXN202600005201,ACC106625,1896.92,DEPOSIT,2026-07-03 15:22:44
TXN202600005202,ACC100478,2569.12,DEPOSIT,2026-12-24 21:59:20
TXN202600005203,ACC103992,1246.51,DEPOSIT,2026-06-22 04:15:47
TXN202600005204,ACC104845,681.78,WITHDRAWAL,2026-05-15 02:58:02
TXN202600005205,ACC102720,2069.05,WITHDRAWAL,2026-09-20 14:11:42
TXN202600005206,ACC102538,4394.35,DEPOSIT,2026-10-19 17:30:28
TXN202600005207,ACC109317,112.09,WITHDRAWAL,2026-08-05 16:59:24
TXN202600005208,ACC105757,4922.46,DEPOSIT,2026-10-11 09:35:42
TXN202600005209,ACC106889,1506.09,DEPOSIT,2026-12-26 02:29:55
TXN202600005210,ACC107025,996.92,DEPOSIT,2026-09-13 22:59:09
TXN202600005211,ACC106824,2492.01,DEPOSIT,2026-03-28 10:49:01
TXN202600005212,ACC107043,3744.98,DEPOSIT,2026-01-18 15:29:24
TXN202600005213,ACC100427,1869.76,DEPOSIT,2026-08-11 08:14:05
TXN202600005214,ACC106805,4671.49,DEPOSIT,2026-12-28 15:34:30
TXN202600005215,ACC108249,1654.65,DEPOSIT,2026-04-13 04:15:27
TXN202600005216,ACC101344,2251.30,DEPOSIT,2026-11-02 03:51:50
TXN202600005217,ACC109560,2045.16,DEPOSIT,2026-07-12 14:45:57
TXN202600005218,ACC107224,1317.08,DEPOSIT,2026-06-27 06:56:31
TXN202600005219,ACC103027,2069.58,DEPOSIT,2026-01-23 10:17:47
TXN202600005220,ACC104410,1695.14,WITHDRAWAL,2026-01-04 11:49:09
TXN202600005221,ACC104164,4402.44,DEPOSIT,2026-02-12 13:27:03
TXN202600005222,ACC106002,1607.85,DEPOSIT,2026-06-16 00:30:30
TXN202600005223,ACC102561,2238.31,DEPOSIT,2026-10-15 00:30:55
TXN202600005224,ACC108792,376.72,REVERSAL,2026-02-09 04:30:55
TXN202600005225,ACC101635,1992.79,DEPOSIT,2026-09-27 08:36:27
TXN202600005226,ACC104873,1261.48,DEPOSIT,2026-05-08 13:37:26
TXN202600005227,ACC102050,344.29,WITHDRAWAL,2026-02-15 08:11:22
TXN202600005228,ACC100722,2065.64,DEPOSIT,2026-04-23 16:00:25
TXN202600005229,ACC107181,872.64,REVERSAL,2026-02-26 19:18:16
TXN202600005230,ACC103480,1740.02,WITHDRAWAL,2026-10-20 13:26:49
TXN202600005231,ACC101399,1105.80,DEPOSIT,2026-10-12 17:16:43
TXN202600005232,ACC102691,1665.16,DEPOSIT,2026-03-03 05:11:57
TXN202600005233,ACC109964,1904.01,WITHDRAWAL,2026-06-11 21:14:13
TXN202600005234,ACC104746,2640.42,DEPOSIT,2026-04-16 19:57:07
TXN202600005235,ACC106081,2753.58,DEPOSIT,2026-09-20 16:52:34
TXN202600005236,ACC100105,329.92,REVERSAL,2026-11-22 04:28:05
TXN202600005237,ACC104602,3313.90,DEPOSIT,2026-10-23 14:59:06
TXN202600005238,ACC107885,886.73,WITHDRAWAL,2026-03-16 20:07:15
TXN202600005239,ACC101173,3748.25,DEPOSIT,2026-08-08 11:27:37
TXN202600005240,ACC101841,3183.68,DEPOSIT,2026-09-13 23:09:29
TXN202600005241,ACC104549,392.81,WITHDRAWAL,2026-03-25 00:12:19
TXN202600005242,ACC101266,1636.93,WITHDRAWAL,2026-08-12 08:02:13
TXN202600005243,ACC103577,200.20,WITHDRAWAL,2026-12-09 16:39:39
TXN202600005244,ACC105021,1414.86,WITHDRAWAL,2026-10-03 10:11:41
TXN202600005245,ACC104252,651.16,REVERSAL,2026-11-10 02:46:37
TXN202600005246,ACC101641,1019.86,DEPOSIT,2026-04-17 00:21:26
TXN202600005247,ACC102854,1546.53,DEPOSIT,2026-10-18 17:41:37
TXN202600005248,ACC102047,1983.53,WITHDRAWAL,2026-02-04 02:38:55
TXN202600005249,ACC101088,570.55,DEPOSIT,2026-05-13 16:20:18
TXN202600005250,ACC102487,2881.77,DEPOSIT,2026-08-20 06:54:53
TXN202600005251,ACC103478,3111.68,DEPOSIT,2026-01-11 19:46:51
TXN202600005252,ACC108605,1674.84,WITHDRAWAL,2026-02-25 08:32:37
TXN202600005253,ACC103142,3069.51,DEPOSIT,2026-08-18 19:37:53
TXN202600005254,ACC104273,1064.18,WITHDRAWAL,2026-07-03 00:22:46
TXN202600005255,ACC103413,1406.32,DEPOSIT,2026-12-18 02:49:43
TXN202600005256,ACC103373,3190.91,DEPOSIT,2026-06-08 15:44:12
TXN202600005257,ACC106257,3530.81,DEPOSIT,2026-07-04 07:27:59
TXN202600005258,ACC103679,1692.28,WITHDRAWAL,2026-05-09 13:01:33
TXN202600005259,ACC100418,1356.71,DEPOSIT,2026-11-26 22:33:02
TXN202600005260,ACC103927,1868.88,WITHDRAWAL,2026-04-10 17:54:14
TXN202600005261,ACC105962,3555.70,DEPOSIT,2026-10-08 07:35:43
TXN202600005262,ACC103036,1360.82,DEPOSIT,2026-06-24 14:19:38
TXN202600005263,ACC105564,660.61,REVERSAL,2026-06-21 17:53:00
TXN202600005264,ACC102008,561.11,WITHDRAWAL,2026-10-09 14:42:09
TXN202600005265,ACC106345,3643.23,DEPOSIT,2026-11-25 10:25:54
TXN202600005266,ACC109922,806.94,WITHDRAWAL,2026-12-27 13:12:31
TXN202600005267,ACC104903,1543.55,WITHDRAWAL,2026-02-27 14:53:32
TXN202600005268,ACC109595,728.94,REVERSAL,2026-03-22 04:20:56
TXN202600005269,ACC109915,547.75,WITHDRAWAL,2026-06-28 01:58:11
TXN202600005270,ACC107712,4071.13,DEPOSIT,2026-04-23 01:25:36
TXN202600005271,ACC108742,2120.18,DEPOSIT,2026-01-14 19:08:05
TXN202600005272,ACC107727,551.94,WITHDRAWAL,2026-10-17 07:50:21
TXN202600005273,ACC108476,2102.59,DEPOSIT,2026-05-27 07:13:19
TXN202600005274,ACC107462,4430.88,DEPOSIT,2026-02-23 07:41:30
TXN202600005275,ACC102496,1419.30,WITHDRAWAL,2026-09-02 23:54:25
TXN202600005276,ACC106213,2236.37,DEPOSIT,2026-09-25 19:15:37
TXN202600005277,ACC103004,2478.71,DEPOSIT,2026-08-20 23:25:02
TXN202600005278,ACC102789,1685.39,DEPOSIT,2026-07-05 18:57:40
TXN202600005279,ACC105277,4638.23,DEPOSIT,2026-09-04 04:44:21
TXN202600005280,ACC107985,1117.15,DEPOSIT,2026-10-07 12:11:05
TXN202600005281,ACC108475,927.40,WITHDRAWAL,2026-05-20 09:11:04
TXN202600005282,ACC108033,1626.46,WITHDRAWAL,2026-02-04 11:29:45
TXN202600005283,ACC103879,3939.55,DEPOSIT,2026-06-08 22:44:27
TXN202600005284,ACC103750,1099.85,WITHDRAWAL,2026-05-07 04:06:11
TXN202600005285,ACC108398,1514.82,DEPOSIT,2026-08-14 21:41:12
TXN202600005286,ACC101248,4424.49,DEPOSIT,2026-08-26 09:33:11
TXN202600005287,ACC103947,1959.05,DEPOSIT,2026-11-20 09:32:50
TXN202600005288,ACC107788,1915.14,WITHDRAWAL,2026-04-28 13:27:18
TXN202600005289,ACC103738,1492.36,DEPOSIT,2026-01-15 21:00:40
TXN202600005290,ACC109354,3741.12,DEPOSIT,2026-05-13 02:04:36
TXN202600005291,ACC104631,4863.41,DEPOSIT,2026-09-21 07:00:53
TXN202600005292,ACC103691,4702.80,DEPOSIT,2026-05-23 02:11:37
TXN202600005293,ACC102069,1139.17,WITHDRAWAL,2026-08-09 14:07:58
TXN202600005294,ACC108776,4957.97,DEPOSIT,2026-09-16 00:05:01
TXN202600005295,ACC103867,2397.26,DEPOSIT,2026-07-19 23:39:03
TXN202600005296,ACC100798,4169.65,DEPOSIT,2026-11-08 01:38:00
TXN202600005297,ACC109818,618.56,DEPOSIT,2026-11-10 15:23:04
TXN202600005298,ACC101463,1635.61,DEPOSIT,2026-04-28 04:14:02
TXN202600005299,ACC107466,1996.81,DEPOSIT,2026-07-02 14:44:28
TXN202600005300,ACC101251,916.72,REVERSAL,2026-01-14 11:30:19
TXN202600005301,ACC101523,4403.19,DEPOSIT,2026-12-23 17:44:20
TXN202600005302,ACC105956,3656.92,DEPOSIT,2026-01-17 22:51:18
TXN202600005303,ACC102712,3797.86,DEPOSIT,2026-06-01 01:42:43
TXN202600005304,ACC105591,758.86,WITHDRAWAL,2026-04-06 18:44:15
TXN202600005305,ACC102542,3922.06,DEPOSIT,2026-10-07 13:10:20
TXN202600005306,ACC102991,3487.13,DEPOSIT,2026-07-24 02:05:21
TXN202600005307,ACC102875,815.62,DEPOSIT,2026-07-11 16:46:33
TXN202600005308,ACC108076,3724.82,DEPOSIT,2026-01-16 10:12:32
TXN202600005309,ACC106667,635.50,DEPOSIT,2026-03-03 08:46:51
TXN202600005310,ACC103785,2066.96,DEPOSIT,2026-07-09 12:12:40
TXN202600005311,ACC106892,4712.86,DEPOSIT,2026-08-05 05:01:32
TXN202600005312,ACC106916,1925.47,DEPOSIT,2026-12-06 01:46:26
TXN202600005313,ACC101866,3849.07,DEPOSIT,2026-05-10 02:48:38
TXN202600005314,ACC108984,625.55,WITHDRAWAL,2026-07-11 21:03:50
TXN202600005315,ACC109349,4852.66,DEPOSIT,2026-03-13 02:56:56
TXN202600005316,ACC104277,3685.06,DEPOSIT,2026-09-23 22:29:10
TXN202600005317,ACC107054,3793.60,DEPOSIT,2026-12-16 10:01:07
TXN202600005318,ACC106639,902.85,WITHDRAWAL,2026-08-08 10:25:46
TXN202600005319,ACC103025,4252.47,DEPOSIT,2026-03-11 14:53:43
TXN202600005320,ACC107717,692.63,WITHDRAWAL,2026-11-17 21:57:54
TXN202600005321,ACC107182,768.97,DEPOSIT,2026-08-20 11:24:13
TXN202600005322,ACC108776,4071.56,DEPOSIT,2026-01-08 04:52:54
TXN202600005323,ACC100689,3617.30,DEPOSIT,2026-03-08 00:33:02
TXN202600005324,ACC100988,2951.17,DEPOSIT,2026-08-01 17:06:01
TXN202600005325,ACC109872,1886.10,WITHDRAWAL,2026-05-03 09:47:54
TXN202600005326,ACC103916,642.15,WITHDRAWAL,2026-12-03 18:19:45
TXN202600005327,ACC104611,2025.05,WITHDRAWAL,2026-09-20 18:22:38
TXN202600005328,ACC102759,776.70,REVERSAL,2026-06-05 15:04:14
TXN202600005329,ACC101454,1194.34,WITHDRAWAL,2026-10-20 04:08:06
TXN202600005330,ACC106535,448.36,REVERSAL,2026-12-01 08:13:37
TXN202600005331,ACC101786,4129.90,DEPOSIT,2026-08-05 07:36:59
TXN202600005332,ACC107201,2804.46,DEPOSIT,2026-12-24 01:26:37
TXN202600005333,ACC106883,4761.55,DEPOSIT,2026-08-12 04:33:22
TXN202600005334,ACC100343,1985.23,WITHDRAWAL,2026-09-23 03:20:30
TXN202600005335,ACC101675,1655.87,DEPOSIT,2026-04-07 13:01:35
TXN202600005336,ACC105785,1273.07,DEPOSIT,2026-05-03 16:49:34
TXN202600005337,ACC107452,3439.73,DEPOSIT,2026-01-17 19:46:30
TXN202600005338,ACC102907,619.85,WITHDRAWAL,2026-01-01 02:28:05
TXN202600005339,ACC109356,2729.44,DEPOSIT,2026-06-20 11:51:04
TXN202600005340,ACC102561,1632.59,WITHDRAWAL,2026-10-24 17:00:07
TXN202600005341,ACC106377,189.03,REVERSAL,2026-02-01 05:55:25
TXN202600005342,ACC105174,3051.05,DEPOSIT,2026-10-11 23:52:13
TXN202600005343,ACC108052,2422.81,DEPOSIT,2026-01-03 03:18:41
TXN202600005344,ACC109482,1769.20,WITHDRAWAL,2026-08-24 00:12:30
TXN202600005345,ACC102459,3219.90,DEPOSIT,2026-03-13 18:37:45
TXN202600005346,ACC107626,3799.94,DEPOSIT,2026-09-18 19:18:21
TXN202600005347,ACC105423,1937.33,DEPOSIT,2026-05-22 08:16:21
TXN202600005348,ACC102778,1554.97,DEPOSIT,2026-11-27 23:22:08
TXN202600005349,ACC100997,2991.62,DEPOSIT,2026-06-04 03:40:00
TXN202600005350,ACC101951,864.73,WITHDRAWAL,2026-08-05 04:45:27
TXN202600005351,ACC102121,4825.43,DEPOSIT,2026-07-26 09:47:07
TXN202600005352,ACC104568,2304.44,DEPOSIT,2026-08-24 16:49:23
TXN202600005353,ACC109389,3316.42,DEPOSIT,2026-11-11 16:24:27
TXN202600005354,ACC102651,1473.50,DEPOSIT,2026-12-11 10:43:25
TXN202600005355,ACC100000,2785.86,DEPOSIT,2026-10-15 12:03:18
TXN202600005356,ACC100476,488.14,REVERSAL,2026-12-27 06:51:48
TXN202600005357,ACC104842,1712.27,DEPOSIT,2026-09-16 16:57:58
TXN202600005358,ACC103721,3192.90,DEPOSIT,2026-07-25 13:49:15
TXN202600005359,ACC105028,4587.52,DEPOSIT,2026-07-06 03:50:50
TXN202600005360,ACC100882,4481.36,DEPOSIT,2026-02-23 16:33:45
TXN202600005361,ACC109669,1312.61,DEPOSIT,2026-11-13 09:24:57
TXN202600005362,ACC102660,1630.27,WITHDRAWAL,2026-07-05 09:27:11
TXN202600005363,ACC109848,3144.26,DEPOSIT,2026-10-16 18:37:33
TXN202600005364,ACC101317,557.79,REVERSAL,2026-09-15 21:09:51
TXN202600005365,ACC107129,2692.00,DEPOSIT,2026-04-23 18:30:08
TXN202600005366,ACC106250,1035.70,DEPOSIT,2026-01-24 10:42:48
TXN202600005367,ACC105680,4371.10,DEPOSIT,2026-07-10 14:02:51
TXN202600005368,ACC106021,3268.95,DEPOSIT,2026-06-18 16:28:52
TXN202600005369,ACC107781,2525.06,DEPOSIT,2026-11-09 08:37:48
TXN202600005370,ACC104428,1916.21,WITHDRAWAL,2026-06-09 15:08:11
TXN202600005371,ACC106193,2200.74,DEPOSIT,2026-09-05 07:45:29
TXN202600005372,ACC108563,4568.13,DEPOSIT,2026-01-14 21:30:58
TXN202600005373,ACC108470,562.70,WITHDRAWAL,2026-03-16 14:04:40
TXN202600005374,ACC106906,1559.17,DEPOSIT,2026-09-28 10:24:36
TXN202600005375,ACC102950,4028.52,DEPOSIT,2026-01-25 23:13:53
TXN202600005376,ACC101650,1218.29,DEPOSIT,2026-05-14 02:39:18
TXN202600005377,ACC105455,629.58,REVERSAL,2026-11-27 11:53:36
TXN202600005378,ACC102921,3928.84,DEPOSIT,2026-02-12 14:41:49
TXN202600005379,ACC102823,3383.60,DEPOSIT,2026-08-11 08:06:56
TXN202600005380,ACC109493,525.56,WITHDRAWAL,2026-07-13 07:26:06
TXN202600005381,ACC100611,1441.60,WITHDRAWAL,2026-10-14 23:26:56
TXN202600005382,ACC101678,1432.60,WITHDRAWAL,2026-03-10 15:21:41
TXN202600005383,ACC101618,3294.69,DEPOSIT,2026-08-13 17:02:38
TXN202600005384,ACC106469,4187.04,DEPOSIT,2026-07-11 14:31:27
TXN202600005385,ACC104407,776.33,DEPOSIT,2026-12-28 05:10:42
TXN202600005386,ACC108146,2318.21,DEPOSIT,2026-11-28 13:15:06
TXN202600005387,ACC109108,1935.42,WITHDRAWAL,2026-06-22 09:42:33
TXN202600005388,ACC107578,1986.00,DEPOSIT,2026-10-15 02:06:35
TXN202600005389,ACC105891,3903.60,DEPOSIT,2026-07-23 02:43:55
TXN202600005390,ACC106189,1251.89,WITHDRAWAL,2026-10-14 09:47:59
TXN202600005391,ACC107950,4140.08,DEPOSIT,2026-06-08 10:07:13
TXN202600005392,ACC100766,3403.47,DEPOSIT,2026-12-05 03:55:50
TXN202600005393,ACC100383,1746.84,DEPOSIT,2026-03-08 13:55:29
TXN202600005394,ACC100781,1609.29,WITHDRAWAL,2026-09-13 14:22:22
TXN202600005395,ACC104050,781.52,WITHDRAWAL,2026-05-03 07:19:17
TXN202600005396,ACC102271,404.11,REVERSAL,2026-07-28 08:13:33
TXN202600005397,ACC108023,3759.10,DEPOSIT,2026-01-24 05:49:20
TXN202600005398,ACC103230,546.82,REVERSAL,2026-12-19 08:52:59
TXN202600005399,ACC108805,380.08,WITHDRAWAL,2026-10-17 21:39:45
TXN202600005400,ACC104172,1217.89,DEPOSIT,2026-10-19 19:17:58
TXN202600005401,ACC101817,1446.00,WITHDRAWAL,2026-07-24 21:19:27
TXN202600005402,ACC107857,1046.66,WITHDRAWAL,2026-10-20 08:12:26
TXN202600005403,ACC106908,2534.40,DEPOSIT,2026-01-10 21:04:33
TXN202600005404,ACC101892,4765.59,DEPOSIT,2026-06-20 09:38:05
TXN202600005405,ACC107683,1903.16,DEPOSIT,2026-10-22 10:55:27
TXN202600005406,ACC104487,4720.13,DEPOSIT,2026-07-01 06:24:29
TXN202600005407,ACC109985,3262.26,DEPOSIT,2026-10-11 08:13:04
TXN202600005408,ACC102412,1527.82,DEPOSIT,2026-04-13 23:13:46
TXN202600005409,ACC104855,4059.85,DEPOSIT,2026-06-03 02:08:00
TXN202600005410,ACC103620,3304.30,DEPOSIT,2026-06-24 13:35:19
TXN202600005411,ACC108413,1927.11,DEPOSIT,2026-03-04 02:56:53
TXN202600005412,ACC104343,3173.13,DEPOSIT,2026-08-12 05:15:23
TXN202600005413,ACC109288,1667.41,WITHDRAWAL,2026-05-14 23:03:30
TXN202600005414,ACC104350,975.09,DEPOSIT,2026-03-25 10:33:17
TXN202600005415,ACC102492,1374.95,DEPOSIT,2026-01-04 07:22:55
TXN202600005416,ACC109229,3988.26,DEPOSIT,2026-07-08 06:19:02
TXN202600005417,ACC103773,4222.76,DEPOSIT,2026-12-28 02:32:37
TXN202600005418,ACC104333,313.49,WITHDRAWAL,2026-01-12 12:15:20
TXN202600005419,ACC101150,2600.65,DEPOSIT,2026-02-17 16:57:26
TXN202600005420,ACC105670,1637.19,DEPOSIT,2026-06-28 13:39:17
TXN202600005421,ACC109435,332.10,WITHDRAWAL,2026-04-27 00:36:52
TXN202600005422,ACC108122,3283.80,DEPOSIT,2026-04-22 13:33:52
TXN202600005423,ACC105873,3351.45,DEPOSIT,2026-10-18 06:29:27
TXN202600005424,ACC105661,1743.32,DEPOSIT,2026-04-17 01:36:56
TXN202600005425,ACC102812,683.88,DEPOSIT,2026-05-09 08:26:53
TXN202600005426,ACC106674,1075.02,DEPOSIT,2026-08-27 07:21:03
TXN202600005427,ACC100106,2541.89,DEPOSIT,2026-01-07 05:58:40
TXN202600005428,ACC106560,3842.78,DEPOSIT,2026-03-05 02:28:54
TXN202600005429,ACC103564,4713.46,DEPOSIT,2026-02-16 02:48:39
TXN202600005430,ACC103394,4291.77,DEPOSIT,2026-03-06 16:27:04
TXN202600005431,ACC109131,3962.11,DEPOSIT,2026-05-04 02:54:53
TXN202600005432,ACC101980,1540.55,DEPOSIT,2026-11-12 09:05:55
TXN202600005433,ACC106775,1340.62,DEPOSIT,2026-06-28 17:24:55
TXN202600005434,ACC109242,1321.32,DEPOSIT,2026-11-22 06:00:16
TXN202600005435,ACC108492,215.56,WITHDRAWAL,2026-06-27 05:13:08
TXN202600005436,ACC100483,3250.38,DEPOSIT,2026-05-04 19:53:59
TXN202600005437,ACC103150,233.13,WITHDRAWAL,2026-04-06 18:41:27
TXN202600005438,ACC104140,1952.21,WITHDRAWAL,2026-05-25 11:33:47
TXN202600005439,ACC100341,4816.92,DEPOSIT,2026-04-21 23:34:53
TXN202600005440,ACC104408,714.40,DEPOSIT,2026-08-02 22:48:09
TXN202600005441,ACC100114,2498.79,DEPOSIT,2026-12-17 18:10:41
TXN202600005442,ACC100539,768.91,WITHDRAWAL,2026-10-16 09:42:15
TXN202600005443,ACC100847,2416.03,DEPOSIT,2026-10-14 05:32:38
TXN202600005444,ACC107295,4579.06,DEPOSIT,2026-03-24 02:51:12
TXN202600005445,ACC108037,3953.88,DEPOSIT,2026-03-21 19:43:32
TXN202600005446,ACC103662,1694.33,DEPOSIT,2026-05-24 06:21:03
TXN202600005447,ACC104439,3023.83,DEPOSIT,2026-11-11 18:47:11
TXN202600005448,ACC100094,166.64,WITHDRAWAL,2026-01-02 17:06:33
TXN202600005449,ACC103533,3033.78,DEPOSIT,2026-06-21 07:05:57
TXN202600005450,ACC108540,3994.79,DEPOSIT,2026-11-16 09:39:12
TXN202600005451,ACC103756,3564.97,DEPOSIT,2026-07-05 00:35:34
TXN202600005452,ACC104992,348.89,WITHDRAWAL,2026-03-07 15:27:27
TXN202600005453,ACC106258,642.03,DEPOSIT,2026-03-10 02:20:27
TXN202600005454,ACC103983,4899.29,DEPOSIT,2026-02-25 02:19:43
TXN202600005455,ACC108510,1332.62,WITHDRAWAL,2026-02-28 08:01:00
TXN202600005456,ACC107007,2463.37,DEPOSIT,2026-01-10 02:03:25
TXN202600005457,ACC101452,1412.21,DEPOSIT,2026-02-04 12:23:34
TXN202600005458,ACC105843,4707.80,DEPOSIT,2026-10-28 06:24:49
TXN202600005459,ACC105311,1675.32,WITHDRAWAL,2026-01-22 05:11:30
TXN202600005460,ACC109735,1881.92,WITHDRAWAL,2026-09-23 10:05:59
TXN202600005461,ACC109704,2847.66,DEPOSIT,2026-09-17 04:05:36
TXN202600005462,ACC107062,621.35,WITHDRAWAL,2026-02-24 00:53:58
TXN202600005463,ACC106787,1195.66,DEPOSIT,2026-06-04 20:10:28
TXN202600005464,ACC106039,1549.16,WITHDRAWAL,2026-05-14 17:06:44
TXN202600005465,ACC105874,1467.17,WITHDRAWAL,2026-04-11 06:53:35
TXN202600005466,ACC107591,3279.49,DEPOSIT,2026-02-03 16:52:50
TXN202600005467,ACC108417,3667.52,DEPOSIT,2026-11-13 22:43:49
TXN202600005468,ACC107953,497.27,WITHDRAWAL,2026-09-21 12:33:05
TXN202600005469,ACC107897,109.56,WITHDRAWAL,2026-01-12 21:19:23
TXN202600005470,ACC107128,3961.82,DEPOSIT,2026-02-20 00:45:46
TXN202600005471,ACC108290,3959.71,DEPOSIT,2026-07-04 20:20:13
TXN202600005472,ACC104390,2960.09,DEPOSIT,2026-02-19 00:10:20
TXN202600005473,ACC100880,725.88,REVERSAL,2026-04-21 17:11:26
TXN202600005474,ACC105150,4828.97,DEPOSIT,2026-02-19 01:01:28
TXN202600005475,ACC104302,323.53,WITHDRAWAL,2026-03-19 09:57:49
TXN202600005476,ACC100460,628.42,WITHDRAWAL,2026-08-09 13:21:53
TXN202600005477,ACC105464,2192.60,DEPOSIT,2026-12-05 18:10:46
TXN202600005478,ACC102286,871.61,WITHDRAWAL,2026-04-25 10:14:10
TXN202600005479,ACC109379,2211.92,DEPOSIT,2026-10-02 20:09:49
TXN202600005480,ACC105946,791.34,DEPOSIT,2026-12-05 22:34:52
TXN202600005481,ACC106777,1388.04,DEPOSIT,2026-07-09 03:33:53
TXN202600005482,ACC108079,1338.25,DEPOSIT,2026-09-11 09:43:06
TXN202600005483,ACC105040,611.74,WITHDRAWAL,2026-09-08 02:49:33
TXN202600005484,ACC108824,745.30,WITHDRAWAL,2026-06-02 15:04:56
TXN202600005485,ACC108344,3306.05,DEPOSIT,2026-09-28 07:27:25
TXN202600005486,ACC107436,566.06,DEPOSIT,2026-07-12 16:30:56
TXN202600005487,ACC102323,2073.33,DEPOSIT,2026-03-11 23:26:31
TXN202600005488,ACC109538,3205.65,DEPOSIT,2026-12-01 05:32:58
TXN202600005489,ACC106400,1042.83,REVERSAL,2026-02-09 06:48:52
TXN202600005490,ACC102160,2287.77,DEPOSIT,2026-11-01 09:47:57
TXN202600005491,ACC103265,3550.70,DEPOSIT,2026-01-02 14:12:42
TXN202600005492,ACC103955,4660.14,DEPOSIT,2026-04-15 01:04:43
TXN202600005493,ACC109787,756.54,WITHDRAWAL,2026-03-09 17:26:41
TXN202600005494,ACC105674,379.75,REVERSAL,2026-04-06 17:39:02
TXN202600005495,ACC105740,785.33,WITHDRAWAL,2026-07-27 04:22:14
TXN202600005496,ACC104268,4059.92,DEPOSIT,2026-06-14 20:34:49
TXN202600005497,ACC103607,2383.01,DEPOSIT,2026-12-07 01:12:08
TXN202600005498,ACC108536,4815.67,DEPOSIT,2026-06-19 23:56:39
TXN202600005499,ACC109723,4467.81,DEPOSIT,2026-01-03 17:17:09
TXN202600005500,ACC101580,2987.35,DEPOSIT,2026-11-14 03:23:26
TXN202600005501,ACC109363,2976.25,DEPOSIT,2026-01-24 04:11:36
TXN202600005502,ACC105805,1638.22,DEPOSIT,2026-11-18 14:29:24
TXN202600005503,ACC106184,715.78,REVERSAL,2026-02-18 14:07:47
TXN202600005504,ACC101078,3560.33,DEPOSIT,2026-06-22 20:46:31
TXN202600005505,ACC108177,962.58,DEPOSIT,2026-03-15 08:59:20
TXN202600005506,ACC108141,1293.54,DEPOSIT,2026-05-13 07:01:19
TXN202600005507,ACC108651,313.71,REVERSAL,2026-04-13 15:31:50
TXN202600005508,ACC108400,3317.41,DEPOSIT,2026-10-15 15:45:09
TXN202600005509,ACC104211,1382.98,DEPOSIT,2026-11-04 05:29:18
TXN202600005510,ACC103886,3170.70,DEPOSIT,2026-06-02 07:02:11
TXN202600005511,ACC105057,1352.36,WITHDRAWAL,2026-01-18 02:53:23
TXN202600005512,ACC109824,561.54,REVERSAL,2026-10-17 06:13:43
TXN202600005513,ACC106127,1886.39,DEPOSIT,2026-03-07 06:08:46
TXN202600005514,ACC109366,1836.15,DEPOSIT,2026-02-21 15:07:17
TXN202600005515,ACC100617,2724.45,DEPOSIT,2026-03-20 06:56:14
TXN202600005516,ACC107055,1418.93,DEPOSIT,2026-07-10 14:48:30
TXN202600005517,ACC107565,533.83,WITHDRAWAL,2026-02-19 00:49:57
TXN202600005518,ACC100145,3769.46,DEPOSIT,2026-08-13 22:48:34
TXN202600005519,ACC103554,360.23,WITHDRAWAL,2026-12-01 13:23:09
TXN202600005520,ACC105415,4065.62,DEPOSIT,2026-01-28 11:15:22
TXN202600005521,ACC100806,786.57,DEPOSIT,2026-08-16 01:36:54
TXN202600005522,ACC106473,272.32,WITHDRAWAL,2026-04-13 00:22:35
TXN202600005523,ACC104912,1334.27,DEPOSIT,2026-07-26 17:15:21
TXN202600005524,ACC107398,4829.79,DEPOSIT,2026-01-16 14:13:39
TXN202600005525,ACC101845,565.13,WITHDRAWAL,2026-07-07 02:46:42
TXN202600005526,ACC109262,1040.01,REVERSAL,2026-06-14 02:58:48
TXN202600005527,ACC108134,1302.14,DEPOSIT,2026-12-15 10:56:51
TXN202600005528,ACC104123,4458.67,DEPOSIT,2026-04-26 02:55:05
TXN202600005529,ACC106407,1376.59,DEPOSIT,2026-11-02 13:35:45
TXN202600005530,ACC108781,2652.39,DEPOSIT,2026-09-27 03:04:49
TXN202600005531,ACC102555,357.08,WITHDRAWAL,2026-07-08 05:41:12
TXN202600005532,ACC106741,600.19,WITHDRAWAL,2026-06-13 01:16:39
TXN202600005533,ACC108012,966.19,WITHDRAWAL,2026-11-15 15:59:46
TXN202600005534,ACC109755,2878.50,DEPOSIT,2026-08-07 12:38:55
TXN202600005535,ACC105639,3508.12,DEPOSIT,2026-10-01 06:39:56
TXN202600005536,ACC108393,1660.17,WITHDRAWAL,2026-03-06 20:41:45
TXN202600005537,ACC109205,237.94,WITHDRAWAL,2026-09-12 22:39:03
TXN202600005538,ACC105369,216.15,WITHDRAWAL,2026-12-19 01:00:31
TXN202600005539,ACC101364,1129.39,DEPOSIT,2026-05-19 15:02:50
TXN202600005540,ACC102986,708.68,WITHDRAWAL,2026-02-06 16:07:33
TXN202600005541,ACC109109,4331.46,DEPOSIT,2026-12-01 19:18:46
TXN202600005542,ACC106046,2137.10,DEPOSIT,2026-04-06 13:23:33
TXN202600005543,ACC103071,2148.08,DEPOSIT,2026-05-21 07:25:26
TXN202600005544,ACC107296,1304.00,WITHDRAWAL,2026-04-14 09:33:41
TXN202600005545,ACC106337,3798.40,DEPOSIT,2026-05-02 01:50:32
TXN202600005546,ACC104178,2194.24,DEPOSIT,2026-03-14 01:08:10
TXN202600005547,ACC108710,4982.36,DEPOSIT,2026-06-08 03:45:34
TXN202600005548,ACC103235,4671.27,DEPOSIT,2026-05-24 03:53:38
TXN202600005549,ACC106098,457.25,REVERSAL,2026-02-16 04:34:37
TXN202600005550,ACC104318,2837.16,DEPOSIT,2026-12-06 05:59:54
TXN202600005551,ACC101338,2987.42,DEPOSIT,2026-02-20 07:06:49
TXN202600005552,ACC100207,1207.19,WITHDRAWAL,2026-11-08 03:32:46
TXN202600005553,ACC109376,2357.89,DEPOSIT,2026-05-21 11:55:37
TXN202600005554,ACC107887,2097.67,DEPOSIT,2026-09-11 12:38:14
TXN202600005555,ACC103196,697.19,REVERSAL,2026-12-05 06:42:23
TXN202600005556,ACC100927,1397.53,DEPOSIT,2026-12-14 02:36:59
TXN202600005557,ACC101398,4859.94,DEPOSIT,2026-06-19 22:05:24
TXN202600005558,ACC107538,1759.88,WITHDRAWAL,2026-07-21 04:57:59
TXN202600005559,ACC106145,3699.47,DEPOSIT,2026-11-22 05:32:10
TXN202600005560,ACC104548,620.60,DEPOSIT,2026-07-12 10:03:25
TXN202600005561,ACC109746,3198.63,DEPOSIT,2026-01-03 16:13:43
TXN202600005562,ACC107943,1767.85,DEPOSIT,2026-08-22 03:53:33
TXN202600005563,ACC101071,2034.19,DEPOSIT,2026-06-02 04:10:45
TXN202600005564,ACC100365,714.21,DEPOSIT,2026-07-06 14:43:16
TXN202600005565,ACC103332,431.12,REVERSAL,2026-11-07 21:58:29
TXN202600005566,ACC104608,613.04,REVERSAL,2026-01-19 11:31:44
TXN202600005567,ACC103407,4593.95,DEPOSIT,2026-10-07 12:40:08
TXN202600005568,ACC100541,1216.72,DEPOSIT,2026-06-15 05:33:11
TXN202600005569,ACC102108,1371.90,DEPOSIT,2026-01-22 20:21:30
TXN202600005570,ACC103648,1190.54,DEPOSIT,2026-03-27 15:07:33
TXN202600005571,ACC106811,4973.17,DEPOSIT,2026-12-13 01:39:29
TXN202600005572,ACC108234,1546.86,WITHDRAWAL,2026-07-18 23:48:37
TXN202600005573,ACC107198,556.48,REVERSAL,2026-05-16 14:47:26
TXN202600005574,ACC106814,1546.78,DEPOSIT,2026-09-21 19:35:05
TXN202600005575,ACC107007,1692.15,WITHDRAWAL,2026-02-13 08:55:57
TXN202600005576,ACC100218,3045.25,DEPOSIT,2026-05-20 15:36:47
TXN202600005577,ACC106718,959.56,WITHDRAWAL,2026-10-24 12:19:46
TXN202600005578,ACC100593,2155.42,DEPOSIT,2026-11-10 23:52:57
TXN202600005579,ACC106169,3180.39,DEPOSIT,2026-05-16 10:30:12
TXN202600005580,ACC105382,2844.30,DEPOSIT,2026-01-02 23:17:43
TXN202600005581,ACC104230,255.15,WITHDRAWAL,2026-04-28 04:59:50
TXN202600005582,ACC107795,1549.10,DEPOSIT,2026-01-26 20:21:28
TXN202600005583,ACC104443,2100.93,DEPOSIT,2026-05-11 16:06:56
TXN202600005584,ACC104376,1306.51,DEPOSIT,2026-02-14 14:19:42
TXN202600005585,ACC104941,3001.75,DEPOSIT,2026-01-05 05:25:37
TXN202600005586,ACC108785,587.81,DEPOSIT,2026-09-09 13:57:59
TXN202600005587,ACC105925,1300.11,DEPOSIT,2026-07-13 20:31:03
TXN202600005588,ACC102030,1814.27,DEPOSIT,2026-04-16 13:22:06
TXN202600005589,ACC104095,516.67,WITHDRAWAL,2026-12-09 22:52:51
TXN202600005590,ACC102838,2404.77,DEPOSIT,2026-08-12 15:59:04
TXN202600005591,ACC101789,4337.32,DEPOSIT,2026-10-18 06:32:43
TXN202600005592,ACC102359,2283.17,DEPOSIT,2026-12-27 04:29:41
TXN202600005593,ACC104265,1078.39,WITHDRAWAL,2026-09-26 11:22:18
TXN202600005594,ACC101173,706.70,WITHDRAWAL,2026-06-07 00:29:26
TXN202600005595,ACC103161,776.81,WITHDRAWAL,2026-10-12 19:20:33
TXN202600005596,ACC107186,3104.74,DEPOSIT,2026-02-03 01:40:24
TXN202600005597,ACC100619,861.66,REVERSAL,2026-11-02 23:20:24
TXN202600005598,ACC104477,2921.32,DEPOSIT,2026-09-22 03:47:34
TXN202600005599,ACC108977,1313.74,WITHDRAWAL,2026-03-14 23:23:14
TXN202600005600,ACC104372,2026.00,WITHDRAWAL,2026-11-25 02:27:28
TXN202600005601,ACC109894,1939.31,WITHDRAWAL,2026-08-23 18:59:02
TXN202600005602,ACC101236,4010.40,DEPOSIT,2026-09-14 02:39:41
TXN202600005603,ACC109039,2003.19,WITHDRAWAL,2026-06-03 20:56:31
TXN202600005604,ACC104288,2429.85,DEPOSIT,2026-10-08 21:50:32
TXN202600005605,ACC106894,742.40,WITHDRAWAL,2026-04-21 11:59:07
TXN202600005606,ACC108511,3912.18,DEPOSIT,2026-02-23 18:40:47
TXN202600005607,ACC103232,2843.22,DEPOSIT,2026-07-01 08:54:46
TXN202600005608,ACC102222,1841.64,DEPOSIT,2026-03-23 23:01:16
TXN202600005609,ACC101910,1273.37,WITHDRAWAL,2026-06-09 07:12:57
TXN202600005610,ACC102021,1113.97,WITHDRAWAL,2026-11-09 03:01:57
TXN202600005611,ACC107282,2978.92,DEPOSIT,2026-09-12 19:01:57
TXN202600005612,ACC105799,519.67,WITHDRAWAL,2026-06-06 01:15:03
TXN202600005613,ACC102600,929.83,WITHDRAWAL,2026-12-01 00:38:31
TXN202600005614,ACC108417,932.12,WITHDRAWAL,2026-04-21 04:24:03
TXN202600005615,ACC107973,2818.63,DEPOSIT,2026-12-05 22:23:18
TXN202600005616,ACC107444,1361.07,DEPOSIT,2026-12-25 20:21:21
TXN202600005617,ACC105949,3646.95,DEPOSIT,2026-11-27 22:14:21
TXN202600005618,ACC107934,1796.57,DEPOSIT,2026-05-14 18:17:22
TXN202600005619,ACC100492,1264.88,DEPOSIT,2026-10-01 20:57:45
TXN202600005620,ACC106964,4954.69,DEPOSIT,2026-02-21 22:21:09
TXN202600005621,ACC102222,988.02,REVERSAL,2026-12-01 02:57:47
TXN202600005622,ACC109387,1431.86,WITHDRAWAL,2026-05-06 10:50:30
TXN202600005623,ACC108714,1781.42,DEPOSIT,2026-01-10 12:21:48
TXN202600005624,ACC102372,238.98,WITHDRAWAL,2026-11-27 18:01:56
TXN202600005625,ACC103755,3756.68,DEPOSIT,2026-04-07 05:22:41
TXN202600005626,ACC109174,1196.10,WITHDRAWAL,2026-04-24 02:26:41
TXN202600005627,ACC106472,3545.61,DEPOSIT,2026-02-02 21:52:47
TXN202600005628,ACC107734,700.52,WITHDRAWAL,2026-06-17 19:35:24
TXN202600005629,ACC103265,1503.76,DEPOSIT,2026-12-03 12:45:19
TXN202600005630,ACC104483,1622.80,DEPOSIT,2026-08-09 20:40:42
TXN202600005631,ACC108619,639.62,DEPOSIT,2026-05-25 16:43:07
TXN202600005632,ACC105341,1723.95,DEPOSIT,2026-01-16 17:56:29
TXN202600005633,ACC100676,120.34,WITHDRAWAL,2026-02-05 07:36:42
TXN202600005634,ACC100036,3121.74,DEPOSIT,2026-11-21 02:31:10
TXN202600005635,ACC109248,4484.46,DEPOSIT,2026-06-21 09:39:43
TXN202600005636,ACC105837,2056.66,DEPOSIT,2026-11-02 10:35:07
TXN202600005637,ACC101589,4571.08,DEPOSIT,2026-05-28 05:34:09
TXN202600005638,ACC101631,3800.41,DEPOSIT,2026-02-24 10:49:42
TXN202600005639,ACC106258,891.44,DEPOSIT,2026-09-21 05:10:49
TXN202600005640,ACC107949,619.96,DEPOSIT,2026-10-16 01:48:21
TXN202600005641,ACC108026,2065.31,WITHDRAWAL,2026-12-11 09:03:17
TXN202600005642,ACC107133,1359.63,DEPOSIT,2026-07-20 18:58:55
TXN202600005643,ACC107967,2062.92,WITHDRAWAL,2026-02-12 21:01:13
TXN202600005644,ACC102757,4919.06,DEPOSIT,2026-01-15 11:51:35
TXN202600005645,ACC108186,1295.85,DEPOSIT,2026-11-13 15:09:37
TXN202600005646,ACC102822,4320.59,DEPOSIT,2026-12-03 13:11:39
TXN202600005647,ACC101928,1280.04,WITHDRAWAL,2026-04-20 01:05:42
TXN202600005648,ACC101170,234.88,WITHDRAWAL,2026-11-12 12:52:12
TXN202600005649,ACC107696,4383.82,DEPOSIT,2026-08-02 15:39:38
TXN202600005650,ACC102744,1986.02,WITHDRAWAL,2026-05-15 12:01:22
TXN202600005651,ACC103967,705.81,DEPOSIT,2026-02-02 22:48:55
TXN202600005652,ACC101919,141.89,WITHDRAWAL,2026-05-26 22:03:36
TXN202600005653,ACC109173,4055.31,DEPOSIT,2026-03-27 01:38:11
TXN202600005654,ACC103471,4157.83,DEPOSIT,2026-05-27 14:37:38
TXN202600005655,ACC104777,3267.45,DEPOSIT,2026-01-26 08:04:19
TXN202600005656,ACC106556,884.60,DEPOSIT,2026-08-12 02:23:43
TXN202600005657,ACC105000,406.68,WITHDRAWAL,2026-10-23 23:29:05
TXN202600005658,ACC104540,3131.76,DEPOSIT,2026-01-12 16:47:53
TXN202600005659,ACC105355,3703.07,DEPOSIT,2026-03-09 16:52:28
TXN202600005660,ACC102760,3594.13,DEPOSIT,2026-12-09 20:08:07
TXN202600005661,ACC107847,3138.43,DEPOSIT,2026-05-21 14:54:23
TXN202600005662,ACC107712,856.85,REVERSAL,2026-04-18 21:41:31
TXN202600005663,ACC100223,2422.64,DEPOSIT,2026-11-24 06:51:15
TXN202600005664,ACC108984,2546.81,DEPOSIT,2026-01-05 10:42:54
TXN202600005665,ACC107876,2064.50,DEPOSIT,2026-02-18 20:48:31
TXN202600005666,ACC102368,776.64,WITHDRAWAL,2026-12-11 22:39:41
TXN202600005667,ACC104046,1588.80,DEPOSIT,2026-02-07 07:22:33
TXN202600005668,ACC105215,1798.44,DEPOSIT,2026-01-26 21:09:49
TXN202600005669,ACC106995,587.22,DEPOSIT,2026-06-10 10:32:20
TXN202600005670,ACC107648,3411.83,DEPOSIT,2026-11-17 10:54:55
TXN202600005671,ACC108660,3945.80,DEPOSIT,2026-03-21 08:47:52
TXN202600005672,ACC106709,4660.50,DEPOSIT,2026-07-06 23:25:38
TXN202600005673,ACC106056,3190.04,DEPOSIT,2026-09-07 19:34:25
TXN202600005674,ACC102601,934.68,DEPOSIT,2026-03-25 23:46:50
TXN202600005675,ACC102769,1214.83,WITHDRAWAL,2026-03-08 17:18:03
TXN202600005676,ACC105794,924.06,WITHDRAWAL,2026-02-09 19:41:58
TXN202600005677,ACC105659,4811.82,DEPOSIT,2026-05-23 10:35:15
TXN202600005678,ACC109812,1939.84,DEPOSIT,2026-11-20 14:59:22
TXN202600005679,ACC102436,1923.11,DEPOSIT,2026-01-19 18:25:25
TXN202600005680,ACC109314,1480.45,DEPOSIT,2026-03-05 07:02:58
TXN202600005681,ACC107990,1867.10,DEPOSIT,2026-11-20 00:54:03
TXN202600005682,ACC105134,870.56,REVERSAL,2026-04-10 11:21:48
TXN202600005683,ACC108704,533.11,DEPOSIT,2026-02-18 09:53:11
TXN202600005684,ACC107937,1511.28,DEPOSIT,2026-02-08 04:22:38
TXN202600005685,ACC102243,2168.45,DEPOSIT,2026-09-16 12:25:19
TXN202600005686,ACC102772,2817.45,DEPOSIT,2026-01-26 10:16:24
TXN202600005687,ACC109304,1670.48,WITHDRAWAL,2026-02-18 02:35:12
TXN202600005688,ACC106797,830.78,REVERSAL,2026-10-18 20:19:17
TXN202600005689,ACC104751,4339.70,DEPOSIT,2026-02-16 16:51:10
TXN202600005690,ACC107110,1804.75,DEPOSIT,2026-03-03 03:44:56
TXN202600005691,ACC106020,4605.54,DEPOSIT,2026-09-03 04:38:16
TXN202600005692,ACC103992,3569.04,DEPOSIT,2026-07-13 19:51:14
TXN202600005693,ACC109051,836.66,REVERSAL,2026-04-26 02:37:48
TXN202600005694,ACC101334,646.67,DEPOSIT,2026-06-15 06:15:02
TXN202600005695,ACC100108,334.07,REVERSAL,2026-02-15 02:53:25
TXN202600005696,ACC108709,1641.23,WITHDRAWAL,2026-02-18 14:35:10
TXN202600005697,ACC100536,4915.43,DEPOSIT,2026-04-25 00:11:37
TXN202600005698,ACC106888,125.74,WITHDRAWAL,2026-09-20 15:23:58
TXN202600005699,ACC104745,434.07,WITHDRAWAL,2026-03-26 07:55:51
TXN202600005700,ACC103592,1536.01,WITHDRAWAL,2026-09-15 23:34:27
TXN202600005701,ACC109272,1783.37,DEPOSIT,2026-08-21 11:25:31
TXN202600005702,ACC109328,2283.64,DEPOSIT,2026-10-16 03:08:02
TXN202600005703,ACC108265,1268.08,WITHDRAWAL,2026-02-09 17:13:36
TXN202600005704,ACC101656,619.78,DEPOSIT,2026-02-28 14:05:42
TXN202600005705,ACC107138,1047.32,WITHDRAWAL,2026-12-02 12:36:06
TXN202600005706,ACC102153,2965.35,DEPOSIT,2026-10-18 16:59:19
TXN202600005707,ACC103577,975.06,WITHDRAWAL,2026-01-21 06:32:08
TXN202600005708,ACC100158,3793.21,DEPOSIT,2026-04-28 09:34:21
TXN202600005709,ACC103307,914.94,WITHDRAWAL,2026-02-23 09:00:27
TXN202600005710,ACC108266,3417.42,DEPOSIT,2026-06-16 00:50:18
TXN202600005711,ACC106730,2535.02,DEPOSIT,2026-10-15 17:33:47
TXN202600005712,ACC107108,527.00,WITHDRAWAL,2026-10-11 21:54:33
TXN202600005713,ACC101023,474.99,WITHDRAWAL,2026-05-20 00:45:57
TXN202600005714,ACC101024,1589.43,DEPOSIT,2026-07-12 14:57:19
TXN202600005715,ACC101550,3822.48,DEPOSIT,2026-11-15 14:26:49
TXN202600005716,ACC102952,1036.44,REVERSAL,2026-01-27 09:52:12
TXN202600005717,ACC101752,1779.30,WITHDRAWAL,2026-01-14 10:24:49
TXN202600005718,ACC107417,412.38,WITHDRAWAL,2026-09-18 23:36:11
TXN202600005719,ACC105609,828.43,REVERSAL,2026-07-26 01:32:56
TXN202600005720,ACC101417,858.43,DEPOSIT,2026-01-01 01:18:43
TXN202600005721,ACC108691,1318.12,WITHDRAWAL,2026-12-08 09:44:31
TXN202600005722,ACC103076,4280.06,DEPOSIT,2026-03-01 10:45:48
TXN202600005723,ACC108946,2408.87,DEPOSIT,2026-03-02 02:12:18
TXN202600005724,ACC108502,873.05,WITHDRAWAL,2026-08-11 17:41:49
TXN202600005725,ACC103887,2593.22,DEPOSIT,2026-06-01 11:36:22
TXN202600005726,ACC109972,661.69,REVERSAL,2026-05-11 16:28:27
TXN202600005727,ACC106034,2989.56,DEPOSIT,2026-02-26 20:48:22
TXN202600005728,ACC108148,1495.85,DEPOSIT,2026-09-01 13:46:38
TXN202600005729,ACC102639,948.82,WITHDRAWAL,2026-02-14 20:09:27
TXN202600005730,ACC109884,796.63,DEPOSIT,2026-06-04 13:11:36
TXN202600005731,ACC107441,4469.09,DEPOSIT,2026-08-08 17:41:11
TXN202600005732,ACC106710,3882.99,DEPOSIT,2026-10-05 15:57:29
TXN202600005733,ACC105141,1767.15,WITHDRAWAL,2026-06-19 15:01:38
TXN202600005734,ACC102657,597.13,WITHDRAWAL,2026-02-23 04:37:10
TXN202600005735,ACC101646,3233.60,DEPOSIT,2026-10-25 23:36:08
TXN202600005736,ACC104452,888.07,WITHDRAWAL,2026-07-08 09:30:10
TXN202600005737,ACC105078,1747.38,WITHDRAWAL,2026-02-14 13:21:16
TXN202600005738,ACC105597,234.71,REVERSAL,2026-12-14 06:01:46
TXN202600005739,ACC104789,1015.75,WITHDRAWAL,2026-07-25 13:07:12
TXN202600005740,ACC104743,404.03,WITHDRAWAL,2026-08-13 14:36:43
TXN202600005741,ACC103515,1587.38,WITHDRAWAL,2026-01-13 19:16:38
TXN202600005742,ACC109624,2018.80,WITHDRAWAL,2026-12-12 03:13:47
TXN202600005743,ACC102552,4428.91,DEPOSIT,2026-08-22 22:39:15
TXN202600005744,ACC105544,1684.04,DEPOSIT,2026-02-14 13:52:22
TXN202600005745,ACC109451,2805.70,DEPOSIT,2026-06-23 08:27:24
TXN202600005746,ACC106270,2500.35,DEPOSIT,2026-10-14 14:13:08
TXN202600005747,ACC102217,2319.50,DEPOSIT,2026-01-15 20:40:27
TXN202600005748,ACC109478,3292.52,DEPOSIT,2026-09-08 21:24:53
TXN202600005749,ACC100132,2698.75,DEPOSIT,2026-08-23 20:46:23
TXN202600005750,ACC103838,2480.52,DEPOSIT,2026-12-24 21:23:20
TXN202600005751,ACC108315,1741.14,DEPOSIT,2026-01-07 14:22:31
TXN202600005752,ACC106111,1668.02,WITHDRAWAL,2026-11-02 09:06:21
TXN202600005753,ACC105761,3434.27,DEPOSIT,2026-06-01 18:29:16
TXN202600005754,ACC104054,4798.63,DEPOSIT,2026-08-19 14:30:33
TXN202600005755,ACC103974,4475.05,DEPOSIT,2026-06-08 02:52:19
TXN202600005756,ACC105875,554.94,DEPOSIT,2026-03-10 21:00:19
TXN202600005757,ACC102082,3246.50,DEPOSIT,2026-02-03 23:33:36
TXN202600005758,ACC107290,1584.26,DEPOSIT,2026-11-10 03:49:42
TXN202600005759,ACC104897,4412.47,DEPOSIT,2026-06-26 03:53:01
TXN202600005760,ACC103477,1408.85,WITHDRAWAL,2026-06-16 15:31:02
TXN202600005761,ACC108761,506.63,WITHDRAWAL,2026-06-09 00:54:06
TXN202600005762,ACC108428,113.57,WITHDRAWAL,2026-07-23 23:31:40
TXN202600005763,ACC102247,1893.58,DEPOSIT,2026-02-27 20:36:29
TXN202600005764,ACC108843,2400.35,DEPOSIT,2026-06-28 14:18:18
TXN202600005765,ACC105480,1677.33,DEPOSIT,2026-10-03 15:33:18
TXN202600005766,ACC108850,738.29,DEPOSIT,2026-09-01 22:26:52
TXN202600005767,ACC101380,2625.21,DEPOSIT,2026-10-14 02:41:34
TXN202600005768,ACC104379,2882.57,DEPOSIT,2026-01-21 22:10:57
TXN202600005769,ACC108854,2270.59,DEPOSIT,2026-11-13 06:41:06
TXN202600005770,ACC106053,1261.90,WITHDRAWAL,2026-06-17 16:38:58
TXN202600005771,ACC105751,3066.09,DEPOSIT,2026-10-14 06:23:50
TXN202600005772,ACC102958,966.41,WITHDRAWAL,2026-05-14 10:33:13
TXN202600005773,ACC104153,1145.61,WITHDRAWAL,2026-03-22 17:55:55
TXN202600005774,ACC107630,517.71,WITHDRAWAL,2026-02-14 14:09:34
TXN202600005775,ACC103072,4619.94,DEPOSIT,2026-07-14 00:22:54
TXN202600005776,ACC101855,4734.93,DEPOSIT,2026-07-07 08:08:20
TXN202600005777,ACC103739,663.51,WITHDRAWAL,2026-09-19 16:35:27
TXN202600005778,ACC102441,1674.51,DEPOSIT,2026-12-23 19:09:43
TXN202600005779,ACC108785,1908.47,WITHDRAWAL,2026-03-04 12:00:42
TXN202600005780,ACC103882,1609.36,WITHDRAWAL,2026-11-10 08:34:06
TXN202600005781,ACC101927,642.01,WITHDRAWAL,2026-05-18 10:03:45
TXN202600005782,ACC104947,1522.18,DEPOSIT,2026-11-09 19:43:39
TXN202600005783,ACC104046,1913.89,DEPOSIT,2026-12-15 00:25:13
TXN202600005784,ACC106751,1010.72,DEPOSIT,2026-05-07 12:49:46
TXN202600005785,ACC105178,1389.41,WITHDRAWAL,2026-10-17 11:16:59
TXN202600005786,ACC107885,2266.67,DEPOSIT,2026-04-19 23:11:16
TXN202600005787,ACC109134,2657.85,DEPOSIT,2026-09-03 04:33:46
TXN202600005788,ACC108045,835.27,DEPOSIT,2026-11-06 00:02:41
TXN202600005789,ACC100228,2523.81,DEPOSIT,2026-05-10 22:14:11
TXN202600005790,ACC109304,2877.94,DEPOSIT,2026-01-24 23:15:54
TXN202600005791,ACC104857,590.28,DEPOSIT,2026-03-01 00:50:12
TXN202600005792,ACC102185,331.09,WITHDRAWAL,2026-04-05 19:38:29
TXN202600005793,ACC104406,3443.97,DEPOSIT,2026-08-23 03:27:38
TXN202600005794,ACC107144,1400.62,DEPOSIT,2026-11-05 14:15:05
TXN202600005795,ACC100729,4775.96,DEPOSIT,2026-09-10 01:04:06
TXN202600005796,ACC108598,1335.96,DEPOSIT,2026-10-09 20:33:07
TXN202600005797,ACC101731,4263.04,DEPOSIT,2026-09-25 10:39:11
TXN202600005798,ACC105524,3662.39,DEPOSIT,2026-03-13 01:00:43
TXN202600005799,ACC106780,1254.32,DEPOSIT,2026-03-18 20:38:31
TXN202600005800,ACC108476,689.18,DEPOSIT,2026-12-07 22:59:28
TXN202600005801,ACC101553,242.25,WITHDRAWAL,2026-02-26 22:48:44
TXN202600005802,ACC106338,4381.06,DEPOSIT,2026-12-27 07:27:56
TXN202600005803,ACC104910,1161.32,WITHDRAWAL,2026-06-03 16:33:23
TXN202600005804,ACC108836,1514.51,WITHDRAWAL,2026-05-13 20:03:11
TXN202600005805,ACC104535,1408.74,WITHDRAWAL,2026-11-04 10:06:20
TXN202600005806,ACC104396,4806.66,DEPOSIT,2026-04-12 18:32:47
TXN202600005807,ACC109057,4876.58,DEPOSIT,2026-02-21 08:21:47
TXN202600005808,ACC109143,429.67,WITHDRAWAL,2026-02-08 21:06:49
TXN202600005809,ACC106062,4670.93,DEPOSIT,2026-07-05 07:03:31
TXN202600005810,ACC105519,4107.28,DEPOSIT,2026-06-26 04:02:31
TXN202600005811,ACC101542,2169.66,DEPOSIT,2026-10-13 06:01:01
TXN202600005812,ACC102244,1063.29,REVERSAL,2026-03-17 17:55:39
TXN202600005813,ACC103889,1361.49,WITHDRAWAL,2026-09-23 11:51:49
TXN202600005814,ACC102168,1342.65,WITHDRAWAL,2026-10-02 18:10:11
TXN202600005815,ACC101394,1369.39,DEPOSIT,2026-11-16 08:41:37
TXN202600005816,ACC103097,1604.80,DEPOSIT,2026-06-26 01:17:15
TXN202600005817,ACC107182,1931.82,WITHDRAWAL,2026-08-19 11:55:34
TXN202600005818,ACC104119,3599.95,DEPOSIT,2026-12-11 12:33:45
TXN202600005819,ACC107563,1713.47,DEPOSIT,2026-09-02 07:47:28
TXN202600005820,ACC102758,1779.04,WITHDRAWAL,2026-01-23 02:17:31
TXN202600005821,ACC105893,2037.09,DEPOSIT,2026-03-19 10:54:50
TXN202600005822,ACC101438,1785.79,WITHDRAWAL,2026-02-21 11:45:47
TXN202600005823,ACC104858,2367.03,DEPOSIT,2026-04-09 03:32:52
TXN202600005824,ACC100862,550.83,REVERSAL,2026-08-03 02:16:08
TXN202600005825,ACC106182,4871.81,DEPOSIT,2026-06-22 06:46:06
TXN202600005826,ACC100481,4647.37,DEPOSIT,2026-02-02 17:44:05
TXN202600005827,ACC102377,114.37,WITHDRAWAL,2026-08-09 07:14:30
TXN202600005828,ACC108215,1461.84,WITHDRAWAL,2026-01-06 17:14:59
TXN202600005829,ACC105909,1996.21,WITHDRAWAL,2026-02-09 09:33:45
TXN202600005830,ACC101349,4311.63,DEPOSIT,2026-06-13 20:14:20
TXN202600005831,ACC100260,805.42,DEPOSIT,2026-09-11 11:45:42
TXN202600005832,ACC108823,3031.05,DEPOSIT,2026-06-15 16:03:55
TXN202600005833,ACC106455,3864.58,DEPOSIT,2026-08-05 06:54:32
TXN202600005834,ACC109778,3088.93,DEPOSIT,2026-02-04 19:21:39
TXN202600005835,ACC107722,4270.27,DEPOSIT,2026-07-16 12:11:31
TXN202600005836,ACC109719,2968.65,DEPOSIT,2026-01-28 21:08:37
TXN202600005837,ACC104035,1436.28,WITHDRAWAL,2026-10-01 00:23:26
TXN202600005838,ACC102914,2270.49,DEPOSIT,2026-05-05 22:52:18
TXN202600005839,ACC105610,2021.88,DEPOSIT,2026-01-25 05:06:43
TXN202600005840,ACC109634,2400.67,DEPOSIT,2026-03-23 21:14:09
TXN202600005841,ACC103235,4908.91,DEPOSIT,2026-08-22 14:11:59
TXN202600005842,ACC103506,878.12,DEPOSIT,2026-11-17 02:42:49
TXN202600005843,ACC104904,1945.75,WITHDRAWAL,2026-10-10 17:15:30
TXN202600005844,ACC109700,2307.12,DEPOSIT,2026-12-21 08:05:28
TXN202600005845,ACC101266,3116.28,DEPOSIT,2026-08-06 00:26:28
TXN202600005846,ACC102846,1882.50,DEPOSIT,2026-04-17 10:30:37
TXN202600005847,ACC107207,2220.91,DEPOSIT,2026-07-21 14:06:03
TXN202600005848,ACC101661,4123.74,DEPOSIT,2026-04-22 16:52:40
TXN202600005849,ACC103758,4758.74,DEPOSIT,2026-05-07 02:49:06
TXN202600005850,ACC101238,1192.97,DEPOSIT,2026-07-05 14:58:07
TXN202600005851,ACC109918,1582.75,WITHDRAWAL,2026-06-09 20:54:57
TXN202600005852,ACC106172,140.62,WITHDRAWAL,2026-09-01 10:03:40
TXN202600005853,ACC102645,1332.62,WITHDRAWAL,2026-07-15 00:29:38
TXN202600005854,ACC108253,313.19,REVERSAL,2026-03-14 08:47:39
TXN202600005855,ACC107637,2776.38,DEPOSIT,2026-10-21 11:40:20
TXN202600005856,ACC106614,1217.92,DEPOSIT,2026-06-14 19:07:34
TXN202600005857,ACC109369,2775.10,DEPOSIT,2026-02-28 17:25:43
TXN202600005858,ACC104005,763.61,REVERSAL,2026-01-11 09:12:45
TXN202600005859,ACC103862,3935.91,DEPOSIT,2026-04-24 23:40:53
TXN202600005860,ACC109439,3820.22,DEPOSIT,2026-05-04 19:02:00
TXN202600005861,ACC108830,4171.74,DEPOSIT,2026-02-19 20:14:59
TXN202600005862,ACC105398,4336.73,DEPOSIT,2026-08-05 00:48:03
TXN202600005863,ACC102606,529.42,WITHDRAWAL,2026-07-16 23:01:36
TXN202600005864,ACC108157,4585.82,DEPOSIT,2026-05-19 21:41:33
TXN202600005865,ACC106856,2423.33,DEPOSIT,2026-09-02 05:40:16
TXN202600005866,ACC107479,2993.07,DEPOSIT,2026-07-16 19:14:28
TXN202600005867,ACC104523,4647.50,DEPOSIT,2026-08-25 02:27:33
TXN202600005868,ACC104201,1829.60,DEPOSIT,2026-08-01 13:47:10
TXN202600005869,ACC105279,1538.01,DEPOSIT,2026-12-15 16:28:00
TXN202600005870,ACC101297,1322.25,WITHDRAWAL,2026-10-24 19:12:22
TXN202600005871,ACC106173,1859.78,DEPOSIT,2026-02-25 16:12:06
TXN202600005872,ACC109775,599.72,WITHDRAWAL,2026-05-26 08:09:02
TXN202600005873,ACC102444,2092.17,WITHDRAWAL,2026-11-25 12:57:49
TXN202600005874,ACC109648,2028.27,WITHDRAWAL,2026-04-23 20:39:13
TXN202600005875,ACC104839,1427.99,WITHDRAWAL,2026-02-19 14:42:02
TXN202600005876,ACC102586,878.41,WITHDRAWAL,2026-11-06 06:09:23
TXN202600005877,ACC107019,658.82,DEPOSIT,2026-05-07 09:28:53
TXN202600005878,ACC105987,1116.00,DEPOSIT,2026-10-12 10:50:41
TXN202600005879,ACC101901,2204.31,DEPOSIT,2026-08-25 10:01:53
TXN202600005880,ACC109355,3451.29,DEPOSIT,2026-08-27 03:45:12
TXN202600005881,ACC108377,968.12,DEPOSIT,2026-01-26 18:54:58
TXN202600005882,ACC104777,1013.29,DEPOSIT,2026-10-07 21:04:35
TXN202600005883,ACC107702,1352.89,WITHDRAWAL,2026-07-24 18:38:09
TXN202600005884,ACC105441,3754.26,DEPOSIT,2026-06-16 09:15:05
TXN202600005885,ACC102341,1536.48,WITHDRAWAL,2026-10-13 11:59:19
TXN202600005886,ACC107731,455.34,WITHDRAWAL,2026-04-13 13:21:16
TXN202600005887,ACC103768,2780.34,DEPOSIT,2026-01-05 01:36:18
TXN202600005888,ACC107616,2734.81,DEPOSIT,2026-01-27 15:36:44
TXN202600005889,ACC104512,1897.69,DEPOSIT,2026-04-04 11:07:32
TXN202600005890,ACC101206,3608.18,DEPOSIT,2026-12-03 06:29:44
TXN202600005891,ACC106384,1433.97,DEPOSIT,2026-12-15 17:40:22
TXN202600005892,ACC104636,3365.08,DEPOSIT,2026-10-24 21:11:43
TXN202600005893,ACC107358,2482.21,DEPOSIT,2026-05-03 19:06:58
TXN202600005894,ACC104568,131.98,WITHDRAWAL,2026-05-03 21:22:39
TXN202600005895,ACC106569,4322.58,DEPOSIT,2026-06-13 09:14:45
TXN202600005896,ACC108028,2738.37,DEPOSIT,2026-01-01 05:45:31
TXN202600005897,ACC100452,3146.62,DEPOSIT,2026-04-25 04:12:20
TXN202600005898,ACC105552,3828.18,DEPOSIT,2026-08-03 16:12:31
TXN202600005899,ACC104721,681.68,REVERSAL,2026-09-02 09:40:17
TXN202600005900,ACC104745,3295.79,DEPOSIT,2026-12-07 11:08:06
TXN202600005901,ACC107418,4603.61,DEPOSIT,2026-04-12 05:19:47
TXN202600005902,ACC109815,1089.99,DEPOSIT,2026-10-28 09:44:16
TXN202600005903,ACC101082,1089.48,WITHDRAWAL,2026-07-17 09:04:55
TXN202600005904,ACC108014,4816.25,DEPOSIT,2026-09-19 13:10:26
TXN202600005905,ACC104232,3776.05,DEPOSIT,2026-05-05 10:02:02
TXN202600005906,ACC105515,1925.42,DEPOSIT,2026-05-21 19:59:46
TXN202600005907,ACC103556,4710.71,DEPOSIT,2026-03-12 21:02:24
TXN202600005908,ACC100551,1823.40,DEPOSIT,2026-07-08 11:00:07
TXN202600005909,ACC106283,865.26,WITHDRAWAL,2026-01-02 13:50:50
TXN202600005910,ACC106905,4850.44,DEPOSIT,2026-03-26 03:38:14
TXN202600005911,ACC101221,4385.55,DEPOSIT,2026-01-10 03:28:53
TXN202600005912,ACC106291,4721.65,DEPOSIT,2026-01-25 00:00:44
TXN202600005913,ACC104895,1358.46,WITHDRAWAL,2026-08-18 17:26:47
TXN202600005914,ACC100960,2320.66,DEPOSIT,2026-12-20 08:38:33
TXN202600005915,ACC103858,2028.56,WITHDRAWAL,2026-01-23 10:16:07
TXN202600005916,ACC108548,3397.62,DEPOSIT,2026-05-13 15:37:46
TXN202600005917,ACC108323,1294.24,WITHDRAWAL,2026-04-05 09:36:36
TXN202600005918,ACC109186,4701.29,DEPOSIT,2026-12-28 19:11:46
TXN202600005919,ACC109333,825.81,WITHDRAWAL,2026-08-01 12:30:58
TXN202600005920,ACC107292,1750.47,WITHDRAWAL,2026-10-20 14:48:58
TXN202600005921,ACC104921,1984.84,WITHDRAWAL,2026-01-06 21:51:34
TXN202600005922,ACC100259,4305.07,DEPOSIT,2026-07-09 07:58:24
TXN202600005923,ACC107703,1917.65,WITHDRAWAL,2026-05-22 13:04:45
TXN202600005924,ACC106255,3274.68,DEPOSIT,2026-10-25 21:03:11
TXN202600005925,ACC105397,1717.34,WITHDRAWAL,2026-06-13 21:25:21
TXN202600005926,ACC100153,613.74,DEPOSIT,2026-10-04 18:32:21
TXN202600005927,ACC103141,1378.69,DEPOSIT,2026-05-18 09:44:56
TXN202600005928,ACC103541,573.53,DEPOSIT,2026-12-07 23:11:53
TXN202600005929,ACC104508,1683.35,WITHDRAWAL,2026-06-03 19:00:30
TXN202600005930,ACC106909,695.63,WITHDRAWAL,2026-12-14 17:54:48
TXN202600005931,ACC100141,3539.94,DEPOSIT,2026-04-04 01:06:45
TXN202600005932,ACC100279,811.73,WITHDRAWAL,2026-10-06 16:15:43
TXN202600005933,ACC102900,503.66,WITHDRAWAL,2026-07-07 13:54:06
TXN202600005934,ACC104262,3545.54,DEPOSIT,2026-06-26 15:36:03
TXN202600005935,ACC108799,2665.97,DEPOSIT,2026-08-17 15:16:31
TXN202600005936,ACC101727,3269.11,DEPOSIT,2026-03-21 13:04:09
TXN202600005937,ACC105463,2961.70,DEPOSIT,2026-05-16 08:19:21
TXN202600005938,ACC107810,1032.58,WITHDRAWAL,2026-01-05 07:48:37
TXN202600005939,ACC103214,4178.31,DEPOSIT,2026-12-01 21:03:53
TXN202600005940,ACC103225,3497.99,DEPOSIT,2026-05-23 07:57:22
TXN202600005941,ACC100114,1942.55,DEPOSIT,2026-07-04 13:39:12
TXN202600005942,ACC106542,1589.16,WITHDRAWAL,2026-12-15 13:50:09
TXN202600005943,ACC104317,993.22,DEPOSIT,2026-10-20 01:25:39
TXN202600005944,ACC101382,822.08,WITHDRAWAL,2026-12-04 07:50:31
TXN202600005945,ACC101007,970.27,REVERSAL,2026-09-20 07:30:00
TXN202600005946,ACC103003,1011.35,DEPOSIT,2026-03-28 08:00:28
TXN202600005947,ACC109684,2369.35,DEPOSIT,2026-08-07 03:06:03
TXN202600005948,ACC108709,1128.37,WITHDRAWAL,2026-09-22 19:02:46
TXN202600005949,ACC109537,2073.94,DEPOSIT,2026-08-11 03:21:10
TXN202600005950,ACC109369,1573.32,WITHDRAWAL,2026-12-05 10:29:30
TXN202600005951,ACC108011,2042.05,WITHDRAWAL,2026-04-25 21:05:37
TXN202600005952,ACC104810,1486.65,DEPOSIT,2026-04-07 07:26:31
TXN202600005953,ACC109686,2778.90,DEPOSIT,2026-05-13 14:03:09
TXN202600005954,ACC106300,1309.01,WITHDRAWAL,2026-01-15 21:47:21
TXN202600005955,ACC107659,1149.18,DEPOSIT,2026-11-10 18:38:44
TXN202600005956,ACC105305,3354.67,DEPOSIT,2026-06-19 04:25:22
TXN202600005957,ACC102964,2064.46,DEPOSIT,2026-06-10 10:07:49
TXN202600005958,ACC100747,3524.26,DEPOSIT,2026-07-21 00:34:49
TXN202600005959,ACC107794,2701.94,DEPOSIT,2026-09-15 23:27:06
TXN202600005960,ACC103337,1993.74,DEPOSIT,2026-03-27 20:36:30
TXN202600005961,ACC103006,2948.45,DEPOSIT,2026-10-06 09:19:39
TXN202600005962,ACC103022,4942.96,DEPOSIT,2026-08-28 00:52:42
TXN202600005963,ACC108333,758.79,DEPOSIT,2026-02-13 04:41:59
TXN202600005964,ACC101459,3005.27,DEPOSIT,2026-01-26 11:05:15
TXN202600005965,ACC100685,3996.38,DEPOSIT,2026-08-28 00:36:02
TXN202600005966,ACC100221,1392.60,DEPOSIT,2026-02-07 22:08:44
TXN202600005967,ACC102653,3232.82,DEPOSIT,2026-06-17 11:18:37
TXN202600005968,ACC103170,1689.23,DEPOSIT,2026-06-16 00:25:04
TXN202600005969,ACC109546,1025.99,DEPOSIT,2026-12-25 13:02:20
TXN202600005970,ACC102453,967.35,REVERSAL,2026-01-04 07:05:29
TXN202600005971,ACC101620,1854.94,WITHDRAWAL,2026-10-19 15:41:01
TXN202600005972,ACC107810,1342.84,WITHDRAWAL,2026-05-24 01:56:25
TXN202600005973,ACC109071,1964.67,WITHDRAWAL,2026-12-27 01:30:46
TXN202600005974,ACC100772,4308.23,DEPOSIT,2026-09-11 23:31:33
TXN202600005975,ACC100039,3376.04,DEPOSIT,2026-09-17 06:03:28
TXN202600005976,ACC102371,1582.70,WITHDRAWAL,2026-09-04 02:17:18
TXN202600005977,ACC101676,1637.27,WITHDRAWAL,2026-01-21 13:08:31
TXN202600005978,ACC105626,3087.34,DEPOSIT,2026-12-04 04:26:17
TXN202600005979,ACC105483,4212.27,DEPOSIT,2026-11-22 23:02:11
TXN202600005980,ACC109684,1695.45,WITHDRAWAL,2026-08-13 13:40:34
TXN202600005981,ACC109197,323.26,WITHDRAWAL,2026-11-03 16:20:48
TXN202600005982,ACC104903,1200.33,WITHDRAWAL,2026-04-26 09:51:28
TXN202600005983,ACC107866,3419.73,DEPOSIT,2026-04-05 12:09:31
TXN202600005984,ACC108378,1921.37,DEPOSIT,2026-08-22 11:26:44
TXN202600005985,ACC106646,4799.02,DEPOSIT,2026-07-08 23:15:36
TXN202600005986,ACC101777,866.25,WITHDRAWAL,2026-02-04 16:04:40
TXN202600005987,ACC101085,648.04,WITHDRAWAL,2026-10-17 16:41:21
TXN202600005988,ACC109801,2179.89,DEPOSIT,2026-09-18 09:13:56
TXN202600005989,ACC100761,1358.01,WITHDRAWAL,2026-12-04 12:04:34
TXN202600005990,ACC101581,1726.71,WITHDRAWAL,2026-12-04 06:20:30
TXN202600005991,ACC109520,1693.00,DEPOSIT,2026-10-28 10:47:18
TXN202600005992,ACC100615,1416.31,WITHDRAWAL,2026-05-08 04:42:19
TXN202600005993,ACC107292,912.30,WITHDRAWAL,2026-09-08 07:33:34
TXN202600005994,ACC107539,1655.62,WITHDRAWAL,2026-08-24 02:46:13
TXN202600005995,ACC103155,1633.84,WITHDRAWAL,2026-02-19 16:17:03
TXN202600005996,ACC108733,4236.82,DEPOSIT,2026-10-03 21:28:58
TXN202600005997,ACC101317,577.03,DEPOSIT,2026-04-11 07:49:11
TXN202600005998,ACC102844,1162.50,DEPOSIT,2026-05-15 22:49:27
TXN202600005999,ACC102133,916.94,DEPOSIT,2026-01-25 20:08:15
TXN202600006000,ACC108231,2345.26,DEPOSIT,2026-11-16 13:04:11
TXN202600006001,ACC103103,416.28,REVERSAL,2026-06-28 02:13:07
TXN202600006002,ACC104036,170.93,WITHDRAWAL,2026-09-23 12:11:55
TXN202600006003,ACC109528,448.66,WITHDRAWAL,2026-09-13 10:33:03
TXN202600006004,ACC107569,2638.23,DEPOSIT,2026-06-13 10:33:56
TXN202600006005,ACC105140,573.45,DEPOSIT,2026-08-09 16:09:49
TXN202600006006,ACC106010,3483.14,DEPOSIT,2026-05-26 17:27:47
TXN202600006007,ACC105890,230.09,REVERSAL,2026-12-10 07:26:28
TXN202600006008,ACC107721,4072.45,DEPOSIT,2026-11-06 22:18:45
TXN202600006009,ACC106163,3174.74,DEPOSIT,2026-11-12 03:05:57
TXN202600006010,ACC107773,3250.57,DEPOSIT,2026-06-22 13:04:55
TXN202600006011,ACC102008,662.33,DEPOSIT,2026-11-22 04:47:00
TXN202600006012,ACC101058,3364.98,DEPOSIT,2026-03-01 23:09:49
TXN202600006013,ACC103433,496.87,WITHDRAWAL,2026-12-01 17:31:59
TXN202600006014,ACC102110,1989.35,WITHDRAWAL,2026-11-14 17:34:59
TXN202600006015,ACC108098,4346.60,DEPOSIT,2026-09-18 00:42:40
TXN202600006016,ACC108508,2381.19,DEPOSIT,2026-06-19 09:08:29
TXN202600006017,ACC101689,1374.27,WITHDRAWAL,2026-08-12 00:25:20
TXN202600006018,ACC105139,284.06,WITHDRAWAL,2026-08-04 07:25:01
TXN202600006019,ACC106091,835.02,WITHDRAWAL,2026-04-17 00:05:56
TXN202600006020,ACC106015,2758.92,DEPOSIT,2026-09-26 06:43:47
TXN202600006021,ACC104726,1952.25,DEPOSIT,2026-09-17 01:57:11
TXN202600006022,ACC101007,3125.83,DEPOSIT,2026-12-15 05:23:49
TXN202600006023,ACC105248,4480.86,DEPOSIT,2026-07-14 18:37:14
TXN202600006024,ACC107775,2041.37,WITHDRAWAL,2026-04-02 06:11:35
TXN202600006025,ACC105860,2090.96,DEPOSIT,2026-03-20 05:26:05
TXN202600006026,ACC107164,3731.83,DEPOSIT,2026-07-12 18:00:14
TXN202600006027,ACC109902,1033.34,WITHDRAWAL,2026-06-12 22:18:14
TXN202600006028,ACC100374,4566.71,DEPOSIT,2026-04-18 14:54:25
TXN202600006029,ACC109133,3973.22,DEPOSIT,2026-03-20 10:29:37
TXN202600006030,ACC108355,501.85,DEPOSIT,2026-08-23 22:09:35
TXN202600006031,ACC104149,853.60,WITHDRAWAL,2026-09-22 03:32:10
TXN202600006032,ACC107854,3842.09,DEPOSIT,2026-10-02 12:29:49
TXN202600006033,ACC107080,2353.39,DEPOSIT,2026-06-22 06:11:40
TXN202600006034,ACC101728,3774.80,DEPOSIT,2026-08-04 13:12:27
TXN202600006035,ACC103561,2783.25,DEPOSIT,2026-08-10 07:49:04
TXN202600006036,ACC106646,3318.47,DEPOSIT,2026-01-24 17:48:50
TXN202600006037,ACC103489,1430.40,WITHDRAWAL,2026-11-01 10:11:57
TXN202600006038,ACC106688,537.62,REVERSAL,2026-09-28 13:28:19
TXN202600006039,ACC106142,3082.88,DEPOSIT,2026-07-24 07:26:11
TXN202600006040,ACC106714,442.97,WITHDRAWAL,2026-07-08 06:22:07
TXN202600006041,ACC107877,4691.80,DEPOSIT,2026-12-08 17:58:53
TXN202600006042,ACC100708,154.31,WITHDRAWAL,2026-03-07 11:58:07
TXN202600006043,ACC108345,4790.81,DEPOSIT,2026-03-10 02:13:29
TXN202600006044,ACC109965,715.21,DEPOSIT,2026-09-14 07:47:08
TXN202600006045,ACC108132,1095.51,WITHDRAWAL,2026-04-25 22:37:55
TXN202600006046,ACC102078,594.61,WITHDRAWAL,2026-02-09 01:24:56
TXN202600006047,ACC106579,415.84,WITHDRAWAL,2026-03-06 02:29:43
TXN202600006048,ACC101249,4312.19,DEPOSIT,2026-09-09 02:24:37
TXN202600006049,ACC101791,285.69,WITHDRAWAL,2026-04-14 16:50:09
TXN202600006050,ACC105712,4741.17,DEPOSIT,2026-09-24 19:27:28
TXN202600006051,ACC104215,258.74,WITHDRAWAL,2026-04-01 10:58:26
TXN202600006052,ACC106986,1323.69,DEPOSIT,2026-03-11 16:07:57
TXN202600006053,ACC103369,2306.31,DEPOSIT,2026-01-20 01:24:01
TXN202600006054,ACC107073,1812.28,WITHDRAWAL,2026-07-17 05:49:29
TXN202600006055,ACC109760,1942.81,DEPOSIT,2026-05-15 01:52:39
TXN202600006056,ACC103729,772.04,REVERSAL,2026-09-25 03:45:11
TXN202600006057,ACC103304,874.75,WITHDRAWAL,2026-11-26 10:22:17
TXN202600006058,ACC106153,746.27,DEPOSIT,2026-06-11 14:47:37
TXN202600006059,ACC102301,231.68,REVERSAL,2026-11-18 05:49:36
TXN202600006060,ACC100476,2502.71,DEPOSIT,2026-08-05 13:05:36
TXN202600006061,ACC106451,2196.89,DEPOSIT,2026-12-28 09:37:11
TXN202600006062,ACC105650,657.45,DEPOSIT,2026-07-22 23:06:41
TXN202600006063,ACC107919,1526.45,WITHDRAWAL,2026-01-18 16:45:13
TXN202600006064,ACC103080,1019.85,DEPOSIT,2026-06-12 23:56:31
TXN202600006065,ACC106995,2664.67,DEPOSIT,2026-01-13 19:12:08
TXN202600006066,ACC108791,2180.65,DEPOSIT,2026-03-17 20:49:44
TXN202600006067,ACC101816,4631.05,DEPOSIT,2026-08-16 14:47:59
TXN202600006068,ACC107681,3609.58,DEPOSIT,2026-02-28 23:25:43
TXN202600006069,ACC108916,927.49,DEPOSIT,2026-12-15 01:20:21
TXN202600006070,ACC109990,804.89,WITHDRAWAL,2026-08-06 01:56:16
TXN202600006071,ACC100859,3572.74,DEPOSIT,2026-08-13 12:15:16
TXN202600006072,ACC103157,3897.97,DEPOSIT,2026-05-12 08:16:13
TXN202600006073,ACC102290,4609.69,DEPOSIT,2026-12-03 06:22:37
TXN202600006074,ACC109856,2086.78,DEPOSIT,2026-12-08 05:17:33
TXN202600006075,ACC107071,4356.52,DEPOSIT,2026-12-06 10:08:12
TXN202600006076,ACC106311,2160.50,DEPOSIT,2026-08-12 22:48:58
TXN202600006077,ACC106702,321.25,WITHDRAWAL,2026-11-28 06:02:40
TXN202600006078,ACC105957,4735.27,DEPOSIT,2026-12-20 19:03:39
TXN202600006079,ACC107613,2558.23,DEPOSIT,2026-06-07 01:04:33
TXN202600006080,ACC103272,2954.51,DEPOSIT,2026-02-24 06:06:09
TXN202600006081,ACC102488,969.95,DEPOSIT,2026-10-23 16:03:38
TXN202600006082,ACC106921,602.03,REVERSAL,2026-01-14 11:40:24
TXN202600006083,ACC101472,3989.48,DEPOSIT,2026-12-25 22:32:59
TXN202600006084,ACC109117,4243.93,DEPOSIT,2026-02-13 10:13:54
TXN202600006085,ACC106852,3174.37,DEPOSIT,2026-03-21 05:03:36
TXN202600006086,ACC102308,4801.87,DEPOSIT,2026-11-10 21:28:19
TXN202600006087,ACC100178,477.54,WITHDRAWAL,2026-03-17 21:55:20
TXN202600006088,ACC107661,2779.64,DEPOSIT,2026-03-21 10:58:59
TXN202600006089,ACC103687,2274.84,DEPOSIT,2026-06-10 23:25:09
TXN202600006090,ACC109019,3196.66,DEPOSIT,2026-08-21 14:57:10
TXN202600006091,ACC101234,4943.20,DEPOSIT,2026-04-08 14:44:45
TXN202600006092,ACC109761,1110.50,DEPOSIT,2026-02-18 19:39:43
TXN202600006093,ACC102201,4648.48,DEPOSIT,2026-04-17 11:35:57
TXN202600006094,ACC103273,2086.12,DEPOSIT,2026-05-07 08:47:56
TXN202600006095,ACC108994,128.54,WITHDRAWAL,2026-10-03 18:11:58
TXN202600006096,ACC101124,3977.79,DEPOSIT,2026-07-16 12:58:41
TXN202600006097,ACC108706,881.55,DEPOSIT,2026-07-15 06:56:34
TXN202600006098,ACC102075,3897.12,DEPOSIT,2026-01-25 14:07:15
TXN202600006099,ACC104835,2482.26,DEPOSIT,2026-05-10 22:26:45
TXN202600006100,ACC108450,4488.50,DEPOSIT,2026-12-13 20:12:45
TXN202600006101,ACC109438,3759.02,DEPOSIT,2026-07-11 11:37:30
TXN202600006102,ACC102445,4393.90,DEPOSIT,2026-11-26 05:37:03
TXN202600006103,ACC103945,2959.46,DEPOSIT,2026-05-27 15:57:47
TXN202600006104,ACC103659,487.55,WITHDRAWAL,2026-12-09 05:16:02
TXN202600006105,ACC104955,807.53,REVERSAL,2026-02-16 10:57:13
TXN202600006106,ACC104719,935.91,REVERSAL,2026-04-08 20:35:32
TXN202600006107,ACC102075,4841.56,DEPOSIT,2026-10-06 12:12:42
TXN202600006108,ACC100910,1055.24,REVERSAL,2026-08-03 03:03:33
TXN202600006109,ACC100503,1594.15,DEPOSIT,2026-04-20 18:18:09
TXN202600006110,ACC103748,1916.58,DEPOSIT,2026-02-17 20:14:11
TXN202600006111,ACC104001,1004.68,WITHDRAWAL,2026-09-24 07:05:53
TXN202600006112,ACC100576,1957.22,WITHDRAWAL,2026-01-08 12:11:28
TXN202600006113,ACC107205,4966.85,DEPOSIT,2026-07-01 08:35:00
TXN202600006114,ACC103935,501.02,DEPOSIT,2026-10-03 01:26:06
TXN202600006115,ACC109381,4589.30,DEPOSIT,2026-09-25 11:32:46
TXN202600006116,ACC107093,351.92,WITHDRAWAL,2026-07-17 01:50:19
TXN202600006117,ACC108854,911.56,DEPOSIT,2026-12-08 05:33:23
TXN202600006118,ACC109286,3293.83,DEPOSIT,2026-02-02 14:43:43
TXN202600006119,ACC102164,634.82,DEPOSIT,2026-03-23 06:28:59
TXN202600006120,ACC104515,3765.01,DEPOSIT,2026-07-11 04:01:55
TXN202600006121,ACC106721,1658.67,DEPOSIT,2026-07-24 04:04:38
TXN202600006122,ACC103201,2062.87,DEPOSIT,2026-07-27 12:48:48
TXN202600006123,ACC102605,1496.37,WITHDRAWAL,2026-10-22 08:29:52
TXN202600006124,ACC105396,4959.47,DEPOSIT,2026-06-04 16:31:37
TXN202600006125,ACC108750,3941.69,DEPOSIT,2026-03-25 08:37:37
TXN202600006126,ACC101897,1189.59,DEPOSIT,2026-07-04 02:32:41
TXN202600006127,ACC109614,4756.16,DEPOSIT,2026-11-08 10:42:46
TXN202600006128,ACC100353,4223.24,DEPOSIT,2026-11-08 04:33:50
TXN202600006129,ACC104004,1357.53,DEPOSIT,2026-07-14 02:23:32
TXN202600006130,ACC107003,4720.19,DEPOSIT,2026-11-12 14:52:56
TXN202600006131,ACC107627,963.85,DEPOSIT,2026-02-24 00:58:02
TXN202600006132,ACC101305,3488.75,DEPOSIT,2026-12-27 07:02:38
TXN202600006133,ACC105504,2763.36,DEPOSIT,2026-06-25 16:28:55
TXN202600006134,ACC104595,1836.22,DEPOSIT,2026-06-26 03:54:31
TXN202600006135,ACC106696,640.06,REVERSAL,2026-10-13 23:40:22
TXN202600006136,ACC105866,3626.15,DEPOSIT,2026-09-19 12:54:56
TXN202600006137,ACC105839,1634.80,DEPOSIT,2026-03-12 07:11:59
TXN202600006138,ACC104307,786.84,REVERSAL,2026-12-23 08:22:45
TXN202600006139,ACC101884,1611.87,DEPOSIT,2026-04-10 23:33:58
TXN202600006140,ACC101588,350.32,WITHDRAWAL,2026-03-24 23:00:47
TXN202600006141,ACC103024,2066.31,DEPOSIT,2026-12-27 02:49:06
TXN202600006142,ACC103996,2126.87,DEPOSIT,2026-08-17 07:45:45
TXN202600006143,ACC105678,823.20,WITHDRAWAL,2026-08-08 01:58:48
TXN202600006144,ACC106347,4947.42,DEPOSIT,2026-09-25 05:41:23
TXN202600006145,ACC106676,1241.65,DEPOSIT,2026-11-22 15:25:18
TXN202600006146,ACC106817,1868.48,WITHDRAWAL,2026-10-04 18:47:53
TXN202600006147,ACC100552,3404.38,DEPOSIT,2026-03-09 10:56:21
TXN202600006148,ACC103251,1681.50,DEPOSIT,2026-02-18 16:48:16
TXN202600006149,ACC100175,1095.55,WITHDRAWAL,2026-08-17 00:38:55
TXN202600006150,ACC108185,1461.16,DEPOSIT,2026-12-01 23:30:44
TXN202600006151,ACC100824,4291.23,DEPOSIT,2026-02-21 14:54:44
TXN202600006152,ACC106931,2759.58,DEPOSIT,2026-01-25 01:30:30
TXN202600006153,ACC104855,531.65,WITHDRAWAL,2026-04-28 16:25:40
TXN202600006154,ACC103594,2058.19,DEPOSIT,2026-04-15 21:27:52
TXN202600006155,ACC106124,4126.89,DEPOSIT,2026-05-28 04:23:05
TXN202600006156,ACC109972,4693.48,DEPOSIT,2026-03-03 19:37:02
TXN202600006157,ACC109649,701.42,WITHDRAWAL,2026-12-07 18:06:37
TXN202600006158,ACC107712,621.92,WITHDRAWAL,2026-08-28 05:37:16
TXN202600006159,ACC106323,644.08,WITHDRAWAL,2026-09-09 00:14:16
TXN202600006160,ACC100897,2075.77,WITHDRAWAL,2026-04-18 22:55:15
TXN202600006161,ACC105497,2052.99,DEPOSIT,2026-06-08 13:49:27
TXN202600006162,ACC104294,2534.86,DEPOSIT,2026-09-06 18:54:18
TXN202600006163,ACC100705,1304.84,DEPOSIT,2026-08-03 20:39:50
TXN202600006164,ACC107047,1289.98,WITHDRAWAL,2026-09-06 01:29:06
TXN202600006165,ACC108105,2713.93,DEPOSIT,2026-10-05 10:26:45
TXN202600006166,ACC103066,3504.76,DEPOSIT,2026-12-17 08:11:13
TXN202600006167,ACC109561,2662.69,DEPOSIT,2026-04-11 05:17:51
TXN202600006168,ACC104915,226.55,WITHDRAWAL,2026-03-22 06:06:44
TXN202600006169,ACC107278,580.79,WITHDRAWAL,2026-02-17 19:28:13
TXN202600006170,ACC107115,669.93,REVERSAL,2026-08-09 08:25:32
TXN202600006171,ACC101201,2702.90,DEPOSIT,2026-07-22 20:11:29
TXN202600006172,ACC102200,814.37,WITHDRAWAL,2026-10-01 01:43:48
TXN202600006173,ACC108487,1132.83,WITHDRAWAL,2026-11-04 05:11:24
TXN202600006174,ACC108171,4680.24,DEPOSIT,2026-01-09 10:28:21
TXN202600006175,ACC108195,4520.24,DEPOSIT,2026-09-21 18:41:01
TXN202600006176,ACC103240,3401.36,DEPOSIT,2026-03-15 01:50:22
TXN202600006177,ACC100919,1925.62,WITHDRAWAL,2026-05-09 14:07:33
TXN202600006178,ACC108239,3310.48,DEPOSIT,2026-09-24 17:09:46
TXN202600006179,ACC106120,3833.57,DEPOSIT,2026-05-17 18:54:33
TXN202600006180,ACC108792,2608.58,DEPOSIT,2026-10-15 05:05:00
TXN202600006181,ACC109728,174.27,WITHDRAWAL,2026-10-05 15:26:31
TXN202600006182,ACC104171,1327.62,DEPOSIT,2026-06-04 18:45:51
TXN202600006183,ACC105085,4389.43,DEPOSIT,2026-03-03 10:49:53
TXN202600006184,ACC106206,1292.86,WITHDRAWAL,2026-12-25 00:17:04
TXN202600006185,ACC102087,2639.40,DEPOSIT,2026-02-22 03:54:22
TXN202600006186,ACC104344,4161.03,DEPOSIT,2026-06-27 12:57:13
TXN202600006187,ACC102304,2383.51,DEPOSIT,2026-04-03 02:58:26
TXN202600006188,ACC105859,1311.88,WITHDRAWAL,2026-05-19 05:33:16
TXN202600006189,ACC109237,4897.32,DEPOSIT,2026-08-15 07:53:01
TXN202600006190,ACC108496,4536.42,DEPOSIT,2026-09-12 00:02:44
TXN202600006191,ACC103090,2525.58,DEPOSIT,2026-07-26 11:23:49
TXN202600006192,ACC102387,1173.22,WITHDRAWAL,2026-06-05 19:54:56
TXN202600006193,ACC109569,937.98,DEPOSIT,2026-11-12 07:59:30
TXN202600006194,ACC108670,3753.09,DEPOSIT,2026-10-24 10:48:26
TXN202600006195,ACC107443,3590.64,DEPOSIT,2026-10-17 17:01:52
TXN202600006196,ACC103482,2757.41,DEPOSIT,2026-08-14 17:35:34
TXN202600006197,ACC107928,3613.12,DEPOSIT,2026-02-12 22:24:48
TXN202600006198,ACC104353,1669.38,WITHDRAWAL,2026-10-23 07:32:21
TXN202600006199,ACC101978,169.76,WITHDRAWAL,2026-07-21 09:22:18
TXN202600006200,ACC103495,2086.26,WITHDRAWAL,2026-03-18 19:56:57
TXN202600006201,ACC104727,2102.23,DEPOSIT,2026-04-24 22:32:07
TXN202600006202,ACC108375,2064.02,DEPOSIT,2026-11-06 13:00:36
TXN202600006203,ACC104172,3230.30,DEPOSIT,2026-11-06 11:31:31
TXN202600006204,ACC103386,3811.57,DEPOSIT,2026-12-04 18:12:21
TXN202600006205,ACC106910,219.08,REVERSAL,2026-12-15 19:08:55
TXN202600006206,ACC103955,1032.24,DEPOSIT,2026-02-28 05:47:54
TXN202600006207,ACC104002,2592.65,DEPOSIT,2026-10-23 16:21:22
TXN202600006208,ACC108471,449.14,REVERSAL,2026-02-03 07:17:00
TXN202600006209,ACC105884,2573.64,DEPOSIT,2026-05-22 05:56:57
TXN202600006210,ACC107513,3967.77,DEPOSIT,2026-08-23 04:23:13
TXN202600006211,ACC105862,3493.70,DEPOSIT,2026-03-02 12:33:29
TXN202600006212,ACC105906,1617.68,WITHDRAWAL,2026-08-22 17:04:08
TXN202600006213,ACC104551,113.01,WITHDRAWAL,2026-07-06 18:53:44
TXN202600006214,ACC108542,4011.62,DEPOSIT,2026-08-25 12:32:48
TXN202600006215,ACC105827,3223.61,DEPOSIT,2026-12-05 05:49:00
TXN202600006216,ACC101458,1717.66,DEPOSIT,2026-05-22 02:58:30
TXN202600006217,ACC104771,812.18,DEPOSIT,2026-08-07 07:30:33
TXN202600006218,ACC100602,2771.71,DEPOSIT,2026-03-25 07:16:12
TXN202600006219,ACC102938,1166.72,DEPOSIT,2026-12-21 18:42:33
TXN202600006220,ACC108705,558.78,REVERSAL,2026-10-24 22:20:41
TXN202600006221,ACC104903,3025.76,DEPOSIT,2026-07-21 07:52:50
TXN202600006222,ACC105176,3671.48,DEPOSIT,2026-02-26 12:43:42
TXN202600006223,ACC104393,2637.55,DEPOSIT,2026-07-03 12:22:44
TXN202600006224,ACC106391,3006.06,DEPOSIT,2026-11-05 02:28:00
TXN202600006225,ACC106604,1442.27,WITHDRAWAL,2026-03-26 10:44:30
TXN202600006226,ACC102802,3876.83,DEPOSIT,2026-07-04 00:18:39
TXN202600006227,ACC101539,1142.45,DEPOSIT,2026-01-03 16:01:36
TXN202600006228,ACC101124,1786.27,WITHDRAWAL,2026-09-04 16:27:10
TXN202600006229,ACC100831,1048.31,DEPOSIT,2026-04-28 15:49:59
TXN202600006230,ACC105063,3102.67,DEPOSIT,2026-04-08 14:50:22
TXN202600006231,ACC104205,852.73,WITHDRAWAL,2026-02-23 18:33:40
TXN202600006232,ACC101060,3227.73,DEPOSIT,2026-09-04 18:08:53
TXN202600006233,ACC104652,3915.74,DEPOSIT,2026-01-14 09:04:18
TXN202600006234,ACC109975,829.11,DEPOSIT,2026-06-18 14:43:34
TXN202600006235,ACC106796,1425.50,DEPOSIT,2026-11-03 19:24:47
TXN202600006236,ACC109642,1396.60,WITHDRAWAL,2026-07-23 02:36:26
TXN202600006237,ACC104531,3642.80,DEPOSIT,2026-04-24 22:01:47
TXN202600006238,ACC105907,4702.20,DEPOSIT,2026-06-02 02:42:13
TXN202600006239,ACC101930,1445.48,WITHDRAWAL,2026-11-16 20:30:21
TXN202600006240,ACC104408,4713.48,DEPOSIT,2026-07-20 00:45:14
TXN202600006241,ACC100085,626.33,WITHDRAWAL,2026-05-09 19:49:18
TXN202600006242,ACC100127,1654.32,DEPOSIT,2026-03-17 03:57:09
TXN202600006243,ACC106512,2060.65,WITHDRAWAL,2026-03-14 00:37:22
TXN202600006244,ACC107171,4752.39,DEPOSIT,2026-04-26 19:01:16
TXN202600006245,ACC108853,2660.09,DEPOSIT,2026-02-26 00:39:30
TXN202600006246,ACC102529,554.88,DEPOSIT,2026-06-10 08:20:14
TXN202600006247,ACC106683,1081.34,DEPOSIT,2026-06-11 13:11:57
TXN202600006248,ACC107009,2542.08,DEPOSIT,2026-07-20 06:10:20
TXN202600006249,ACC108601,4857.04,DEPOSIT,2026-04-14 18:09:12
TXN202600006250,ACC108497,1994.15,DEPOSIT,2026-07-07 23:32:41
TXN202600006251,ACC109096,1849.55,DEPOSIT,2026-01-24 19:23:18
TXN202600006252,ACC108204,210.67,WITHDRAWAL,2026-12-26 05:40:33
TXN202600006253,ACC100280,3452.31,DEPOSIT,2026-08-17 11:34:20
TXN202600006254,ACC107960,148.63,WITHDRAWAL,2026-02-15 09:00:38
TXN202600006255,ACC107337,4883.35,DEPOSIT,2026-11-09 03:29:30
TXN202600006256,ACC101390,921.45,WITHDRAWAL,2026-09-22 21:12:00
TXN202600006257,ACC109419,4497.32,DEPOSIT,2026-10-18 04:31:35
TXN202600006258,ACC109603,686.01,DEPOSIT,2026-12-28 10:04:42
TXN202600006259,ACC103488,3021.69,DEPOSIT,2026-09-06 08:13:55
TXN202600006260,ACC109924,2067.80,DEPOSIT,2026-08-22 14:13:30
TXN202600006261,ACC100573,1172.78,DEPOSIT,2026-09-23 11:49:19
TXN202600006262,ACC102942,1479.49,WITHDRAWAL,2026-05-04 22:23:09
TXN202600006263,ACC104385,916.12,DEPOSIT,2026-06-22 17:21:29
TXN202600006264,ACC107484,1591.63,DEPOSIT,2026-08-14 20:03:25
TXN202600006265,ACC105341,4193.12,DEPOSIT,2026-12-18 12:50:54
TXN202600006266,ACC109531,568.52,WITHDRAWAL,2026-08-05 04:50:21
TXN202600006267,ACC108498,2296.40,DEPOSIT,2026-04-16 13:01:42
TXN202600006268,ACC103785,3785.30,DEPOSIT,2026-08-16 17:21:38
TXN202600006269,ACC100696,994.16,DEPOSIT,2026-06-07 20:01:47
TXN202600006270,ACC104347,464.72,WITHDRAWAL,2026-02-19 07:42:17
TXN202600006271,ACC109355,550.72,DEPOSIT,2026-05-17 13:08:10
TXN202600006272,ACC109004,1554.57,WITHDRAWAL,2026-02-01 20:29:00
TXN202600006273,ACC107537,1204.53,WITHDRAWAL,2026-03-06 08:36:50
TXN202600006274,ACC106305,4804.81,DEPOSIT,2026-09-22 15:43:59
TXN202600006275,ACC107351,4840.35,DEPOSIT,2026-03-23 05:54:23
TXN202600006276,ACC105850,4523.90,DEPOSIT,2026-05-19 13:00:31
TXN202600006277,ACC102331,1684.00,DEPOSIT,2026-12-04 10:29:12
TXN202600006278,ACC100260,1822.67,WITHDRAWAL,2026-03-18 12:19:42
TXN202600006279,ACC100339,1272.75,WITHDRAWAL,2026-08-02 03:01:33
TXN202600006280,ACC106074,1207.84,DEPOSIT,2026-07-15 21:11:34
TXN202600006281,ACC105707,980.71,WITHDRAWAL,2026-10-14 12:27:04
TXN202600006282,ACC106011,1542.65,DEPOSIT,2026-04-20 03:35:27
TXN202600006283,ACC106140,1896.16,DEPOSIT,2026-06-14 21:06:27
TXN202600006284,ACC106133,3430.14,DEPOSIT,2026-07-26 02:43:21
TXN202600006285,ACC104872,2602.52,DEPOSIT,2026-11-11 03:48:11
TXN202600006286,ACC101488,2374.37,DEPOSIT,2026-06-20 22:10:43
TXN202600006287,ACC106691,1203.83,WITHDRAWAL,2026-03-26 15:50:51
TXN202600006288,ACC100678,2597.83,DEPOSIT,2026-04-09 09:54:07
TXN202600006289,ACC106252,2035.78,DEPOSIT,2026-03-01 05:26:52
TXN202600006290,ACC100831,4051.48,DEPOSIT,2026-04-02 08:35:11
TXN202600006291,ACC105274,1504.17,WITHDRAWAL,2026-05-05 02:23:29
TXN202600006292,ACC106793,1900.25,WITHDRAWAL,2026-11-18 11:17:45
TXN202600006293,ACC103411,811.67,DEPOSIT,2026-08-24 11:48:28
TXN202600006294,ACC106230,1882.15,DEPOSIT,2026-06-27 14:05:58
TXN202600006295,ACC108550,2038.13,DEPOSIT,2026-03-24 06:02:09
TXN202600006296,ACC101390,1101.92,WITHDRAWAL,2026-05-22 16:20:20
TXN202600006297,ACC102968,990.45,DEPOSIT,2026-06-27 15:56:39
TXN202600006298,ACC101316,1606.50,DEPOSIT,2026-06-20 23:49:38
TXN202600006299,ACC102588,1839.10,WITHDRAWAL,2026-09-08 00:40:44
TXN202600006300,ACC102197,778.57,DEPOSIT,2026-10-18 06:13:10
TXN202600006301,ACC101052,4610.31,DEPOSIT,2026-03-12 05:31:16
TXN202600006302,ACC101371,3301.52,DEPOSIT,2026-10-11 20:05:43
TXN202600006303,ACC105269,4296.70,DEPOSIT,2026-12-19 04:35:14
TXN202600006304,ACC106449,4467.42,DEPOSIT,2026-06-04 18:38:13
TXN202600006305,ACC107152,1113.78,DEPOSIT,2026-12-18 22:34:36
TXN202600006306,ACC103312,1082.57,WITHDRAWAL,2026-11-06 00:14:38
TXN202600006307,ACC103996,2702.47,DEPOSIT,2026-07-04 12:20:54
TXN202600006308,ACC108055,671.47,DEPOSIT,2026-08-26 04:41:10
TXN202600006309,ACC106440,934.62,DEPOSIT,2026-09-27 08:37:27
TXN202600006310,ACC103447,3849.12,DEPOSIT,2026-07-05 09:47:43
TXN202600006311,ACC106573,4980.16,DEPOSIT,2026-03-20 06:13:36
TXN202600006312,ACC105373,378.95,WITHDRAWAL,2026-01-27 23:55:59
TXN202600006313,ACC109000,1424.54,WITHDRAWAL,2026-12-13 07:20:05
TXN202600006314,ACC101129,666.04,WITHDRAWAL,2026-07-16 20:54:23
TXN202600006315,ACC102597,2460.02,DEPOSIT,2026-07-05 18:21:49
TXN202600006316,ACC108941,127.25,WITHDRAWAL,2026-04-06 15:39:01
TXN202600006317,ACC103528,1739.31,WITHDRAWAL,2026-06-23 07:44:42
TXN202600006318,ACC109136,975.37,WITHDRAWAL,2026-06-07 12:32:38
TXN202600006319,ACC103286,2232.58,DEPOSIT,2026-08-04 08:04:15
TXN202600006320,ACC106465,837.91,DEPOSIT,2026-09-20 17:59:10
TXN202600006321,ACC101025,1732.30,WITHDRAWAL,2026-11-13 06:04:34
TXN202600006322,ACC109319,1873.05,DEPOSIT,2026-03-12 11:45:37
TXN202600006323,ACC101377,3110.50,DEPOSIT,2026-10-12 06:26:06
TXN202600006324,ACC109573,3508.32,DEPOSIT,2026-05-19 06:03:08
TXN202600006325,ACC109007,4692.96,DEPOSIT,2026-06-15 06:42:09
TXN202600006326,ACC107453,1639.21,DEPOSIT,2026-03-22 07:42:00
TXN202600006327,ACC100460,622.77,WITHDRAWAL,2026-04-03 16:36:35
TXN202600006328,ACC108330,1156.48,WITHDRAWAL,2026-11-02 07:14:23
TXN202600006329,ACC102350,724.06,REVERSAL,2026-03-03 01:28:12
TXN202600006330,ACC107024,1370.78,DEPOSIT,2026-08-21 14:17:05
TXN202600006331,ACC107899,463.54,WITHDRAWAL,2026-12-13 13:00:44
TXN202600006332,ACC100176,3271.03,DEPOSIT,2026-10-21 09:59:26
TXN202600006333,ACC100719,131.07,WITHDRAWAL,2026-03-16 19:01:33
TXN202600006334,ACC101555,828.79,WITHDRAWAL,2026-10-14 02:53:43
TXN202600006335,ACC105209,3295.24,DEPOSIT,2026-11-12 16:24:05
TXN202600006336,ACC108489,501.21,DEPOSIT,2026-04-04 19:29:26
TXN202600006337,ACC109267,995.13,WITHDRAWAL,2026-07-11 11:16:46
TXN202600006338,ACC103946,1771.08,DEPOSIT,2026-09-05 06:28:31
TXN202600006339,ACC108510,245.68,REVERSAL,2026-01-09 20:27:00
TXN202600006340,ACC102986,1091.57,DEPOSIT,2026-04-09 11:16:29
TXN202600006341,ACC109948,998.25,DEPOSIT,2026-04-21 17:25:06
TXN202600006342,ACC105226,1507.48,DEPOSIT,2026-08-07 22:47:30
TXN202600006343,ACC107671,1743.78,DEPOSIT,2026-06-07 15:01:53
TXN202600006344,ACC102538,1741.72,WITHDRAWAL,2026-12-16 20:45:32
TXN202600006345,ACC103792,3105.54,DEPOSIT,2026-12-26 17:37:50
TXN202600006346,ACC108188,842.23,DEPOSIT,2026-07-15 10:50:12
TXN202600006347,ACC100643,1480.91,WITHDRAWAL,2026-02-24 23:02:03
TXN202600006348,ACC105714,2720.22,DEPOSIT,2026-07-24 02:30:33
TXN202600006349,ACC105190,524.09,REVERSAL,2026-07-22 14:35:21
TXN202600006350,ACC100936,3487.17,DEPOSIT,2026-05-06 02:49:18
TXN202600006351,ACC103586,799.43,DEPOSIT,2026-06-17 00:31:49
TXN202600006352,ACC104061,4102.13,DEPOSIT,2026-08-09 19:41:21
TXN202600006353,ACC107209,4844.05,DEPOSIT,2026-06-08 23:33:13
TXN202600006354,ACC102108,1496.65,WITHDRAWAL,2026-07-13 19:20:25
TXN202600006355,ACC109878,1433.43,DEPOSIT,2026-08-19 03:53:25
TXN202600006356,ACC107320,2727.93,DEPOSIT,2026-12-21 07:12:42
TXN202600006357,ACC102258,1345.95,WITHDRAWAL,2026-07-12 13:15:27
TXN202600006358,ACC105428,1947.02,DEPOSIT,2026-07-07 17:36:32
TXN202600006359,ACC105187,3307.39,DEPOSIT,2026-06-02 07:36:15
TXN202600006360,ACC103648,3019.14,DEPOSIT,2026-08-24 01:31:49
TXN202600006361,ACC103072,1775.49,DEPOSIT,2026-06-09 18:52:49
TXN202600006362,ACC103121,1752.55,WITHDRAWAL,2026-01-18 02:08:57
TXN202600006363,ACC104720,2062.50,DEPOSIT,2026-10-22 04:37:55
TXN202600006364,ACC106296,4780.68,DEPOSIT,2026-04-22 12:46:01
TXN202600006365,ACC103905,1220.88,WITHDRAWAL,2026-09-21 20:58:39
TXN202600006366,ACC101684,2833.52,DEPOSIT,2026-01-08 09:29:00
TXN202600006367,ACC109797,2086.24,DEPOSIT,2026-07-02 19:13:30
TXN202600006368,ACC109602,4899.87,DEPOSIT,2026-08-05 22:06:58
TXN202600006369,ACC104152,939.39,REVERSAL,2026-01-03 07:12:29
TXN202600006370,ACC108913,4367.31,DEPOSIT,2026-02-04 08:23:30
TXN202600006371,ACC107725,3284.72,DEPOSIT,2026-07-22 06:20:36
TXN202600006372,ACC106915,1674.45,DEPOSIT,2026-06-26 00:06:23
TXN202600006373,ACC105271,2882.34,DEPOSIT,2026-02-10 22:28:58
TXN202600006374,ACC102206,4872.07,DEPOSIT,2026-04-24 20:22:27
TXN202600006375,ACC104643,2891.07,DEPOSIT,2026-11-22 05:23:01
TXN202600006376,ACC107009,998.38,WITHDRAWAL,2026-09-27 19:17:12
TXN202600006377,ACC109379,565.15,DEPOSIT,2026-06-17 02:08:00
TXN202600006378,ACC105955,1984.33,DEPOSIT,2026-02-01 20:41:00
TXN202600006379,ACC100454,172.76,WITHDRAWAL,2026-09-11 23:31:47
TXN202600006380,ACC108134,2054.71,DEPOSIT,2026-08-27 03:23:32
TXN202600006381,ACC104196,2271.46,DEPOSIT,2026-02-07 08:58:58
TXN202600006382,ACC105113,1065.14,REVERSAL,2026-08-20 10:47:32
TXN202600006383,ACC108151,1502.00,WITHDRAWAL,2026-12-03 21:11:29
TXN202600006384,ACC100636,1888.28,WITHDRAWAL,2026-04-18 16:13:11
TXN202600006385,ACC108964,1537.62,DEPOSIT,2026-03-28 07:29:16
TXN202600006386,ACC101789,4131.35,DEPOSIT,2026-10-13 08:26:15
TXN202600006387,ACC105287,3194.32,DEPOSIT,2026-10-14 10:02:31
TXN202600006388,ACC109744,2869.21,DEPOSIT,2026-09-24 23:50:20
TXN202600006389,ACC107917,486.44,WITHDRAWAL,2026-02-19 16:19:21
TXN202600006390,ACC105468,1828.45,WITHDRAWAL,2026-02-20 11:34:34
TXN202600006391,ACC105371,3851.45,DEPOSIT,2026-04-20 05:24:47
TXN202600006392,ACC108017,1519.01,WITHDRAWAL,2026-01-15 21:50:23
TXN202600006393,ACC102061,3458.68,DEPOSIT,2026-08-18 12:59:52
TXN202600006394,ACC104373,4100.91,DEPOSIT,2026-06-10 03:16:03
TXN202600006395,ACC106362,3366.70,DEPOSIT,2026-02-03 12:40:40
TXN202600006396,ACC109583,423.50,WITHDRAWAL,2026-11-19 13:17:28
TXN202600006397,ACC105251,823.28,DEPOSIT,2026-10-05 16:35:22
TXN202600006398,ACC101388,931.50,DEPOSIT,2026-07-06 00:17:27
TXN202600006399,ACC104203,748.13,WITHDRAWAL,2026-04-28 02:04:26
TXN202600006400,ACC108382,309.97,WITHDRAWAL,2026-09-04 04:38:06
TXN202600006401,ACC104960,369.79,WITHDRAWAL,2026-05-24 11:24:25
TXN202600006402,ACC103492,928.62,WITHDRAWAL,2026-11-09 06:14:02
TXN202600006403,ACC106121,1919.49,DEPOSIT,2026-01-27 18:25:59
TXN202600006404,ACC103490,308.33,WITHDRAWAL,2026-02-03 19:41:53
TXN202600006405,ACC108553,1348.41,WITHDRAWAL,2026-07-16 22:02:59
TXN202600006406,ACC101889,2057.89,WITHDRAWAL,2026-07-20 02:54:37
TXN202600006407,ACC100816,1256.48,WITHDRAWAL,2026-07-05 02:02:16
TXN202600006408,ACC100211,2814.98,DEPOSIT,2026-04-22 04:55:48
TXN202600006409,ACC102481,643.05,DEPOSIT,2026-03-23 03:39:59
TXN202600006410,ACC100397,3923.05,DEPOSIT,2026-01-11 19:53:08
TXN202600006411,ACC105214,4190.25,DEPOSIT,2026-12-02 16:22:54
TXN202600006412,ACC105672,1853.50,DEPOSIT,2026-02-27 04:14:18
TXN202600006413,ACC103553,121.10,WITHDRAWAL,2026-01-01 07:28:55
TXN202600006414,ACC102417,637.04,DEPOSIT,2026-06-17 01:25:20
TXN202600006415,ACC107493,1620.55,DEPOSIT,2026-11-01 15:52:41
TXN202600006416,ACC102045,148.41,WITHDRAWAL,2026-10-25 23:12:37
TXN202600006417,ACC101426,570.66,DEPOSIT,2026-11-03 23:29:39
TXN202600006418,ACC101465,2204.27,DEPOSIT,2026-09-16 17:37:34
TXN202600006419,ACC105942,121.44,REVERSAL,2026-08-05 19:29:15
TXN202600006420,ACC104734,941.97,DEPOSIT,2026-04-04 14:11:57
TXN202600006421,ACC102350,972.63,WITHDRAWAL,2026-08-24 22:51:24
TXN202600006422,ACC100499,3326.09,DEPOSIT,2026-02-04 14:20:41
TXN202600006423,ACC102037,3378.68,DEPOSIT,2026-12-15 00:13:45
TXN202600006424,ACC105643,543.62,DEPOSIT,2026-05-23 20:39:25
TXN202600006425,ACC103300,4796.00,DEPOSIT,2026-08-28 05:42:35
TXN202600006426,ACC106542,1270.93,DEPOSIT,2026-07-01 08:32:39
TXN202600006427,ACC102456,3405.42,DEPOSIT,2026-10-01 14:43:48
TXN202600006428,ACC101108,818.68,DEPOSIT,2026-08-05 12:09:35
TXN202600006429,ACC106675,4300.31,DEPOSIT,2026-06-23 00:02:09
TXN202600006430,ACC104701,1205.43,DEPOSIT,2026-10-18 00:13:20
TXN202600006431,ACC103913,238.86,WITHDRAWAL,2026-01-06 16:00:37
TXN202600006432,ACC109004,943.38,WITHDRAWAL,2026-12-11 12:48:06
TXN202600006433,ACC105228,2409.95,DEPOSIT,2026-04-20 07:59:05
TXN202600006434,ACC109842,1316.02,WITHDRAWAL,2026-03-02 02:04:00
TXN202600006435,ACC108674,1575.60,DEPOSIT,2026-12-16 08:52:29
TXN202600006436,ACC104952,2470.97,DEPOSIT,2026-03-06 05:15:46
TXN202600006437,ACC100530,4633.10,DEPOSIT,2026-02-28 10:43:13
TXN202600006438,ACC108309,589.34,DEPOSIT,2026-02-19 17:07:53
TXN202600006439,ACC104462,3795.43,DEPOSIT,2026-05-16 19:10:49
TXN202600006440,ACC109214,2362.32,DEPOSIT,2026-04-07 17:11:19
TXN202600006441,ACC105243,2946.32,DEPOSIT,2026-11-14 04:56:06
TXN202600006442,ACC105532,500.24,WITHDRAWAL,2026-11-07 22:01:15
TXN202600006443,ACC102700,2578.74,DEPOSIT,2026-05-14 11:46:23
TXN202600006444,ACC107368,2242.05,DEPOSIT,2026-09-12 18:28:01
TXN202600006445,ACC106301,3841.54,DEPOSIT,2026-10-10 09:41:52
TXN202600006446,ACC107602,1137.08,DEPOSIT,2026-09-01 10:39:01
TXN202600006447,ACC107900,344.03,WITHDRAWAL,2026-11-03 00:55:55
TXN202600006448,ACC107056,605.27,WITHDRAWAL,2026-02-09 01:05:14
TXN202600006449,ACC100019,209.50,REVERSAL,2026-09-04 07:27:12
TXN202600006450,ACC106978,2756.69,DEPOSIT,2026-11-27 14:16:27
TXN202600006451,ACC103249,2734.82,DEPOSIT,2026-08-08 13:56:38
TXN202600006452,ACC109619,1836.94,WITHDRAWAL,2026-12-25 20:13:47
TXN202600006453,ACC109991,1537.35,WITHDRAWAL,2026-05-20 16:54:24
TXN202600006454,ACC104859,4287.89,DEPOSIT,2026-05-27 17:10:02
TXN202600006455,ACC109967,531.62,REVERSAL,2026-11-11 09:52:09
TXN202600006456,ACC109872,3655.69,DEPOSIT,2026-02-08 06:27:31
TXN202600006457,ACC105879,1656.33,DEPOSIT,2026-11-12 21:15:06
TXN202600006458,ACC101867,377.65,WITHDRAWAL,2026-07-07 02:32:28
TXN202600006459,ACC105868,3218.79,DEPOSIT,2026-02-18 18:28:07
TXN202600006460,ACC100279,3553.13,DEPOSIT,2026-02-09 18:27:21
TXN202600006461,ACC102435,3136.67,DEPOSIT,2026-04-19 20:24:53
TXN202600006462,ACC108870,1447.35,DEPOSIT,2026-03-22 01:01:46
TXN202600006463,ACC101553,3150.93,DEPOSIT,2026-03-12 03:17:18
TXN202600006464,ACC102668,1935.34,DEPOSIT,2026-08-07 00:15:29
TXN202600006465,ACC101883,1010.67,DEPOSIT,2026-10-26 11:13:09
TXN202600006466,ACC103741,1351.19,WITHDRAWAL,2026-11-18 10:47:36
TXN202600006467,ACC104616,1021.94,DEPOSIT,2026-04-10 23:32:25
TXN202600006468,ACC109667,4540.16,DEPOSIT,2026-06-22 06:11:31
TXN202600006469,ACC101138,1382.87,WITHDRAWAL,2026-08-03 18:19:31
TXN202600006470,ACC104105,824.54,WITHDRAWAL,2026-01-02 01:35:03
TXN202600006471,ACC107741,1777.01,WITHDRAWAL,2026-07-19 11:19:45
TXN202600006472,ACC104964,833.97,WITHDRAWAL,2026-02-12 15:33:15
TXN202600006473,ACC105903,1276.67,DEPOSIT,2026-10-11 20:29:38
TXN202600006474,ACC107887,2026.56,WITHDRAWAL,2026-01-03 22:29:51
TXN202600006475,ACC104942,2276.31,DEPOSIT,2026-10-09 07:39:03
TXN202600006476,ACC108854,503.31,DEPOSIT,2026-07-22 00:55:11
TXN202600006477,ACC104136,2793.77,DEPOSIT,2026-09-05 22:21:18
TXN202600006478,ACC105579,1389.77,DEPOSIT,2026-10-25 11:18:12
TXN202600006479,ACC107229,127.01,REVERSAL,2026-07-10 05:50:27
TXN202600006480,ACC106005,1682.49,DEPOSIT,2026-07-26 05:07:55
TXN202600006481,ACC105271,458.61,REVERSAL,2026-10-11 14:21:49
TXN202600006482,ACC100984,667.97,WITHDRAWAL,2026-01-04 08:31:09
TXN202600006483,ACC100906,2975.18,DEPOSIT,2026-04-08 17:56:48
TXN202600006484,ACC100509,1408.67,DEPOSIT,2026-01-04 08:18:40
TXN202600006485,ACC101511,762.82,DEPOSIT,2026-12-25 13:31:52
TXN202600006486,ACC106291,2988.74,DEPOSIT,2026-07-09 13:08:28
TXN202600006487,ACC106699,535.89,DEPOSIT,2026-08-26 15:36:08
TXN202600006488,ACC105918,3981.69,DEPOSIT,2026-05-15 10:00:28
TXN202600006489,ACC106469,523.35,DEPOSIT,2026-05-07 05:39:34
TXN202600006490,ACC100748,672.21,DEPOSIT,2026-11-28 16:00:19
TXN202600006491,ACC104293,4747.92,DEPOSIT,2026-07-20 07:53:56
TXN202600006492,ACC104616,4358.53,DEPOSIT,2026-06-06 23:47:50
TXN202600006493,ACC109553,715.65,WITHDRAWAL,2026-09-21 11:50:49
TXN202600006494,ACC108678,1829.78,WITHDRAWAL,2026-01-21 02:53:02
TXN202600006495,ACC108946,1740.45,WITHDRAWAL,2026-10-15 11:11:14
TXN202600006496,ACC109950,883.60,WITHDRAWAL,2026-06-13 14:49:36
TXN202600006497,ACC100924,1492.32,DEPOSIT,2026-10-06 22:30:51
TXN202600006498,ACC101413,1064.24,WITHDRAWAL,2026-03-25 22:43:45
TXN202600006499,ACC103051,1643.29,WITHDRAWAL,2026-08-19 07:33:40
TXN202600006500,ACC103413,4937.34,DEPOSIT,2026-06-07 06:28:32
TXN202600006501,ACC106794,964.70,WITHDRAWAL,2026-04-07 05:46:13
TXN202600006502,ACC106093,3786.01,DEPOSIT,2026-12-24 18:51:30
TXN202600006503,ACC103981,653.64,REVERSAL,2026-02-11 16:34:28
TXN202600006504,ACC101539,1261.53,WITHDRAWAL,2026-05-15 09:50:14
TXN202600006505,ACC104975,2127.04,DEPOSIT,2026-03-27 12:29:47
TXN202600006506,ACC108359,2601.21,DEPOSIT,2026-03-02 03:01:56
TXN202600006507,ACC101510,1633.22,DEPOSIT,2026-07-01 05:53:37
TXN202600006508,ACC104066,554.90,WITHDRAWAL,2026-10-25 20:36:00
TXN202600006509,ACC102483,1404.04,DEPOSIT,2026-03-26 15:32:29
TXN202600006510,ACC100252,4954.91,DEPOSIT,2026-12-11 12:28:33
TXN202600006511,ACC102550,775.68,DEPOSIT,2026-12-28 09:47:02
TXN202600006512,ACC104140,1773.81,WITHDRAWAL,2026-06-12 05:56:24
TXN202600006513,ACC103951,3156.38,DEPOSIT,2026-06-08 21:22:15
TXN202600006514,ACC103353,1672.97,WITHDRAWAL,2026-02-17 15:18:53
TXN202600006515,ACC102320,526.11,WITHDRAWAL,2026-01-07 22:58:16
TXN202600006516,ACC109038,4115.80,DEPOSIT,2026-05-03 03:09:32
TXN202600006517,ACC103854,2544.78,DEPOSIT,2026-06-05 14:36:21
TXN202600006518,ACC100747,1468.89,DEPOSIT,2026-10-02 10:55:44
TXN202600006519,ACC105128,4676.16,DEPOSIT,2026-09-01 19:09:30
TXN202600006520,ACC100999,3898.11,DEPOSIT,2026-09-18 09:15:04
TXN202600006521,ACC104607,3804.64,DEPOSIT,2026-10-12 05:07:39
TXN202600006522,ACC106354,3131.14,DEPOSIT,2026-10-12 11:36:59
TXN202600006523,ACC109812,320.23,WITHDRAWAL,2026-05-17 14:52:12
TXN202600006524,ACC101512,699.02,WITHDRAWAL,2026-12-12 02:02:36
TXN202600006525,ACC103759,2605.24,DEPOSIT,2026-04-21 22:54:50
TXN202600006526,ACC103439,3764.23,DEPOSIT,2026-10-03 20:10:23
TXN202600006527,ACC102108,2103.69,DEPOSIT,2026-01-21 02:10:40
TXN202600006528,ACC109475,2937.36,DEPOSIT,2026-06-20 22:37:03
TXN202600006529,ACC101313,4661.84,DEPOSIT,2026-05-12 01:43:21
TXN202600006530,ACC104440,3102.05,DEPOSIT,2026-06-07 16:26:00
TXN202600006531,ACC108540,3902.85,DEPOSIT,2026-05-05 17:59:46
TXN202600006532,ACC108733,1990.11,DEPOSIT,2026-08-21 04:21:36
TXN202600006533,ACC108584,1825.42,DEPOSIT,2026-07-22 04:21:29
TXN202600006534,ACC108225,1131.37,WITHDRAWAL,2026-06-12 19:40:55
TXN202600006535,ACC100206,4454.14,DEPOSIT,2026-01-02 03:09:09
TXN202600006536,ACC107965,1428.99,WITHDRAWAL,2026-07-11 13:36:52
TXN202600006537,ACC105033,1568.06,WITHDRAWAL,2026-02-25 04:00:20
TXN202600006538,ACC108498,295.40,WITHDRAWAL,2026-04-20 05:09:32
TXN202600006539,ACC102883,1876.05,DEPOSIT,2026-01-17 13:09:39
TXN202600006540,ACC107869,928.05,WITHDRAWAL,2026-06-21 15:00:13
TXN202600006541,ACC103644,2481.66,DEPOSIT,2026-12-26 20:14:37
TXN202600006542,ACC109669,1551.29,WITHDRAWAL,2026-01-17 14:35:11
TXN202600006543,ACC101417,756.71,DEPOSIT,2026-05-10 18:44:56
TXN202600006544,ACC107510,1267.53,WITHDRAWAL,2026-03-24 22:12:28
TXN202600006545,ACC102057,4034.38,DEPOSIT,2026-12-19 20:14:29
TXN202600006546,ACC103430,502.89,WITHDRAWAL,2026-08-20 19:33:07
TXN202600006547,ACC104355,1731.50,DEPOSIT,2026-10-15 05:36:15
TXN202600006548,ACC109877,1304.40,WITHDRAWAL,2026-02-28 20:06:52
TXN202600006549,ACC103884,2594.48,DEPOSIT,2026-10-15 19:20:55
TXN202600006550,ACC101619,2860.55,DEPOSIT,2026-04-02 23:41:10
TXN202600006551,ACC105270,3110.19,DEPOSIT,2026-10-05 04:15:11
TXN202600006552,ACC107130,1604.62,WITHDRAWAL,2026-11-07 18:21:21
TXN202600006553,ACC109699,218.10,WITHDRAWAL,2026-01-27 13:53:52
TXN202600006554,ACC105419,831.65,WITHDRAWAL,2026-09-16 19:17:29
TXN202600006555,ACC102311,3311.59,DEPOSIT,2026-12-27 22:56:46
TXN202600006556,ACC106181,3702.75,DEPOSIT,2026-11-03 04:06:17
TXN202600006557,ACC109980,2124.75,DEPOSIT,2026-06-20 21:30:20
TXN202600006558,ACC101249,1189.43,WITHDRAWAL,2026-11-24 07:06:58
TXN202600006559,ACC101616,934.45,WITHDRAWAL,2026-01-20 14:22:01
TXN202600006560,ACC103977,757.81,WITHDRAWAL,2026-03-20 01:11:21
TXN202600006561,ACC109770,464.52,REVERSAL,2026-03-09 11:42:55
TXN202600006562,ACC108423,2776.39,DEPOSIT,2026-05-04 13:01:09
TXN202600006563,ACC103001,320.65,REVERSAL,2026-07-03 05:18:30
TXN202600006564,ACC106155,492.08,WITHDRAWAL,2026-12-08 00:31:20
TXN202600006565,ACC103262,4097.85,DEPOSIT,2026-05-11 23:38:53
TXN202600006566,ACC104517,1582.29,DEPOSIT,2026-03-20 12:20:13
TXN202600006567,ACC105297,4734.53,DEPOSIT,2026-01-02 19:38:36
TXN202600006568,ACC104705,689.85,WITHDRAWAL,2026-05-13 12:53:26
TXN202600006569,ACC101423,1508.93,WITHDRAWAL,2026-04-17 19:06:53
TXN202600006570,ACC105009,760.38,WITHDRAWAL,2026-09-21 03:10:13
TXN202600006571,ACC108261,256.85,REVERSAL,2026-04-08 14:49:59
TXN202600006572,ACC102165,2078.82,WITHDRAWAL,2026-08-27 00:42:42
TXN202600006573,ACC103700,1308.93,WITHDRAWAL,2026-11-03 13:35:49
TXN202600006574,ACC100326,4112.16,DEPOSIT,2026-09-17 01:45:03
TXN202600006575,ACC107685,276.37,REVERSAL,2026-07-09 09:03:56
TXN202600006576,ACC101777,4622.49,DEPOSIT,2026-05-08 11:21:12
TXN202600006577,ACC107783,2755.08,DEPOSIT,2026-05-21 02:00:48
TXN202600006578,ACC108608,1778.82,DEPOSIT,2026-12-27 03:49:18
TXN202600006579,ACC106579,877.45,REVERSAL,2026-12-11 22:12:28
TXN202600006580,ACC104706,984.81,REVERSAL,2026-12-02 12:30:44
TXN202600006581,ACC102946,676.95,DEPOSIT,2026-09-23 19:27:29
TXN202600006582,ACC104475,1112.91,WITHDRAWAL,2026-01-18 05:00:09
TXN202600006583,ACC109637,3148.13,DEPOSIT,2026-05-08 03:42:18
TXN202600006584,ACC101191,840.71,REVERSAL,2026-02-17 06:25:41
TXN202600006585,ACC106370,4589.18,DEPOSIT,2026-02-20 12:23:10
TXN202600006586,ACC103737,1270.42,WITHDRAWAL,2026-04-26 07:05:21
TXN202600006587,ACC109103,2303.99,DEPOSIT,2026-03-25 09:13:03
TXN202600006588,ACC109713,1682.35,DEPOSIT,2026-04-03 13:05:01
TXN202600006589,ACC106456,3927.60,DEPOSIT,2026-07-28 07:25:06
TXN202600006590,ACC102394,3299.99,DEPOSIT,2026-03-24 18:07:03
TXN202600006591,ACC101052,236.58,WITHDRAWAL,2026-09-14 07:24:21
TXN202600006592,ACC103506,3090.00,DEPOSIT,2026-10-25 23:24:11
TXN202600006593,ACC103781,1468.18,WITHDRAWAL,2026-07-27 05:21:50
TXN202600006594,ACC106067,967.43,DEPOSIT,2026-04-13 00:17:27
TXN202600006595,ACC105956,693.01,DEPOSIT,2026-09-08 03:58:13
TXN202600006596,ACC106319,1567.92,DEPOSIT,2026-02-01 20:03:03
TXN202600006597,ACC100427,2935.08,DEPOSIT,2026-09-06 05:51:33
TXN202600006598,ACC101945,1707.46,DEPOSIT,2026-01-03 07:09:57
TXN202600006599,ACC107173,619.21,DEPOSIT,2026-01-05 01:35:31
TXN202600006600,ACC108239,1090.68,DEPOSIT,2026-06-03 21:00:56
TXN202600006601,ACC102928,2023.98,DEPOSIT,2026-01-03 10:40:08
TXN202600006602,ACC103397,928.31,DEPOSIT,2026-10-17 05:50:11
TXN202600006603,ACC106172,1442.74,WITHDRAWAL,2026-03-28 17:03:17
TXN202600006604,ACC108588,2912.21,DEPOSIT,2026-08-22 00:21:19
TXN202600006605,ACC107484,896.64,DEPOSIT,2026-05-11 17:20:45
TXN202600006606,ACC106032,1768.40,WITHDRAWAL,2026-01-05 05:16:13
TXN202600006607,ACC104601,3900.66,DEPOSIT,2026-06-12 13:55:47
TXN202600006608,ACC106287,656.44,WITHDRAWAL,2026-12-14 10:12:24
TXN202600006609,ACC106328,2947.36,DEPOSIT,2026-05-28 16:55:51
TXN202600006610,ACC101109,167.05,WITHDRAWAL,2026-09-09 16:12:51
TXN202600006611,ACC106832,4003.41,DEPOSIT,2026-06-03 08:25:56
TXN202600006612,ACC106149,3559.04,DEPOSIT,2026-08-09 19:03:07
TXN202600006613,ACC103278,3163.67,DEPOSIT,2026-07-09 15:54:36
TXN202600006614,ACC103651,4338.94,DEPOSIT,2026-06-20 04:23:06
TXN202600006615,ACC103989,1042.51,WITHDRAWAL,2026-03-04 08:06:43
TXN202600006616,ACC105902,970.50,DEPOSIT,2026-03-07 21:35:00
TXN202600006617,ACC102349,558.73,DEPOSIT,2026-02-27 10:04:57
TXN202600006618,ACC105130,210.79,WITHDRAWAL,2026-02-16 08:46:02
TXN202600006619,ACC104637,1874.12,DEPOSIT,2026-02-11 04:35:47
TXN202600006620,ACC108970,1756.08,DEPOSIT,2026-11-08 20:46:02
TXN202600006621,ACC106116,1729.22,WITHDRAWAL,2026-10-15 21:39:53
TXN202600006622,ACC102731,1006.55,WITHDRAWAL,2026-03-16 14:40:57
TXN202600006623,ACC105681,3607.97,DEPOSIT,2026-02-21 14:10:55
TXN202600006624,ACC105068,535.21,WITHDRAWAL,2026-03-27 15:34:04
TXN202600006625,ACC105395,1996.36,DEPOSIT,2026-02-24 22:02:58
TXN202600006626,ACC100362,3936.77,DEPOSIT,2026-06-12 15:08:54
TXN202600006627,ACC106364,507.16,WITHDRAWAL,2026-04-18 02:00:46
TXN202600006628,ACC102073,2811.95,DEPOSIT,2026-01-26 06:21:27
TXN202600006629,ACC106287,4278.10,DEPOSIT,2026-04-27 15:11:42
TXN202600006630,ACC104254,3949.12,DEPOSIT,2026-02-09 18:58:07
TXN202600006631,ACC105353,4378.50,DEPOSIT,2026-11-17 05:06:08
TXN202600006632,ACC103032,4911.05,DEPOSIT,2026-08-14 17:21:09
TXN202600006633,ACC102540,564.09,REVERSAL,2026-09-27 00:12:31
TXN202600006634,ACC109692,2290.02,DEPOSIT,2026-02-16 04:55:23
TXN202600006635,ACC105992,270.32,REVERSAL,2026-03-12 22:42:30
TXN202600006636,ACC106432,1000.25,DEPOSIT,2026-01-21 07:59:35
TXN202600006637,ACC106355,4197.19,DEPOSIT,2026-10-28 00:39:59
TXN202600006638,ACC107553,1945.36,WITHDRAWAL,2026-05-28 01:47:40
TXN202600006639,ACC102455,2303.08,DEPOSIT,2026-01-06 23:12:37
TXN202600006640,ACC101055,1346.95,WITHDRAWAL,2026-02-16 11:26:19
TXN202600006641,ACC101035,1884.18,WITHDRAWAL,2026-07-02 05:20:47
TXN202600006642,ACC106631,1344.97,WITHDRAWAL,2026-09-26 01:40:37
TXN202600006643,ACC105947,781.23,WITHDRAWAL,2026-06-23 12:27:23
TXN202600006644,ACC102623,2259.41,DEPOSIT,2026-06-09 00:26:02
TXN202600006645,ACC109810,772.67,WITHDRAWAL,2026-07-21 15:15:16
TXN202600006646,ACC100572,1120.04,WITHDRAWAL,2026-03-26 11:38:24
TXN202600006647,ACC102774,1193.98,WITHDRAWAL,2026-03-24 02:51:04
TXN202600006648,ACC106304,2420.75,DEPOSIT,2026-06-23 06:27:11
TXN202600006649,ACC103747,3368.30,DEPOSIT,2026-09-04 01:12:56
TXN202600006650,ACC101472,2484.92,DEPOSIT,2026-08-05 22:42:29
TXN202600006651,ACC100176,2045.60,WITHDRAWAL,2026-07-21 02:18:42
TXN202600006652,ACC100930,483.20,WITHDRAWAL,2026-03-26 02:41:29
TXN202600006653,ACC105214,1296.40,DEPOSIT,2026-12-11 07:08:09
TXN202600006654,ACC103381,1357.38,WITHDRAWAL,2026-03-14 02:25:05
TXN202600006655,ACC102720,1501.45,WITHDRAWAL,2026-08-20 03:14:16
TXN202600006656,ACC102249,915.33,WITHDRAWAL,2026-09-26 10:59:25
TXN202600006657,ACC104293,3249.75,DEPOSIT,2026-08-19 00:15:55
TXN202600006658,ACC105038,2070.31,WITHDRAWAL,2026-08-23 11:36:00
TXN202600006659,ACC100097,2354.67,DEPOSIT,2026-07-21 03:10:42
TXN202600006660,ACC104314,3853.64,DEPOSIT,2026-05-21 22:02:57
TXN202600006661,ACC104554,3630.15,DEPOSIT,2026-02-06 12:42:36
TXN202600006662,ACC105858,4630.52,DEPOSIT,2026-06-19 13:27:54
TXN202600006663,ACC105503,1161.40,DEPOSIT,2026-12-13 06:34:11
TXN202600006664,ACC109690,522.22,WITHDRAWAL,2026-07-11 08:40:42
TXN202600006665,ACC109012,636.11,DEPOSIT,2026-03-17 15:00:50
TXN202600006666,ACC105928,471.20,WITHDRAWAL,2026-09-03 08:20:25
TXN202600006667,ACC102137,967.76,REVERSAL,2026-08-25 20:13:06
TXN202600006668,ACC106227,4181.29,DEPOSIT,2026-05-06 12:19:58
TXN202600006669,ACC105001,665.91,DEPOSIT,2026-01-12 04:46:53
TXN202600006670,ACC107899,284.59,REVERSAL,2026-05-22 21:58:20
TXN202600006671,ACC105247,1988.94,DEPOSIT,2026-05-25 15:27:21
TXN202600006672,ACC103600,1138.43,DEPOSIT,2026-05-28 00:33:42
TXN202600006673,ACC102738,1838.51,WITHDRAWAL,2026-04-06 02:56:16
TXN202600006674,ACC104709,3105.16,DEPOSIT,2026-08-18 15:36:42
TXN202600006675,ACC104194,4045.48,DEPOSIT,2026-09-23 18:18:24
TXN202600006676,ACC107742,1462.92,WITHDRAWAL,2026-06-02 12:16:01
TXN202600006677,ACC109340,4378.70,DEPOSIT,2026-06-15 02:15:52
TXN202600006678,ACC109460,2808.79,DEPOSIT,2026-11-27 11:49:28
TXN202600006679,ACC108057,914.86,DEPOSIT,2026-11-08 19:34:39
TXN202600006680,ACC107963,1158.72,WITHDRAWAL,2026-03-16 02:01:50
TXN202600006681,ACC100307,1236.04,WITHDRAWAL,2026-03-19 23:35:24
TXN202600006682,ACC109018,3885.53,DEPOSIT,2026-10-01 08:23:18
TXN202600006683,ACC103448,1837.71,WITHDRAWAL,2026-08-19 09:39:51
TXN202600006684,ACC106168,3791.07,DEPOSIT,2026-05-06 07:54:05
TXN202600006685,ACC107479,2344.32,DEPOSIT,2026-01-10 04:05:01
TXN202600006686,ACC106870,4928.70,DEPOSIT,2026-06-24 07:30:50
TXN202600006687,ACC101704,2839.52,DEPOSIT,2026-06-27 14:15:56
TXN202600006688,ACC105736,1835.01,WITHDRAWAL,2026-09-26 08:17:38
TXN202600006689,ACC101641,2619.55,DEPOSIT,2026-12-28 16:27:40
TXN202600006690,ACC105790,463.63,WITHDRAWAL,2026-02-09 03:56:19
TXN202600006691,ACC106435,1082.81,REVERSAL,2026-03-11 21:50:33
TXN202600006692,ACC100368,1742.98,WITHDRAWAL,2026-07-28 21:05:20
TXN202600006693,ACC104604,2088.97,WITHDRAWAL,2026-06-08 05:04:22
TXN202600006694,ACC105591,2223.81,DEPOSIT,2026-10-15 17:40:59
TXN202600006695,ACC104758,2015.61,DEPOSIT,2026-07-21 21:39:10
TXN202600006696,ACC109702,2393.43,DEPOSIT,2026-12-20 09:13:59
TXN202600006697,ACC104854,3735.57,DEPOSIT,2026-12-10 12:14:07
TXN202600006698,ACC103688,2601.01,DEPOSIT,2026-05-28 17:08:08
TXN202600006699,ACC107407,3016.88,DEPOSIT,2026-09-17 04:14:20
TXN202600006700,ACC106788,3323.29,DEPOSIT,2026-09-12 08:14:46
TXN202600006701,ACC101982,1779.90,DEPOSIT,2026-07-18 19:24:23
TXN202600006702,ACC104732,2861.14,DEPOSIT,2026-08-27 19:57:07
TXN202600006703,ACC108399,4885.13,DEPOSIT,2026-06-25 04:02:56
TXN202600006704,ACC109524,1569.05,DEPOSIT,2026-05-21 23:43:37
TXN202600006705,ACC100013,3049.45,DEPOSIT,2026-03-04 23:44:45
TXN202600006706,ACC105535,1472.97,DEPOSIT,2026-04-02 18:44:35
TXN202600006707,ACC104183,512.07,WITHDRAWAL,2026-02-28 01:10:12
TXN202600006708,ACC106996,1314.55,WITHDRAWAL,2026-03-12 06:56:55
TXN202600006709,ACC109566,4835.78,DEPOSIT,2026-03-28 09:07:16
TXN202600006710,ACC100189,838.93,DEPOSIT,2026-07-03 20:20:54
TXN202600006711,ACC109484,3868.22,DEPOSIT,2026-12-12 08:38:04
TXN202600006712,ACC102576,1625.60,WITHDRAWAL,2026-01-19 09:21:08
TXN202600006713,ACC102511,794.98,WITHDRAWAL,2026-07-21 04:45:13
TXN202600006714,ACC101064,187.66,REVERSAL,2026-11-16 23:32:04
TXN202600006715,ACC101092,703.73,REVERSAL,2026-05-18 17:56:38
TXN202600006716,ACC105148,2193.45,DEPOSIT,2026-09-22 02:05:00
TXN202600006717,ACC104576,1339.53,WITHDRAWAL,2026-08-19 13:12:18
TXN202600006718,ACC109600,4998.28,DEPOSIT,2026-09-25 05:35:13
TXN202600006719,ACC107656,1688.66,WITHDRAWAL,2026-05-26 14:13:58
TXN202600006720,ACC102057,2707.51,DEPOSIT,2026-10-20 16:50:06
TXN202600006721,ACC104865,3027.54,DEPOSIT,2026-07-26 01:22:41
TXN202600006722,ACC100794,3816.31,DEPOSIT,2026-11-10 08:56:35
TXN202600006723,ACC104530,2020.95,WITHDRAWAL,2026-12-21 09:35:34
TXN202600006724,ACC108013,1221.64,WITHDRAWAL,2026-07-21 19:33:30
TXN202600006725,ACC107030,4821.31,DEPOSIT,2026-01-03 18:25:09
TXN202600006726,ACC101484,553.62,DEPOSIT,2026-10-27 14:25:14
TXN202600006727,ACC100670,1447.81,WITHDRAWAL,2026-02-09 17:01:39
TXN202600006728,ACC101773,797.34,WITHDRAWAL,2026-07-15 13:20:35
TXN202600006729,ACC107956,4122.52,DEPOSIT,2026-07-20 10:28:59
TXN202600006730,ACC107756,3554.32,DEPOSIT,2026-08-13 06:21:09
TXN202600006731,ACC102651,3022.74,DEPOSIT,2026-03-05 13:36:45
TXN202600006732,ACC109667,2518.11,DEPOSIT,2026-11-12 02:42:37
TXN202600006733,ACC101058,1499.55,WITHDRAWAL,2026-11-26 21:13:46
TXN202600006734,ACC109238,3472.25,DEPOSIT,2026-10-08 09:48:19
TXN202600006735,ACC107256,1726.08,WITHDRAWAL,2026-07-04 07:34:30
TXN202600006736,ACC104811,1612.83,WITHDRAWAL,2026-04-27 08:31:11
TXN202600006737,ACC100346,2821.09,DEPOSIT,2026-05-04 03:34:39
TXN202600006738,ACC103093,1912.58,DEPOSIT,2026-07-28 01:32:11
TXN202600006739,ACC103721,486.46,WITHDRAWAL,2026-03-20 10:24:39
TXN202600006740,ACC104383,102.55,WITHDRAWAL,2026-09-24 00:46:45
TXN202600006741,ACC106439,1540.69,WITHDRAWAL,2026-03-14 03:14:26
TXN202600006742,ACC105814,4658.05,DEPOSIT,2026-11-22 13:51:33
TXN202600006743,ACC102337,1309.54,DEPOSIT,2026-01-12 19:10:01
TXN202600006744,ACC100704,1193.47,WITHDRAWAL,2026-12-18 02:59:38
TXN202600006745,ACC109462,3920.18,DEPOSIT,2026-09-04 17:23:38
TXN202600006746,ACC106106,1354.47,WITHDRAWAL,2026-12-18 18:25:04
TXN202600006747,ACC106487,2730.42,DEPOSIT,2026-03-12 03:59:29
TXN202600006748,ACC100702,713.76,DEPOSIT,2026-06-24 12:51:59
TXN202600006749,ACC103832,2076.65,DEPOSIT,2026-06-14 01:11:44
TXN202600006750,ACC106978,548.73,REVERSAL,2026-04-24 11:49:26
TXN202600006751,ACC103154,4391.03,DEPOSIT,2026-04-01 11:52:23
TXN202600006752,ACC104988,1375.17,DEPOSIT,2026-01-18 19:17:02
TXN202600006753,ACC107916,1156.29,WITHDRAWAL,2026-08-04 09:52:16
TXN202600006754,ACC108354,1890.92,DEPOSIT,2026-03-06 02:28:38
TXN202600006755,ACC102671,1093.60,WITHDRAWAL,2026-02-20 23:17:50
TXN202600006756,ACC107567,3735.62,DEPOSIT,2026-01-19 00:08:27
TXN202600006757,ACC102678,4369.27,DEPOSIT,2026-06-25 10:33:01
TXN202600006758,ACC104576,4125.66,DEPOSIT,2026-02-21 12:35:46
TXN202600006759,ACC102136,1041.10,WITHDRAWAL,2026-06-14 03:41:22
TXN202600006760,ACC101086,689.01,DEPOSIT,2026-04-19 04:06:35
TXN202600006761,ACC100460,1696.58,DEPOSIT,2026-09-13 15:45:49
TXN202600006762,ACC107844,710.42,WITHDRAWAL,2026-06-17 08:23:44
TXN202600006763,ACC100988,4531.28,DEPOSIT,2026-10-18 00:44:01
TXN202600006764,ACC108977,1001.04,WITHDRAWAL,2026-07-24 11:48:15
TXN202600006765,ACC108021,2840.37,DEPOSIT,2026-11-24 03:21:46
TXN202600006766,ACC106712,2284.90,DEPOSIT,2026-09-15 07:40:28
TXN202600006767,ACC104731,2642.98,DEPOSIT,2026-01-11 07:00:38
TXN202600006768,ACC104579,1027.02,WITHDRAWAL,2026-08-26 04:53:21
TXN202600006769,ACC101274,3255.48,DEPOSIT,2026-02-22 07:12:06
TXN202600006770,ACC102855,196.76,WITHDRAWAL,2026-09-22 05:44:16
TXN202600006771,ACC105000,4374.84,DEPOSIT,2026-08-25 12:02:52
TXN202600006772,ACC100913,313.72,WITHDRAWAL,2026-06-16 15:22:38
TXN202600006773,ACC105959,4214.05,DEPOSIT,2026-06-19 18:20:00
TXN202600006774,ACC107247,1874.87,WITHDRAWAL,2026-02-12 06:19:34
TXN202600006775,ACC101079,4909.95,DEPOSIT,2026-03-25 20:36:35
TXN202600006776,ACC108250,1218.48,DEPOSIT,2026-10-02 14:20:28
TXN202600006777,ACC102409,3051.12,DEPOSIT,2026-11-02 22:47:56
TXN202600006778,ACC100560,4442.27,DEPOSIT,2026-08-04 18:10:57
TXN202600006779,ACC107662,2229.58,DEPOSIT,2026-06-19 07:35:53
TXN202600006780,ACC102495,748.44,DEPOSIT,2026-12-11 04:06:53
TXN202600006781,ACC101470,3757.88,DEPOSIT,2026-06-20 01:28:10
TXN202600006782,ACC103244,696.46,WITHDRAWAL,2026-10-03 02:26:49
TXN202600006783,ACC100613,2685.94,DEPOSIT,2026-09-21 15:28:19
TXN202600006784,ACC103410,606.63,DEPOSIT,2026-02-26 00:42:58
TXN202600006785,ACC101514,3016.25,DEPOSIT,2026-08-27 17:54:15
TXN202600006786,ACC107351,2244.43,DEPOSIT,2026-12-01 16:00:57
TXN202600006787,ACC106568,2642.44,DEPOSIT,2026-12-11 14:08:13
TXN202600006788,ACC102200,1616.45,DEPOSIT,2026-12-26 11:25:01
TXN202600006789,ACC100030,2013.72,WITHDRAWAL,2026-07-01 22:17:25
TXN202600006790,ACC108229,1080.39,DEPOSIT,2026-01-23 02:36:32
TXN202600006791,ACC101922,1381.90,WITHDRAWAL,2026-06-26 19:29:32
TXN202600006792,ACC104761,1717.77,DEPOSIT,2026-02-04 13:53:46
TXN202600006793,ACC108560,1142.84,DEPOSIT,2026-06-23 11:05:39
TXN202600006794,ACC104065,3854.83,DEPOSIT,2026-01-03 22:32:48
TXN202600006795,ACC100241,3812.76,DEPOSIT,2026-09-11 21:16:31
TXN202600006796,ACC103068,3353.09,DEPOSIT,2026-01-05 19:25:29
TXN202600006797,ACC100328,4328.36,DEPOSIT,2026-12-04 21:00:47
TXN202600006798,ACC100898,398.67,WITHDRAWAL,2026-07-22 14:11:23
TXN202600006799,ACC108918,889.16,DEPOSIT,2026-11-27 05:27:41
TXN202600006800,ACC108157,3968.29,DEPOSIT,2026-05-26 03:37:22
TXN202600006801,ACC106078,675.57,WITHDRAWAL,2026-05-14 10:33:25
TXN202600006802,ACC109445,1280.89,DEPOSIT,2026-03-26 14:32:55
TXN202600006803,ACC107524,271.21,WITHDRAWAL,2026-03-14 16:26:12
TXN202600006804,ACC104953,1023.63,WITHDRAWAL,2026-04-10 06:12:43
TXN202600006805,ACC103358,428.21,WITHDRAWAL,2026-12-26 03:21:14
TXN202600006806,ACC101672,3793.40,DEPOSIT,2026-05-02 01:46:21
TXN202600006807,ACC107470,4231.21,DEPOSIT,2026-10-13 03:15:21
TXN202600006808,ACC102910,4005.78,DEPOSIT,2026-08-24 04:18:41
TXN202600006809,ACC105398,2712.73,DEPOSIT,2026-11-18 03:03:22
TXN202600006810,ACC103210,1207.00,DEPOSIT,2026-04-28 07:28:13
TXN202600006811,ACC106010,3625.46,DEPOSIT,2026-02-10 05:00:49
TXN202600006812,ACC109565,690.77,WITHDRAWAL,2026-01-27 11:48:51
TXN202600006813,ACC109460,4249.47,DEPOSIT,2026-09-15 13:01:17
TXN202600006814,ACC107486,4358.28,DEPOSIT,2026-08-17 01:20:13
TXN202600006815,ACC107122,1692.75,WITHDRAWAL,2026-01-28 16:57:53
TXN202600006816,ACC109945,2758.62,DEPOSIT,2026-12-11 09:25:09
TXN202600006817,ACC107947,285.01,REVERSAL,2026-11-20 00:46:06
TXN202600006818,ACC103063,943.91,DEPOSIT,2026-04-23 11:12:23
TXN202600006819,ACC100447,2261.11,DEPOSIT,2026-06-05 23:52:50
TXN202600006820,ACC102791,4122.68,DEPOSIT,2026-01-07 04:17:54
TXN202600006821,ACC105116,3722.47,DEPOSIT,2026-09-14 22:43:50
TXN202600006822,ACC102811,442.92,WITHDRAWAL,2026-03-24 00:18:15
TXN202600006823,ACC101181,1066.96,WITHDRAWAL,2026-07-03 16:15:21
TXN202600006824,ACC104702,1364.52,DEPOSIT,2026-06-06 01:39:01
TXN202600006825,ACC103199,401.51,WITHDRAWAL,2026-09-04 08:24:22
TXN202600006826,ACC101425,2444.89,DEPOSIT,2026-07-18 09:05:38
TXN202600006827,ACC104396,896.99,DEPOSIT,2026-01-28 11:09:20
TXN202600006828,ACC109830,3433.78,DEPOSIT,2026-08-24 17:16:23
TXN202600006829,ACC107513,3569.07,DEPOSIT,2026-01-19 11:59:04
TXN202600006830,ACC107348,3743.38,DEPOSIT,2026-12-23 22:31:40
TXN202600006831,ACC109867,1807.67,WITHDRAWAL,2026-07-18 09:31:22
TXN202600006832,ACC101418,3714.20,DEPOSIT,2026-12-12 13:47:23
TXN202600006833,ACC104981,4698.56,DEPOSIT,2026-07-17 22:05:53
TXN202600006834,ACC100752,1002.82,WITHDRAWAL,2026-01-10 03:21:11
TXN202600006835,ACC105469,537.14,DEPOSIT,2026-10-14 22:30:07
TXN202600006836,ACC107015,644.23,DEPOSIT,2026-03-13 19:04:48
TXN202600006837,ACC102125,3398.19,DEPOSIT,2026-04-15 17:41:53
TXN202600006838,ACC107281,1618.06,DEPOSIT,2026-07-10 20:38:45
TXN202600006839,ACC101350,4558.27,DEPOSIT,2026-05-26 23:47:05
TXN202600006840,ACC100588,3971.46,DEPOSIT,2026-09-27 21:27:38
TXN202600006841,ACC105086,2550.93,DEPOSIT,2026-01-04 23:42:13
TXN202600006842,ACC104345,809.03,WITHDRAWAL,2026-12-20 16:45:29
TXN202600006843,ACC108732,1598.81,WITHDRAWAL,2026-10-08 12:18:03
TXN202600006844,ACC102026,3631.42,DEPOSIT,2026-07-12 09:32:01
TXN202600006845,ACC101385,865.22,WITHDRAWAL,2026-03-04 04:33:24
TXN202600006846,ACC107992,454.84,WITHDRAWAL,2026-09-03 01:33:18
TXN202600006847,ACC109367,2925.23,DEPOSIT,2026-07-12 06:19:21
TXN202600006848,ACC107939,569.38,WITHDRAWAL,2026-12-21 03:54:56
TXN202600006849,ACC106783,1963.83,DEPOSIT,2026-12-08 15:50:06
TXN202600006850,ACC106739,360.34,REVERSAL,2026-11-20 02:05:34
TXN202600006851,ACC108914,2615.92,DEPOSIT,2026-05-20 17:13:46
TXN202600006852,ACC109116,2797.88,DEPOSIT,2026-11-12 13:46:50
TXN202600006853,ACC107074,1658.40,DEPOSIT,2026-03-10 17:25:04
TXN202600006854,ACC107776,3469.92,DEPOSIT,2026-06-16 16:23:40
TXN202600006855,ACC106634,3708.20,DEPOSIT,2026-12-03 11:29:12
TXN202600006856,ACC109469,633.80,WITHDRAWAL,2026-11-09 15:39:48
TXN202600006857,ACC108041,2924.01,DEPOSIT,2026-03-27 11:39:21
TXN202600006858,ACC104294,1396.66,DEPOSIT,2026-12-03 17:51:22
TXN202600006859,ACC108796,3796.58,DEPOSIT,2026-05-20 03:40:23
TXN202600006860,ACC102893,4464.95,DEPOSIT,2026-05-07 22:08:44
TXN202600006861,ACC104410,411.16,WITHDRAWAL,2026-12-11 04:00:41
TXN202600006862,ACC100399,1955.60,DEPOSIT,2026-06-04 15:19:15
TXN202600006863,ACC101721,1941.13,WITHDRAWAL,2026-10-02 11:52:06
TXN202600006864,ACC100968,1319.73,DEPOSIT,2026-05-14 01:23:08
TXN202600006865,ACC108078,3068.97,DEPOSIT,2026-08-17 00:56:22
TXN202600006866,ACC102822,1998.10,DEPOSIT,2026-03-25 13:37:57
TXN202600006867,ACC104195,4040.71,DEPOSIT,2026-09-27 05:04:44
TXN202600006868,ACC104635,3179.47,DEPOSIT,2026-08-13 22:54:56
TXN202600006869,ACC101362,373.47,REVERSAL,2026-10-14 18:20:13
TXN202600006870,ACC104331,3155.82,DEPOSIT,2026-10-22 15:58:19
TXN202600006871,ACC104223,2856.77,DEPOSIT,2026-01-23 17:01:20
TXN202600006872,ACC107316,1545.46,DEPOSIT,2026-11-27 17:58:03
TXN202600006873,ACC104162,785.41,DEPOSIT,2026-03-24 02:52:37
TXN202600006874,ACC101084,4580.17,DEPOSIT,2026-03-06 22:27:36
TXN202600006875,ACC103954,768.05,WITHDRAWAL,2026-06-07 13:37:16
TXN202600006876,ACC105428,4607.26,DEPOSIT,2026-06-02 13:50:18
TXN202600006877,ACC103006,3110.78,DEPOSIT,2026-03-12 15:20:36
TXN202600006878,ACC107387,1501.70,WITHDRAWAL,2026-10-03 02:35:22
TXN202600006879,ACC106773,1158.54,WITHDRAWAL,2026-05-24 02:47:41
TXN202600006880,ACC105566,1623.90,WITHDRAWAL,2026-10-16 17:42:46
TXN202600006881,ACC106902,686.86,REVERSAL,2026-08-25 14:16:11
TXN202600006882,ACC109596,3600.13,DEPOSIT,2026-07-17 06:21:15
TXN202600006883,ACC104467,728.92,DEPOSIT,2026-01-23 13:44:20
TXN202600006884,ACC100183,4812.25,DEPOSIT,2026-11-23 12:09:18
TXN202600006885,ACC109071,769.45,DEPOSIT,2026-03-13 07:26:58
TXN202600006886,ACC103589,4191.69,DEPOSIT,2026-03-15 07:45:39
TXN202600006887,ACC100424,3842.24,DEPOSIT,2026-03-28 04:53:58
TXN202600006888,ACC105302,2404.32,DEPOSIT,2026-06-22 08:25:59
TXN202600006889,ACC109294,1400.60,DEPOSIT,2026-12-28 07:48:57
TXN202600006890,ACC108254,4551.57,DEPOSIT,2026-09-03 05:04:19
TXN202600006891,ACC108833,2355.01,DEPOSIT,2026-02-26 13:08:57
TXN202600006892,ACC103347,3845.07,DEPOSIT,2026-11-24 10:11:30
TXN202600006893,ACC108921,865.31,DEPOSIT,2026-09-10 09:37:52
TXN202600006894,ACC102945,4346.83,DEPOSIT,2026-06-08 08:39:43
TXN202600006895,ACC106720,1011.89,WITHDRAWAL,2026-07-18 01:22:01
TXN202600006896,ACC101017,2263.39,DEPOSIT,2026-11-18 07:14:08
TXN202600006897,ACC104715,4006.22,DEPOSIT,2026-11-24 19:10:51
TXN202600006898,ACC109449,4497.85,DEPOSIT,2026-12-03 19:30:48
TXN202600006899,ACC106727,1292.97,WITHDRAWAL,2026-09-12 14:27:27
TXN202600006900,ACC104517,2190.04,DEPOSIT,2026-11-18 17:59:40
TXN202600006901,ACC107582,2708.31,DEPOSIT,2026-12-07 22:14:58
TXN202600006902,ACC109940,1817.44,WITHDRAWAL,2026-11-16 12:42:51
TXN202600006903,ACC108217,258.01,WITHDRAWAL,2026-09-23 00:23:49
TXN202600006904,ACC103846,3993.68,DEPOSIT,2026-11-27 07:31:55
TXN202600006905,ACC102033,2018.74,DEPOSIT,2026-10-14 06:33:13
TXN202600006906,ACC108338,723.14,DEPOSIT,2026-10-08 17:04:36
TXN202600006907,ACC107710,1117.85,WITHDRAWAL,2026-12-15 15:41:59
TXN202600006908,ACC106989,1744.16,DEPOSIT,2026-12-06 08:22:11
TXN202600006909,ACC109009,1755.62,DEPOSIT,2026-06-18 21:10:33
TXN202600006910,ACC104213,1224.46,DEPOSIT,2026-11-03 12:53:27
TXN202600006911,ACC101773,2193.28,DEPOSIT,2026-04-28 12:28:55
TXN202600006912,ACC106396,1421.07,WITHDRAWAL,2026-05-24 01:43:12
TXN202600006913,ACC104977,4152.29,DEPOSIT,2026-02-25 12:46:49
TXN202600006914,ACC100561,854.13,REVERSAL,2026-05-28 23:10:17
TXN202600006915,ACC101185,1436.86,DEPOSIT,2026-06-19 03:07:21
TXN202600006916,ACC101833,1045.40,WITHDRAWAL,2026-01-14 09:39:58
TXN202600006917,ACC101907,4621.33,DEPOSIT,2026-05-05 10:58:45
TXN202600006918,ACC109275,3152.33,DEPOSIT,2026-05-13 16:47:23
TXN202600006919,ACC103719,1476.99,DEPOSIT,2026-05-09 02:22:03
TXN202600006920,ACC108873,572.04,REVERSAL,2026-06-15 04:09:49
TXN202600006921,ACC104558,650.89,DEPOSIT,2026-11-04 18:13:42
TXN202600006922,ACC102747,653.85,WITHDRAWAL,2026-06-18 14:26:10
TXN202600006923,ACC103324,1719.82,DEPOSIT,2026-08-03 16:41:46
TXN202600006924,ACC109527,1746.33,DEPOSIT,2026-07-14 12:28:26
TXN202600006925,ACC101528,3664.46,DEPOSIT,2026-01-07 09:56:11
TXN202600006926,ACC106188,2396.74,DEPOSIT,2026-07-23 09:35:13
TXN202600006927,ACC103760,100.98,REVERSAL,2026-04-14 14:13:54
TXN202600006928,ACC109388,717.74,REVERSAL,2026-11-27 09:42:56
TXN202600006929,ACC108235,1826.71,WITHDRAWAL,2026-05-25 21:44:57
TXN202600006930,ACC108888,4948.06,DEPOSIT,2026-08-16 14:47:33
TXN202600006931,ACC109383,4463.24,DEPOSIT,2026-06-26 01:11:54
TXN202600006932,ACC107350,4664.91,DEPOSIT,2026-08-08 09:49:00
TXN202600006933,ACC102946,3844.73,DEPOSIT,2026-03-26 06:00:27
TXN202600006934,ACC100974,1982.79,WITHDRAWAL,2026-01-26 08:18:40
TXN202600006935,ACC100548,435.17,WITHDRAWAL,2026-11-20 21:11:01
TXN202600006936,ACC103043,3098.11,DEPOSIT,2026-12-02 08:58:15
TXN202600006937,ACC108314,3670.45,DEPOSIT,2026-05-14 16:21:38
TXN202600006938,ACC106909,1893.69,DEPOSIT,2026-01-25 00:50:25
TXN202600006939,ACC106287,1446.99,WITHDRAWAL,2026-02-06 03:18:37
TXN202600006940,ACC106372,4948.01,DEPOSIT,2026-03-26 18:32:07
TXN202600006941,ACC108099,837.98,WITHDRAWAL,2026-12-25 15:55:06
TXN202600006942,ACC101784,1562.64,WITHDRAWAL,2026-11-05 14:43:29
TXN202600006943,ACC103006,1003.49,WITHDRAWAL,2026-11-28 12:53:59
TXN202600006944,ACC103564,4535.35,DEPOSIT,2026-02-14 19:15:18
TXN202600006945,ACC102030,4434.73,DEPOSIT,2026-07-11 10:51:39
TXN202600006946,ACC105746,1332.34,DEPOSIT,2026-04-11 12:55:33
TXN202600006947,ACC105820,3333.02,DEPOSIT,2026-11-18 03:56:05
TXN202600006948,ACC102416,1337.66,WITHDRAWAL,2026-08-07 21:58:13
TXN202600006949,ACC101359,1108.09,DEPOSIT,2026-02-19 00:05:32
TXN202600006950,ACC103457,845.04,DEPOSIT,2026-06-15 17:17:45
TXN202600006951,ACC109335,4070.50,DEPOSIT,2026-05-18 06:40:42
TXN202600006952,ACC107431,3976.00,DEPOSIT,2026-01-18 18:47:14
TXN202600006953,ACC103530,2985.96,DEPOSIT,2026-01-17 13:33:27
TXN202600006954,ACC102860,843.85,DEPOSIT,2026-10-21 11:36:18
TXN202600006955,ACC100555,2940.72,DEPOSIT,2026-06-24 12:59:05
TXN202600006956,ACC109609,2015.75,WITHDRAWAL,2026-05-25 05:08:07
TXN202600006957,ACC103126,1534.65,WITHDRAWAL,2026-08-22 13:15:02
TXN202600006958,ACC108398,1011.32,DEPOSIT,2026-07-17 20:39:52
TXN202600006959,ACC100570,784.01,DEPOSIT,2026-09-14 00:01:18
TXN202600006960,ACC103505,1258.96,DEPOSIT,2026-01-21 21:45:11
TXN202600006961,ACC108126,1758.03,DEPOSIT,2026-09-12 14:40:51
TXN202600006962,ACC100675,3804.86,DEPOSIT,2026-05-25 06:35:12
TXN202600006963,ACC106437,4335.50,DEPOSIT,2026-12-03 05:01:03
TXN202600006964,ACC101772,1677.96,DEPOSIT,2026-06-23 09:46:35
TXN202600006965,ACC109821,733.49,WITHDRAWAL,2026-02-20 02:21:33
TXN202600006966,ACC102423,1296.13,WITHDRAWAL,2026-10-15 06:26:23
TXN202600006967,ACC105249,124.62,WITHDRAWAL,2026-04-18 08:27:43
TXN202600006968,ACC106297,3461.97,DEPOSIT,2026-11-21 12:07:06
TXN202600006969,ACC103455,560.48,WITHDRAWAL,2026-02-21 11:24:48
TXN202600006970,ACC107084,1613.38,DEPOSIT,2026-03-09 04:16:56
TXN202600006971,ACC109621,1859.01,WITHDRAWAL,2026-04-25 16:25:38
TXN202600006972,ACC105497,1234.02,WITHDRAWAL,2026-11-16 02:44:00
TXN202600006973,ACC109813,2381.80,DEPOSIT,2026-12-27 21:16:28
TXN202600006974,ACC106051,949.80,WITHDRAWAL,2026-03-07 08:25:13
TXN202600006975,ACC106472,994.90,DEPOSIT,2026-07-20 09:08:43
TXN202600006976,ACC106622,2429.90,DEPOSIT,2026-12-16 01:49:03
TXN202600006977,ACC100095,1561.50,WITHDRAWAL,2026-11-23 15:35:01
TXN202600006978,ACC107071,350.67,WITHDRAWAL,2026-02-21 22:52:47
TXN202600006979,ACC107909,840.92,REVERSAL,2026-05-01 04:50:47
TXN202600006980,ACC100462,4822.33,DEPOSIT,2026-05-25 00:24:17
TXN202600006981,ACC101841,2098.05,WITHDRAWAL,2026-06-08 02:07:56
TXN202600006982,ACC101846,1744.42,DEPOSIT,2026-03-19 19:04:49
TXN202600006983,ACC100680,1284.74,DEPOSIT,2026-01-23 07:11:56
TXN202600006984,ACC102430,1158.45,DEPOSIT,2026-12-06 11:55:31
TXN202600006985,ACC104208,1591.93,WITHDRAWAL,2026-09-13 23:59:05
TXN202600006986,ACC109329,940.74,WITHDRAWAL,2026-10-27 05:22:24
TXN202600006987,ACC103359,2692.75,DEPOSIT,2026-01-18 11:30:23
TXN202600006988,ACC109705,3969.42,DEPOSIT,2026-08-21 12:41:50
TXN202600006989,ACC102707,1174.02,WITHDRAWAL,2026-06-03 12:41:42
TXN202600006990,ACC108377,632.77,DEPOSIT,2026-11-02 15:59:25
TXN202600006991,ACC106796,4824.38,DEPOSIT,2026-07-02 00:55:17
TXN202600006992,ACC109992,3269.59,DEPOSIT,2026-04-28 03:22:42
TXN202600006993,ACC101061,1882.98,DEPOSIT,2026-12-05 16:08:30
TXN202600006994,ACC101466,378.27,WITHDRAWAL,2026-08-24 10:09:29
TXN202600006995,ACC102032,1599.80,DEPOSIT,2026-10-09 03:19:34
TXN202600006996,ACC104665,1614.98,DEPOSIT,2026-10-12 23:57:50
TXN202600006997,ACC102607,514.13,REVERSAL,2026-07-03 10:12:03
TXN202600006998,ACC103057,4091.30,DEPOSIT,2026-06-11 12:26:27
TXN202600006999,ACC103103,1022.89,DEPOSIT,2026-11-23 00:05:05
TXN202600007000,ACC108154,2439.96,DEPOSIT,2026-08-05 18:39:37
TXN202600007001,ACC100399,204.73,REVERSAL,2026-06-25 21:02:02
TXN202600007002,ACC104095,1000.05,WITHDRAWAL,2026-01-05 20:58:37
TXN202600007003,ACC105472,2275.47,DEPOSIT,2026-11-21 08:09:53
TXN202600007004,ACC108444,2947.54,DEPOSIT,2026-09-10 01:38:43
TXN202600007005,ACC105894,3040.79,DEPOSIT,2026-03-04 14:43:02
TXN202600007006,ACC106277,3847.14,DEPOSIT,2026-06-16 11:48:11
TXN202600007007,ACC106907,415.18,WITHDRAWAL,2026-07-08 19:44:16
TXN202600007008,ACC105778,768.74,DEPOSIT,2026-08-08 08:37:56
TXN202600007009,ACC101539,1529.86,WITHDRAWAL,2026-05-05 04:30:53
TXN202600007010,ACC107208,2478.70,DEPOSIT,2026-04-14 05:49:46
TXN202600007011,ACC101738,872.31,DEPOSIT,2026-07-21 22:09:12
TXN202600007012,ACC105826,169.37,REVERSAL,2026-12-08 10:48:19
TXN202600007013,ACC102747,1028.92,WITHDRAWAL,2026-05-06 15:20:49
TXN202600007014,ACC101996,160.05,WITHDRAWAL,2026-03-19 13:14:34
TXN202600007015,ACC109034,2255.53,DEPOSIT,2026-10-13 06:20:29
TXN202600007016,ACC105152,143.57,REVERSAL,2026-02-03 06:50:12
TXN202600007017,ACC107186,478.28,WITHDRAWAL,2026-04-26 09:21:39
TXN202600007018,ACC100266,2401.97,DEPOSIT,2026-02-11 12:56:08
TXN202600007019,ACC106169,1266.42,WITHDRAWAL,2026-08-03 03:30:56
TXN202600007020,ACC105447,1162.86,WITHDRAWAL,2026-05-19 18:28:10
TXN202600007021,ACC104192,4146.02,DEPOSIT,2026-10-26 08:50:03
TXN202600007022,ACC106044,2974.34,DEPOSIT,2026-02-03 18:43:44
TXN202600007023,ACC108007,4635.90,DEPOSIT,2026-06-06 06:57:14
TXN202600007024,ACC103425,637.16,WITHDRAWAL,2026-05-28 04:49:21
TXN202600007025,ACC109454,2044.99,WITHDRAWAL,2026-10-04 17:14:30
TXN202600007026,ACC107325,759.32,DEPOSIT,2026-08-07 19:30:55
TXN202600007027,ACC109496,1900.69,DEPOSIT,2026-08-10 02:59:17
TXN202600007028,ACC105996,1525.74,DEPOSIT,2026-07-09 12:30:12
TXN202600007029,ACC104120,2681.75,DEPOSIT,2026-03-17 05:39:34
TXN202600007030,ACC104683,1881.92,DEPOSIT,2026-11-02 11:39:57
TXN202600007031,ACC103310,439.33,WITHDRAWAL,2026-02-04 06:52:28
TXN202600007032,ACC105493,1074.84,WITHDRAWAL,2026-10-03 11:00:40
TXN202600007033,ACC102571,855.97,WITHDRAWAL,2026-12-08 15:12:25
TXN202600007034,ACC101654,1649.96,WITHDRAWAL,2026-06-03 09:56:40
TXN202600007035,ACC102752,2819.96,DEPOSIT,2026-07-16 09:25:23
TXN202600007036,ACC102142,2347.23,DEPOSIT,2026-09-06 14:55:31
TXN202600007037,ACC109878,757.85,REVERSAL,2026-04-02 11:14:37
TXN202600007038,ACC102976,3103.37,DEPOSIT,2026-02-20 15:54:38
TXN202600007039,ACC105351,3079.44,DEPOSIT,2026-08-05 12:38:01
TXN202600007040,ACC103273,2926.39,DEPOSIT,2026-06-21 11:19:33
TXN202600007041,ACC105658,894.19,DEPOSIT,2026-10-25 17:44:17
TXN202600007042,ACC106381,1709.59,DEPOSIT,2026-01-22 16:46:35
TXN202600007043,ACC101932,4711.85,DEPOSIT,2026-02-05 02:41:20
TXN202600007044,ACC104587,4025.89,DEPOSIT,2026-08-16 02:34:33
TXN202600007045,ACC108523,1031.32,DEPOSIT,2026-10-03 08:33:46
TXN202600007046,ACC104370,1565.30,DEPOSIT,2026-12-26 00:00:05
TXN202600007047,ACC109725,1987.66,DEPOSIT,2026-07-18 03:25:52
TXN202600007048,ACC103100,2014.20,WITHDRAWAL,2026-09-09 04:50:37
TXN202600007049,ACC105438,2314.46,DEPOSIT,2026-10-22 03:10:18
TXN202600007050,ACC105688,759.21,DEPOSIT,2026-05-07 16:30:53
TXN202600007051,ACC100024,4830.92,DEPOSIT,2026-08-17 21:43:19
TXN202600007052,ACC107316,1011.82,WITHDRAWAL,2026-08-25 15:22:33
TXN202600007053,ACC106059,471.96,WITHDRAWAL,2026-01-23 06:42:25
TXN202600007054,ACC102183,1824.55,WITHDRAWAL,2026-05-14 07:52:56
TXN202600007055,ACC106956,925.24,WITHDRAWAL,2026-02-11 17:41:54
TXN202600007056,ACC100461,1005.51,REVERSAL,2026-04-21 00:22:24
TXN202600007057,ACC104331,540.09,WITHDRAWAL,2026-10-01 17:28:42
TXN202600007058,ACC105036,835.42,WITHDRAWAL,2026-11-28 00:47:54
TXN202600007059,ACC109549,857.75,DEPOSIT,2026-08-16 11:39:25
TXN202600007060,ACC105525,1922.68,WITHDRAWAL,2026-06-20 15:09:22
TXN202600007061,ACC103832,1707.52,WITHDRAWAL,2026-05-13 20:29:45
TXN202600007062,ACC100565,2858.64,DEPOSIT,2026-10-09 18:03:13
TXN202600007063,ACC102541,1434.87,DEPOSIT,2026-01-14 01:04:31
TXN202600007064,ACC109386,3370.38,DEPOSIT,2026-02-17 14:40:30
TXN202600007065,ACC104529,1990.30,WITHDRAWAL,2026-05-05 00:29:44
TXN202600007066,ACC103826,4293.59,DEPOSIT,2026-11-16 11:07:52
TXN202600007067,ACC102117,3344.93,DEPOSIT,2026-08-08 11:51:48
TXN202600007068,ACC101741,4163.51,DEPOSIT,2026-02-15 02:46:06
TXN202600007069,ACC109349,3427.28,DEPOSIT,2026-12-18 12:48:05
TXN202600007070,ACC104868,2108.17,DEPOSIT,2026-04-23 20:09:51
TXN202600007071,ACC103164,1054.42,WITHDRAWAL,2026-10-09 17:24:52
TXN202600007072,ACC108497,4625.62,DEPOSIT,2026-05-18 16:35:01
TXN202600007073,ACC103476,4251.94,DEPOSIT,2026-06-04 21:18:57
TXN202600007074,ACC102783,1770.39,WITHDRAWAL,2026-10-05 16:48:01
TXN202600007075,ACC106300,1391.20,DEPOSIT,2026-05-16 00:54:58
TXN202600007076,ACC102971,1532.88,WITHDRAWAL,2026-05-01 00:46:35
TXN202600007077,ACC103187,2211.48,DEPOSIT,2026-05-26 20:32:08
TXN202600007078,ACC105272,1925.50,DEPOSIT,2026-07-07 20:43:09
TXN202600007079,ACC106642,2874.83,DEPOSIT,2026-05-24 13:00:10
TXN202600007080,ACC104610,275.78,WITHDRAWAL,2026-06-20 21:45:57
TXN202600007081,ACC105974,2597.23,DEPOSIT,2026-02-04 20:51:06
TXN202600007082,ACC106601,656.29,WITHDRAWAL,2026-08-02 08:21:12
TXN202600007083,ACC105100,952.09,DEPOSIT,2026-05-07 00:54:53
TXN202600007084,ACC104174,2067.85,WITHDRAWAL,2026-08-05 19:58:32
TXN202600007085,ACC101766,1989.24,DEPOSIT,2026-10-11 17:06:59
TXN202600007086,ACC101802,3810.47,DEPOSIT,2026-12-09 11:57:02
TXN202600007087,ACC109402,862.08,REVERSAL,2026-06-15 18:54:16
TXN202600007088,ACC106762,3867.72,DEPOSIT,2026-08-20 15:05:38
TXN202600007089,ACC101114,2016.37,DEPOSIT,2026-05-04 17:41:43
TXN202600007090,ACC103384,2303.10,DEPOSIT,2026-10-21 11:40:40
TXN202600007091,ACC105087,1797.79,WITHDRAWAL,2026-08-18 14:37:57
TXN202600007092,ACC107588,2774.78,DEPOSIT,2026-02-24 09:06:24
TXN202600007093,ACC107839,1852.00,DEPOSIT,2026-02-03 06:58:06
TXN202600007094,ACC105568,3057.82,DEPOSIT,2026-06-02 02:36:06
TXN202600007095,ACC109375,578.04,DEPOSIT,2026-06-19 11:21:20
TXN202600007096,ACC100697,1410.99,DEPOSIT,2026-04-05 05:22:32
TXN202600007097,ACC109074,4018.51,DEPOSIT,2026-05-12 09:52:20
TXN202600007098,ACC103089,4016.03,DEPOSIT,2026-04-13 17:17:01
TXN202600007099,ACC103824,2932.27,DEPOSIT,2026-05-16 15:10:23
TXN202600007100,ACC107723,519.29,DEPOSIT,2026-01-01 13:14:28
TXN202600007101,ACC105587,579.87,WITHDRAWAL,2026-11-05 00:25:01
TXN202600007102,ACC105935,991.80,WITHDRAWAL,2026-03-17 01:55:06
TXN202600007103,ACC100602,802.85,WITHDRAWAL,2026-09-22 05:55:14
TXN202600007104,ACC109436,388.38,WITHDRAWAL,2026-02-01 16:17:57
TXN202600007105,ACC100753,3697.75,DEPOSIT,2026-04-04 01:26:47
TXN202600007106,ACC100252,2745.82,DEPOSIT,2026-03-20 12:45:01
TXN202600007107,ACC106889,2789.86,DEPOSIT,2026-10-16 08:56:07
TXN202600007108,ACC102177,570.43,DEPOSIT,2026-01-20 06:45:29
TXN202600007109,ACC104930,4818.28,DEPOSIT,2026-12-07 21:23:31
TXN202600007110,ACC100687,1945.33,WITHDRAWAL,2026-06-05 16:14:59
TXN202600007111,ACC104823,1344.72,DEPOSIT,2026-03-05 05:15:38
TXN202600007112,ACC102610,620.02,WITHDRAWAL,2026-08-08 09:50:00
TXN202600007113,ACC107801,972.46,REVERSAL,2026-01-20 13:50:38
TXN202600007114,ACC103119,2228.09,DEPOSIT,2026-03-20 04:19:16
TXN202600007115,ACC102133,3895.78,DEPOSIT,2026-03-13 21:09:45
TXN202600007116,ACC101239,4320.98,DEPOSIT,2026-10-09 13:04:38
TXN202600007117,ACC100255,1382.19,DEPOSIT,2026-06-08 15:20:25
TXN202600007118,ACC103942,1189.18,WITHDRAWAL,2026-10-03 01:05:13
TXN202600007119,ACC107201,4901.33,DEPOSIT,2026-02-08 00:00:57
TXN202600007120,ACC100250,1483.02,WITHDRAWAL,2026-09-03 08:27:15
TXN202600007121,ACC105261,1350.21,WITHDRAWAL,2026-11-18 09:17:24
TXN202600007122,ACC108175,1344.01,WITHDRAWAL,2026-12-13 01:10:31
TXN202600007123,ACC108510,4745.41,DEPOSIT,2026-04-24 18:32:03
TXN202600007124,ACC104217,950.97,DEPOSIT,2026-05-05 02:34:09
TXN202600007125,ACC108926,3371.68,DEPOSIT,2026-10-27 04:03:27
TXN202600007126,ACC109098,1332.39,WITHDRAWAL,2026-01-07 03:01:37
TXN202600007127,ACC109633,4074.82,DEPOSIT,2026-02-13 17:31:00
TXN202600007128,ACC100114,1201.08,WITHDRAWAL,2026-03-18 21:10:54
TXN202600007129,ACC100671,2433.85,DEPOSIT,2026-03-17 02:03:37
TXN202600007130,ACC109445,1475.40,DEPOSIT,2026-04-01 12:20:25
TXN202600007131,ACC100143,112.33,WITHDRAWAL,2026-03-28 13:22:29
TXN202600007132,ACC102966,2880.78,DEPOSIT,2026-02-25 14:01:43
TXN202600007133,ACC109408,3919.09,DEPOSIT,2026-04-01 16:21:14
TXN202600007134,ACC108802,4083.51,DEPOSIT,2026-05-10 07:06:14
TXN202600007135,ACC100770,1117.80,WITHDRAWAL,2026-04-15 06:00:10
TXN202600007136,ACC104073,1955.39,WITHDRAWAL,2026-01-18 10:49:40
TXN202600007137,ACC106370,2954.04,DEPOSIT,2026-09-15 21:18:32
TXN202600007138,ACC100518,227.63,WITHDRAWAL,2026-03-05 21:35:51
TXN202600007139,ACC109251,3320.24,DEPOSIT,2026-11-24 01:20:30
TXN202600007140,ACC106014,2172.33,DEPOSIT,2026-02-23 18:25:42
TXN202600007141,ACC109752,1212.69,WITHDRAWAL,2026-09-06 16:29:18
TXN202600007142,ACC100085,4555.58,DEPOSIT,2026-05-17 13:41:03
TXN202600007143,ACC109502,2628.97,DEPOSIT,2026-11-23 19:04:45
TXN202600007144,ACC106460,885.48,DEPOSIT,2026-12-06 23:29:52
TXN202600007145,ACC103511,3400.50,DEPOSIT,2026-03-22 21:28:03
TXN202600007146,ACC104424,3379.66,DEPOSIT,2026-09-02 05:54:15
TXN202600007147,ACC103939,1185.83,DEPOSIT,2026-09-07 03:22:00
TXN202600007148,ACC101789,2302.22,DEPOSIT,2026-05-07 13:51:00
TXN202600007149,ACC108200,1166.13,WITHDRAWAL,2026-01-08 01:10:41
TXN202600007150,ACC101321,2946.96,DEPOSIT,2026-04-04 07:38:50
TXN202600007151,ACC108657,4351.98,DEPOSIT,2026-12-09 12:47:49
TXN202600007152,ACC105260,1657.80,WITHDRAWAL,2026-09-12 03:34:56
TXN202600007153,ACC105283,747.98,WITHDRAWAL,2026-03-02 00:37:07
TXN202600007154,ACC102643,3028.58,DEPOSIT,2026-10-04 13:36:55
TXN202600007155,ACC106442,3705.05,DEPOSIT,2026-09-26 08:28:28
TXN202600007156,ACC108100,1855.82,DEPOSIT,2026-08-15 09:15:50
TXN202600007157,ACC102003,2943.34,DEPOSIT,2026-04-09 14:26:40
TXN202600007158,ACC101668,1075.71,WITHDRAWAL,2026-12-14 04:26:45
TXN202600007159,ACC100884,730.45,DEPOSIT,2026-08-03 06:39:54
TXN202600007160,ACC100037,1881.90,WITHDRAWAL,2026-12-04 17:28:31
TXN202600007161,ACC106135,831.48,REVERSAL,2026-04-04 18:13:38
TXN202600007162,ACC101245,618.88,REVERSAL,2026-08-08 04:46:38
TXN202600007163,ACC105044,1256.27,WITHDRAWAL,2026-05-12 20:08:49
TXN202600007164,ACC100864,1315.80,DEPOSIT,2026-12-21 22:34:56
TXN202600007165,ACC108044,1947.48,DEPOSIT,2026-04-24 20:28:56
TXN202600007166,ACC100782,1793.94,WITHDRAWAL,2026-10-27 13:37:24
TXN202600007167,ACC102722,1727.18,WITHDRAWAL,2026-11-11 13:29:29
TXN202600007168,ACC108247,1761.77,WITHDRAWAL,2026-01-15 15:04:11
TXN202600007169,ACC107157,1666.09,WITHDRAWAL,2026-05-15 00:05:55
TXN202600007170,ACC109995,763.41,WITHDRAWAL,2026-03-18 03:28:07
TXN202600007171,ACC102490,208.69,WITHDRAWAL,2026-08-24 20:20:16
TXN202600007172,ACC102960,653.01,WITHDRAWAL,2026-12-08 20:16:47
TXN202600007173,ACC104245,4176.68,DEPOSIT,2026-08-19 00:02:17
TXN202600007174,ACC105740,1111.15,WITHDRAWAL,2026-12-12 19:00:20
TXN202600007175,ACC101462,170.33,WITHDRAWAL,2026-10-13 06:22:15
TXN202600007176,ACC107537,860.46,WITHDRAWAL,2026-10-12 07:50:43
TXN202600007177,ACC106369,1484.20,WITHDRAWAL,2026-07-06 13:30:13
TXN202600007178,ACC109654,387.33,WITHDRAWAL,2026-03-06 19:45:58
TXN202600007179,ACC106902,2435.31,DEPOSIT,2026-11-01 11:56:58
TXN202600007180,ACC107906,1282.18,DEPOSIT,2026-10-02 20:34:06
TXN202600007181,ACC100576,3475.71,DEPOSIT,2026-06-09 22:07:37
TXN202600007182,ACC101029,2265.94,DEPOSIT,2026-09-08 22:31:57
TXN202600007183,ACC100730,1943.56,DEPOSIT,2026-06-18 21:31:19
TXN202600007184,ACC108560,4693.15,DEPOSIT,2026-10-22 18:52:33
TXN202600007185,ACC104796,4026.71,DEPOSIT,2026-06-23 15:59:09
TXN202600007186,ACC102403,4982.57,DEPOSIT,2026-04-10 21:21:33
TXN202600007187,ACC100772,4012.72,DEPOSIT,2026-11-24 00:57:31
TXN202600007188,ACC105637,1014.77,DEPOSIT,2026-02-22 07:43:19
TXN202600007189,ACC108704,2223.01,DEPOSIT,2026-01-25 03:20:06
TXN202600007190,ACC105071,2681.03,DEPOSIT,2026-10-17 14:07:55
TXN202600007191,ACC108664,3981.00,DEPOSIT,2026-02-17 16:35:51
TXN202600007192,ACC108323,1903.55,DEPOSIT,2026-02-23 07:16:32
TXN202600007193,ACC103529,916.46,REVERSAL,2026-03-21 18:30:24
TXN202600007194,ACC103417,1819.66,DEPOSIT,2026-04-01 08:53:48
TXN202600007195,ACC101134,3434.25,DEPOSIT,2026-08-05 21:30:52
TXN202600007196,ACC100568,294.90,REVERSAL,2026-04-06 12:17:02
TXN202600007197,ACC101992,513.23,WITHDRAWAL,2026-02-05 19:42:18
TXN202600007198,ACC100961,3522.08,DEPOSIT,2026-12-19 04:24:48
TXN202600007199,ACC109132,1400.19,WITHDRAWAL,2026-08-01 09:44:19
TXN202600007200,ACC107944,1354.19,WITHDRAWAL,2026-07-17 23:49:10
TXN202600007201,ACC101756,1780.39,DEPOSIT,2026-07-14 03:23:26
TXN202600007202,ACC100205,1919.16,WITHDRAWAL,2026-06-22 21:06:20
TXN202600007203,ACC101294,4616.73,DEPOSIT,2026-02-09 08:10:37
TXN202600007204,ACC108328,2898.04,DEPOSIT,2026-09-10 05:08:55
TXN202600007205,ACC106457,2923.12,DEPOSIT,2026-03-27 11:22:06
TXN202600007206,ACC104706,4356.06,DEPOSIT,2026-06-26 01:31:23
TXN202600007207,ACC108719,4082.18,DEPOSIT,2026-07-23 23:41:55
TXN202600007208,ACC107487,1754.61,WITHDRAWAL,2026-01-12 11:13:17
TXN202600007209,ACC101013,2402.89,DEPOSIT,2026-05-13 21:55:07
TXN202600007210,ACC106040,4749.51,DEPOSIT,2026-08-18 14:12:16
TXN202600007211,ACC101614,1944.63,DEPOSIT,2026-03-11 05:07:34
TXN202600007212,ACC103061,3707.56,DEPOSIT,2026-01-18 02:34:19
TXN202600007213,ACC102839,2677.85,DEPOSIT,2026-10-09 07:34:25
TXN202600007214,ACC101528,1957.51,WITHDRAWAL,2026-02-23 13:40:45
TXN202600007215,ACC103916,597.50,DEPOSIT,2026-04-15 21:05:40
TXN202600007216,ACC104390,4668.28,DEPOSIT,2026-04-13 11:43:06
TXN202600007217,ACC102776,1875.56,WITHDRAWAL,2026-11-11 22:28:41
TXN202600007218,ACC101327,853.04,WITHDRAWAL,2026-01-04 09:15:01
TXN202600007219,ACC100603,2979.24,DEPOSIT,2026-09-02 17:07:57
TXN202600007220,ACC107261,854.53,DEPOSIT,2026-01-06 03:36:19
TXN202600007221,ACC102884,4986.36,DEPOSIT,2026-09-12 04:22:21
TXN202600007222,ACC100762,1051.60,WITHDRAWAL,2026-12-11 08:48:11
TXN202600007223,ACC102798,1755.99,WITHDRAWAL,2026-01-15 15:05:02
TXN202600007224,ACC101994,242.21,WITHDRAWAL,2026-02-19 07:10:16
TXN202600007225,ACC101975,2011.75,DEPOSIT,2026-09-09 02:15:07
TXN202600007226,ACC108233,1060.57,DEPOSIT,2026-03-07 17:16:20
TXN202600007227,ACC104813,4026.89,DEPOSIT,2026-07-17 16:54:34
TXN202600007228,ACC102334,1482.43,WITHDRAWAL,2026-01-17 18:15:55
TXN202600007229,ACC101826,2780.87,DEPOSIT,2026-12-28 06:35:45
TXN202600007230,ACC103485,2204.75,DEPOSIT,2026-01-21 04:40:01
TXN202600007231,ACC105679,1145.34,DEPOSIT,2026-04-22 19:00:59
TXN202600007232,ACC102619,1903.93,WITHDRAWAL,2026-02-05 17:11:41
TXN202600007233,ACC103621,848.39,WITHDRAWAL,2026-08-03 05:32:06
TXN202600007234,ACC101803,1690.23,DEPOSIT,2026-05-09 04:16:22
TXN202600007235,ACC108751,849.33,DEPOSIT,2026-01-13 14:09:16
TXN202600007236,ACC102743,557.07,DEPOSIT,2026-11-04 21:19:27
TXN202600007237,ACC105092,1047.74,DEPOSIT,2026-07-04 17:21:35
TXN202600007238,ACC109017,3454.33,DEPOSIT,2026-04-04 16:34:44
TXN202600007239,ACC108297,4914.51,DEPOSIT,2026-04-21 05:53:26
TXN202600007240,ACC109160,4521.79,DEPOSIT,2026-06-20 00:06:08
TXN202600007241,ACC105077,1305.95,WITHDRAWAL,2026-11-01 05:18:50
TXN202600007242,ACC105262,920.95,WITHDRAWAL,2026-09-24 21:59:15
TXN202600007243,ACC100652,924.66,DEPOSIT,2026-02-10 17:31:09
TXN202600007244,ACC101974,1380.81,WITHDRAWAL,2026-01-11 15:32:04
TXN202600007245,ACC109677,3898.15,DEPOSIT,2026-08-03 19:53:18
TXN202600007246,ACC104228,488.54,WITHDRAWAL,2026-11-01 21:58:51
TXN202600007247,ACC105336,453.63,WITHDRAWAL,2026-04-04 18:51:19
TXN202600007248,ACC108654,3293.11,DEPOSIT,2026-05-13 06:21:10
TXN202600007249,ACC107431,1551.89,WITHDRAWAL,2026-07-25 04:21:21
TXN202600007250,ACC104679,611.75,REVERSAL,2026-02-20 19:45:55
TXN202600007251,ACC107822,4791.85,DEPOSIT,2026-08-21 20:38:10
TXN202600007252,ACC101371,1402.30,WITHDRAWAL,2026-06-20 23:32:15
TXN202600007253,ACC106911,3984.63,DEPOSIT,2026-07-08 00:07:44
TXN202600007254,ACC101861,1558.23,DEPOSIT,2026-06-28 11:01:32
TXN202600007255,ACC104501,719.07,REVERSAL,2026-04-13 13:19:09
TXN202600007256,ACC100924,1111.13,DEPOSIT,2026-12-28 10:30:36
TXN202600007257,ACC107776,4768.28,DEPOSIT,2026-06-06 17:10:58
TXN202600007258,ACC105357,3063.92,DEPOSIT,2026-06-19 06:31:02
TXN202600007259,ACC104097,605.39,WITHDRAWAL,2026-12-05 04:06:14
TXN202600007260,ACC101890,2188.45,DEPOSIT,2026-04-13 21:26:36
TXN202600007261,ACC107820,577.88,DEPOSIT,2026-03-09 20:32:17
TXN202600007262,ACC100113,3927.83,DEPOSIT,2026-09-07 04:43:12
TXN202600007263,ACC107835,1357.22,WITHDRAWAL,2026-06-03 19:13:54
TXN202600007264,ACC102961,1911.95,WITHDRAWAL,2026-07-25 06:44:50
TXN202600007265,ACC103058,375.74,WITHDRAWAL,2026-11-18 23:52:26
TXN202600007266,ACC100470,632.20,DEPOSIT,2026-04-27 00:58:34
TXN202600007267,ACC105613,2905.38,DEPOSIT,2026-04-26 22:49:18
TXN202600007268,ACC101532,3496.05,DEPOSIT,2026-02-04 12:24:55
TXN202600007269,ACC101255,1743.39,DEPOSIT,2026-03-24 20:27:45
TXN202600007270,ACC104080,1164.64,DEPOSIT,2026-01-08 15:57:30
TXN202600007271,ACC109732,2303.00,DEPOSIT,2026-06-16 17:31:15
TXN202600007272,ACC108570,4975.94,DEPOSIT,2026-04-14 17:42:18
TXN202600007273,ACC107119,1034.54,WITHDRAWAL,2026-03-16 04:33:26
TXN202600007274,ACC105176,948.23,REVERSAL,2026-06-14 01:10:59
TXN202600007275,ACC101039,1586.64,WITHDRAWAL,2026-07-04 06:16:11
TXN202600007276,ACC106790,4910.93,DEPOSIT,2026-07-01 18:25:09
TXN202600007277,ACC103602,3182.24,DEPOSIT,2026-09-24 20:51:36
TXN202600007278,ACC105016,3687.29,DEPOSIT,2026-11-03 21:35:59
TXN202600007279,ACC107324,768.14,REVERSAL,2026-03-10 20:55:26
TXN202600007280,ACC100376,966.53,WITHDRAWAL,2026-03-26 04:25:50
TXN202600007281,ACC100986,2826.79,DEPOSIT,2026-10-06 10:01:25
TXN202600007282,ACC107755,1095.89,WITHDRAWAL,2026-07-04 09:11:30
TXN202600007283,ACC105471,2518.62,DEPOSIT,2026-12-20 08:11:49
TXN202600007284,ACC105534,4277.14,DEPOSIT,2026-04-02 00:58:11
TXN202600007285,ACC104529,4925.61,DEPOSIT,2026-04-19 08:19:00
TXN202600007286,ACC107008,627.64,DEPOSIT,2026-03-24 07:03:35
TXN202600007287,ACC102764,4984.36,DEPOSIT,2026-12-20 08:59:09
TXN202600007288,ACC104312,4877.60,DEPOSIT,2026-03-11 00:05:52
TXN202600007289,ACC109701,749.04,DEPOSIT,2026-01-26 08:17:18
TXN202600007290,ACC102677,2305.50,DEPOSIT,2026-12-02 08:10:38
TXN202600007291,ACC103834,4439.66,DEPOSIT,2026-04-10 10:48:37
TXN202600007292,ACC106661,581.83,REVERSAL,2026-01-10 08:48:08
TXN202600007293,ACC103045,2197.38,DEPOSIT,2026-06-12 22:32:49
TXN202600007294,ACC102621,494.03,WITHDRAWAL,2026-05-16 05:38:24
TXN202600007295,ACC100320,2167.75,DEPOSIT,2026-08-12 08:51:07
TXN202600007296,ACC100504,1413.99,WITHDRAWAL,2026-06-07 21:31:28
TXN202600007297,ACC104754,2041.33,WITHDRAWAL,2026-05-07 09:11:27
TXN202600007298,ACC106412,3014.21,DEPOSIT,2026-06-20 08:57:52
TXN202600007299,ACC108585,615.33,DEPOSIT,2026-08-18 23:26:11
TXN202600007300,ACC105031,4005.44,DEPOSIT,2026-07-22 17:31:18
TXN202600007301,ACC105824,4884.28,DEPOSIT,2026-09-25 10:05:31
TXN202600007302,ACC109751,1974.28,DEPOSIT,2026-10-04 07:41:10
TXN202600007303,ACC101377,2066.44,WITHDRAWAL,2026-04-26 03:33:19
TXN202600007304,ACC108599,4588.41,DEPOSIT,2026-08-09 12:43:43
TXN202600007305,ACC108309,858.37,DEPOSIT,2026-02-13 18:19:50
TXN202600007306,ACC105287,839.07,WITHDRAWAL,2026-02-15 09:13:22
TXN202600007307,ACC106678,2406.73,DEPOSIT,2026-12-19 20:18:23
TXN202600007308,ACC103347,3774.19,DEPOSIT,2026-11-09 04:03:37
TXN202600007309,ACC100935,1678.14,DEPOSIT,2026-09-06 15:37:23
TXN202600007310,ACC100356,4965.32,DEPOSIT,2026-07-19 07:17:20
TXN202600007311,ACC106810,872.01,WITHDRAWAL,2026-04-07 20:15:02
TXN202600007312,ACC108532,813.39,DEPOSIT,2026-06-16 05:15:29
TXN202600007313,ACC103615,4018.86,DEPOSIT,2026-04-16 16:56:23
TXN202600007314,ACC109899,1898.71,WITHDRAWAL,2026-07-10 03:54:18
TXN202600007315,ACC100541,1737.82,DEPOSIT,2026-08-18 22:13:35
TXN202600007316,ACC108600,888.32,DEPOSIT,2026-08-26 09:42:42
TXN202600007317,ACC102618,802.03,WITHDRAWAL,2026-03-20 04:06:25
TXN202600007318,ACC103243,2523.29,DEPOSIT,2026-04-04 20:20:00
TXN202600007319,ACC102341,2356.45,DEPOSIT,2026-01-22 00:52:41
TXN202600007320,ACC109838,3148.18,DEPOSIT,2026-04-14 09:49:47
TXN202600007321,ACC103284,4035.33,DEPOSIT,2026-11-16 06:26:46
TXN202600007322,ACC109937,299.91,WITHDRAWAL,2026-06-17 07:14:15
TXN202600007323,ACC109816,811.92,DEPOSIT,2026-10-03 01:47:58
TXN202600007324,ACC105605,4875.21,DEPOSIT,2026-04-28 01:43:36
TXN202600007325,ACC106701,1023.35,WITHDRAWAL,2026-03-25 04:06:54
TXN202600007326,ACC108001,1689.04,WITHDRAWAL,2026-01-08 22:46:42
TXN202600007327,ACC105582,2902.47,DEPOSIT,2026-03-18 19:07:27
TXN202600007328,ACC100049,685.63,WITHDRAWAL,2026-02-10 15:41:25
TXN202600007329,ACC106229,2186.71,DEPOSIT,2026-06-15 02:54:20
TXN202600007330,ACC102078,3803.87,DEPOSIT,2026-04-16 21:47:52
TXN202600007331,ACC103169,1930.62,WITHDRAWAL,2026-09-19 02:40:26
TXN202600007332,ACC109800,1069.36,WITHDRAWAL,2026-06-28 20:56:13
TXN202600007333,ACC107617,1408.66,WITHDRAWAL,2026-02-17 11:01:02
TXN202600007334,ACC103262,2341.64,DEPOSIT,2026-07-23 16:44:19
TXN202600007335,ACC106670,3004.91,DEPOSIT,2026-11-25 18:01:14
TXN202600007336,ACC102654,984.44,WITHDRAWAL,2026-02-18 10:51:44
TXN202600007337,ACC102182,1986.78,WITHDRAWAL,2026-03-16 08:29:30
TXN202600007338,ACC107593,546.10,DEPOSIT,2026-10-19 06:12:17
TXN202600007339,ACC108867,1141.29,DEPOSIT,2026-10-06 21:14:34
TXN202600007340,ACC109182,1442.25,WITHDRAWAL,2026-04-25 04:32:05
TXN202600007341,ACC105866,416.01,WITHDRAWAL,2026-03-14 07:41:06
TXN202600007342,ACC107944,788.77,WITHDRAWAL,2026-07-23 16:22:59
TXN202600007343,ACC105729,1747.82,WITHDRAWAL,2026-09-09 18:09:30
TXN202600007344,ACC104515,2751.79,DEPOSIT,2026-03-24 16:15:36
TXN202600007345,ACC109112,1632.58,WITHDRAWAL,2026-11-20 21:50:04
TXN202600007346,ACC104024,1305.59,DEPOSIT,2026-11-28 18:00:09
TXN202600007347,ACC100521,4792.37,DEPOSIT,2026-01-01 14:11:31
TXN202600007348,ACC105608,907.14,WITHDRAWAL,2026-02-23 16:37:52
TXN202600007349,ACC100346,4510.23,DEPOSIT,2026-01-11 19:44:30
TXN202600007350,ACC104390,2788.97,DEPOSIT,2026-08-02 16:18:06
TXN202600007351,ACC100063,1980.38,DEPOSIT,2026-06-01 06:22:23
TXN202600007352,ACC108318,4185.05,DEPOSIT,2026-10-23 20:28:58
TXN202600007353,ACC107934,1543.49,DEPOSIT,2026-04-08 04:43:11
TXN202600007354,ACC101394,1297.44,WITHDRAWAL,2026-04-14 02:05:22
TXN202600007355,ACC105820,430.98,WITHDRAWAL,2026-04-04 02:47:42
TXN202600007356,ACC104564,4911.05,DEPOSIT,2026-04-23 01:09:16
TXN202600007357,ACC105396,605.44,DEPOSIT,2026-03-25 21:24:55
TXN202600007358,ACC101869,4085.08,DEPOSIT,2026-12-03 01:22:14
TXN202600007359,ACC109669,2309.79,DEPOSIT,2026-10-08 12:35:02
TXN202600007360,ACC101917,1447.37,WITHDRAWAL,2026-04-10 12:32:22
TXN202600007361,ACC108955,107.59,REVERSAL,2026-09-20 03:47:59
TXN202600007362,ACC109837,591.72,DEPOSIT,2026-10-11 23:53:45
TXN202600007363,ACC105671,1932.02,DEPOSIT,2026-02-12 14:15:56
TXN202600007364,ACC104399,2838.62,DEPOSIT,2026-02-27 15:35:48
TXN202600007365,ACC104345,1451.72,WITHDRAWAL,2026-05-03 00:53:53
TXN202600007366,ACC105765,1166.63,WITHDRAWAL,2026-11-17 17:56:02
TXN202600007367,ACC106733,4464.33,DEPOSIT,2026-06-27 07:29:59
TXN202600007368,ACC105727,791.90,WITHDRAWAL,2026-05-11 02:01:21
TXN202600007369,ACC101666,4377.15,DEPOSIT,2026-07-13 06:05:04
TXN202600007370,ACC105647,942.46,DEPOSIT,2026-05-06 16:28:43
TXN202600007371,ACC101493,3632.86,DEPOSIT,2026-12-13 15:22:23
TXN202600007372,ACC106088,2586.90,DEPOSIT,2026-07-07 03:43:56
TXN202600007373,ACC104621,207.31,REVERSAL,2026-04-01 10:44:05
TXN202600007374,ACC108277,1827.33,WITHDRAWAL,2026-02-18 03:16:07
TXN202600007375,ACC100464,4654.78,DEPOSIT,2026-07-06 21:04:20
TXN202600007376,ACC108899,1348.67,DEPOSIT,2026-02-20 07:02:07
TXN202600007377,ACC105108,1009.98,DEPOSIT,2026-10-27 02:15:51
TXN202600007378,ACC100689,858.89,WITHDRAWAL,2026-02-13 14:55:13
TXN202600007379,ACC108961,175.18,WITHDRAWAL,2026-11-28 07:51:14
TXN202600007380,ACC109838,3899.32,DEPOSIT,2026-09-21 21:25:11
TXN202600007381,ACC107346,4930.75,DEPOSIT,2026-10-08 22:53:08
TXN202600007382,ACC107649,2035.28,WITHDRAWAL,2026-08-20 22:08:42
TXN202600007383,ACC107483,4435.47,DEPOSIT,2026-04-24 18:02:56
TXN202600007384,ACC109144,4413.93,DEPOSIT,2026-07-13 09:05:29
TXN202600007385,ACC109412,4708.95,DEPOSIT,2026-11-02 02:47:41
TXN202600007386,ACC103974,1738.54,DEPOSIT,2026-01-23 10:53:42
TXN202600007387,ACC108724,4877.80,DEPOSIT,2026-03-21 05:24:01
TXN202600007388,ACC109680,1116.55,WITHDRAWAL,2026-01-11 23:33:27
TXN202600007389,ACC100058,3129.16,DEPOSIT,2026-01-22 18:01:01
TXN202600007390,ACC104546,555.79,WITHDRAWAL,2026-11-26 19:21:19
TXN202600007391,ACC103478,4317.12,DEPOSIT,2026-06-13 02:49:51
TXN202600007392,ACC103483,1556.87,DEPOSIT,2026-12-15 04:37:42
TXN202600007393,ACC108629,4905.63,DEPOSIT,2026-11-24 12:16:37
TXN202600007394,ACC100567,3966.72,DEPOSIT,2026-07-14 13:04:48
TXN202600007395,ACC104218,2638.66,DEPOSIT,2026-12-17 21:00:24
TXN202600007396,ACC101484,568.10,WITHDRAWAL,2026-08-12 00:21:54
TXN202600007397,ACC105304,604.10,DEPOSIT,2026-03-19 01:08:57
TXN202600007398,ACC108029,1560.28,WITHDRAWAL,2026-11-10 11:36:39
TXN202600007399,ACC109405,4686.94,DEPOSIT,2026-11-02 02:55:03
TXN202600007400,ACC107179,2652.92,DEPOSIT,2026-06-01 13:17:13
TXN202600007401,ACC107145,713.40,DEPOSIT,2026-01-12 20:04:46
TXN202600007402,ACC108170,4424.04,DEPOSIT,2026-08-04 22:27:54
TXN202600007403,ACC107964,4366.95,DEPOSIT,2026-03-24 18:40:24
TXN202600007404,ACC105472,4748.82,DEPOSIT,2026-11-06 00:40:11
TXN202600007405,ACC107695,4397.21,DEPOSIT,2026-12-09 09:11:14
TXN202600007406,ACC109833,3761.00,DEPOSIT,2026-01-12 22:22:05
TXN202600007407,ACC109497,1256.69,DEPOSIT,2026-05-04 06:20:40
TXN202600007408,ACC108438,3052.89,DEPOSIT,2026-10-10 07:10:05
TXN202600007409,ACC109747,4041.04,DEPOSIT,2026-11-12 14:15:54
TXN202600007410,ACC107557,206.52,WITHDRAWAL,2026-05-09 06:37:58
TXN202600007411,ACC109254,1003.49,DEPOSIT,2026-05-15 18:52:00
TXN202600007412,ACC105899,3615.56,DEPOSIT,2026-06-20 02:47:57
TXN202600007413,ACC101040,3684.60,DEPOSIT,2026-01-03 05:37:10
TXN202600007414,ACC108269,4676.28,DEPOSIT,2026-04-13 04:10:12
TXN202600007415,ACC103479,3884.55,DEPOSIT,2026-02-11 11:58:19
TXN202600007416,ACC105948,979.28,DEPOSIT,2026-04-04 02:44:47
TXN202600007417,ACC106053,1342.36,WITHDRAWAL,2026-05-18 07:54:11
TXN202600007418,ACC102703,490.57,WITHDRAWAL,2026-02-03 15:56:16
TXN202600007419,ACC107250,1282.53,WITHDRAWAL,2026-06-26 17:58:03
TXN202600007420,ACC101867,2183.24,DEPOSIT,2026-08-16 12:59:34
TXN202600007421,ACC109983,3095.06,DEPOSIT,2026-10-14 10:46:16
TXN202600007422,ACC100750,1687.86,WITHDRAWAL,2026-06-07 23:05:10
TXN202600007423,ACC103151,741.18,DEPOSIT,2026-07-07 06:19:23
TXN202600007424,ACC103258,278.26,WITHDRAWAL,2026-05-25 06:25:59
TXN202600007425,ACC106353,899.82,WITHDRAWAL,2026-03-18 20:20:05
TXN202600007426,ACC103166,1663.00,WITHDRAWAL,2026-04-23 15:15:32
TXN202600007427,ACC107050,2207.79,DEPOSIT,2026-02-06 12:53:07
TXN202600007428,ACC105407,1799.57,WITHDRAWAL,2026-08-25 07:28:03
TXN202600007429,ACC105102,618.67,WITHDRAWAL,2026-07-14 14:18:14
TXN202600007430,ACC106916,1092.28,DEPOSIT,2026-03-07 14:28:41
TXN202600007431,ACC108253,951.59,WITHDRAWAL,2026-03-09 10:34:06
TXN202600007432,ACC100784,543.66,WITHDRAWAL,2026-01-09 03:15:21
TXN202600007433,ACC100715,584.54,REVERSAL,2026-10-05 01:39:28
TXN202600007434,ACC102633,2065.84,DEPOSIT,2026-03-26 17:23:35
TXN202600007435,ACC106345,1745.95,WITHDRAWAL,2026-03-19 23:51:42
TXN202600007436,ACC108150,1516.20,WITHDRAWAL,2026-09-02 13:43:18
TXN202600007437,ACC102192,1881.68,WITHDRAWAL,2026-02-16 03:49:59
TXN202600007438,ACC104230,3657.95,DEPOSIT,2026-11-13 10:44:09
TXN202600007439,ACC101020,1029.91,REVERSAL,2026-08-06 05:46:08
TXN202600007440,ACC106539,3952.32,DEPOSIT,2026-04-21 02:09:19
TXN202600007441,ACC100085,588.35,WITHDRAWAL,2026-07-06 02:10:10
TXN202600007442,ACC102598,543.86,REVERSAL,2026-12-24 19:00:49
TXN202600007443,ACC109321,192.65,WITHDRAWAL,2026-04-22 07:38:49
TXN202600007444,ACC108189,570.19,WITHDRAWAL,2026-08-04 20:24:18
TXN202600007445,ACC102998,2351.63,DEPOSIT,2026-03-20 15:49:01
TXN202600007446,ACC108904,3504.60,DEPOSIT,2026-08-28 11:24:19
TXN202600007447,ACC109668,2281.49,DEPOSIT,2026-09-10 02:32:25
TXN202600007448,ACC106570,924.46,DEPOSIT,2026-12-08 21:13:40
TXN202600007449,ACC104832,468.20,WITHDRAWAL,2026-10-08 04:12:46
TXN202600007450,ACC100684,3226.79,DEPOSIT,2026-03-14 08:52:39
TXN202600007451,ACC103493,2638.10,DEPOSIT,2026-10-07 23:26:15
TXN202600007452,ACC105700,2329.81,DEPOSIT,2026-05-11 15:23:40
TXN202600007453,ACC101572,1571.10,WITHDRAWAL,2026-01-08 06:57:35
TXN202600007454,ACC100339,641.17,DEPOSIT,2026-08-04 11:25:23
TXN202600007455,ACC102210,2651.76,DEPOSIT,2026-04-09 23:31:18
TXN202600007456,ACC100604,858.72,WITHDRAWAL,2026-04-25 02:10:38
TXN202600007457,ACC105201,1307.94,DEPOSIT,2026-06-02 04:27:57
TXN202600007458,ACC105905,954.11,DEPOSIT,2026-01-08 23:18:30
TXN202600007459,ACC109959,3435.25,DEPOSIT,2026-06-04 06:24:25
TXN202600007460,ACC106137,4863.70,DEPOSIT,2026-01-28 05:54:17
TXN202600007461,ACC105467,3788.12,DEPOSIT,2026-03-10 06:27:20
TXN202600007462,ACC100204,2448.99,DEPOSIT,2026-10-10 17:56:37
TXN202600007463,ACC104255,3274.27,DEPOSIT,2026-01-16 16:30:23
TXN202600007464,ACC103935,393.74,WITHDRAWAL,2026-09-25 11:43:25
TXN202600007465,ACC108777,2918.30,DEPOSIT,2026-02-04 14:17:12
TXN202600007466,ACC103404,2477.51,DEPOSIT,2026-02-10 08:55:49
TXN202600007467,ACC109050,4474.53,DEPOSIT,2026-07-26 06:15:16
TXN202600007468,ACC100586,4682.79,DEPOSIT,2026-09-19 15:44:28
TXN202600007469,ACC100480,2098.28,DEPOSIT,2026-11-25 09:30:52
TXN202600007470,ACC108762,4746.19,DEPOSIT,2026-05-17 06:30:02
TXN202600007471,ACC107815,779.00,DEPOSIT,2026-08-24 01:36:30
TXN202600007472,ACC103842,3172.79,DEPOSIT,2026-12-25 00:21:56
TXN202600007473,ACC105050,4363.50,DEPOSIT,2026-09-15 14:49:30
TXN202600007474,ACC106307,4622.48,DEPOSIT,2026-06-03 05:27:22
TXN202600007475,ACC109912,595.42,REVERSAL,2026-11-18 13:38:12
TXN202600007476,ACC107574,116.56,WITHDRAWAL,2026-12-21 06:11:47
TXN202600007477,ACC103491,2978.94,DEPOSIT,2026-07-12 21:48:41
TXN202600007478,ACC108820,3773.53,DEPOSIT,2026-07-19 11:26:08
TXN202600007479,ACC100243,2203.71,DEPOSIT,2026-09-05 23:18:13
TXN202600007480,ACC105011,4496.92,DEPOSIT,2026-01-21 10:20:22
TXN202600007481,ACC103063,4655.58,DEPOSIT,2026-05-09 17:57:13
TXN202600007482,ACC108109,3554.25,DEPOSIT,2026-07-12 22:24:57
TXN202600007483,ACC107133,1593.67,WITHDRAWAL,2026-06-05 07:14:45
TXN202600007484,ACC107467,4517.35,DEPOSIT,2026-08-10 01:45:38
TXN202600007485,ACC106903,1579.29,WITHDRAWAL,2026-08-12 22:59:03
TXN202600007486,ACC101584,3681.52,DEPOSIT,2026-10-20 07:06:57
TXN202600007487,ACC102830,860.52,DEPOSIT,2026-10-19 06:04:03
TXN202600007488,ACC105280,1862.10,WITHDRAWAL,2026-12-25 01:18:38
TXN202600007489,ACC105924,831.30,DEPOSIT,2026-08-11 19:21:06
TXN202600007490,ACC106816,262.64,WITHDRAWAL,2026-09-12 11:25:14
TXN202600007491,ACC103697,1438.06,WITHDRAWAL,2026-05-25 09:40:33
TXN202600007492,ACC108680,2012.98,DEPOSIT,2026-08-04 18:10:10
TXN202600007493,ACC105264,141.16,WITHDRAWAL,2026-05-17 17:51:58
TXN202600007494,ACC107588,1310.70,WITHDRAWAL,2026-05-28 21:56:51
TXN202600007495,ACC100275,412.94,REVERSAL,2026-07-15 03:31:27
TXN202600007496,ACC106809,4675.21,DEPOSIT,2026-11-15 14:53:28
TXN202600007497,ACC101761,1723.29,WITHDRAWAL,2026-09-14 10:54:27
TXN202600007498,ACC104451,1960.14,DEPOSIT,2026-08-14 12:23:21
TXN202600007499,ACC101569,2208.34,DEPOSIT,2026-12-14 14:36:28
TXN202600007500,ACC102044,963.97,WITHDRAWAL,2026-10-05 09:39:30
TXN202600007501,ACC108815,932.03,WITHDRAWAL,2026-03-08 18:38:38
TXN202600007502,ACC108791,4988.57,DEPOSIT,2026-03-08 19:12:09
TXN202600007503,ACC109531,3851.12,DEPOSIT,2026-08-19 19:35:34
TXN202600007504,ACC103227,3901.97,DEPOSIT,2026-01-26 09:52:50
TXN202600007505,ACC100258,3166.29,DEPOSIT,2026-07-22 01:18:23
TXN202600007506,ACC101196,3366.35,DEPOSIT,2026-12-28 11:38:12
TXN202600007507,ACC107477,3423.09,DEPOSIT,2026-11-17 13:10:37
TXN202600007508,ACC101668,3309.14,DEPOSIT,2026-10-12 14:36:36
TXN202600007509,ACC102503,3936.85,DEPOSIT,2026-06-21 14:09:29
TXN202600007510,ACC101424,596.73,WITHDRAWAL,2026-01-13 03:08:54
TXN202600007511,ACC102851,809.74,DEPOSIT,2026-02-04 09:42:41
TXN202600007512,ACC102406,1245.93,WITHDRAWAL,2026-12-19 11:02:51
TXN202600007513,ACC100873,629.35,DEPOSIT,2026-10-23 21:54:58
TXN202600007514,ACC104066,1105.36,WITHDRAWAL,2026-03-09 00:32:23
TXN202600007515,ACC107850,3920.95,DEPOSIT,2026-12-02 08:20:39
TXN202600007516,ACC103184,1729.13,DEPOSIT,2026-12-15 18:38:56
TXN202600007517,ACC103354,964.71,DEPOSIT,2026-04-14 10:29:35
TXN202600007518,ACC100085,2602.62,DEPOSIT,2026-12-22 13:46:21
TXN202600007519,ACC105331,4034.71,DEPOSIT,2026-01-26 11:02:23
TXN202600007520,ACC107095,1809.68,WITHDRAWAL,2026-02-27 11:56:45
TXN202600007521,ACC104521,1082.10,REVERSAL,2026-05-04 03:02:07
TXN202600007522,ACC106875,1473.24,WITHDRAWAL,2026-04-11 19:24:11
TXN202600007523,ACC108649,4709.20,DEPOSIT,2026-06-07 21:37:00
TXN202600007524,ACC105182,1780.12,WITHDRAWAL,2026-05-05 06:24:59
TXN202600007525,ACC108715,3441.25,DEPOSIT,2026-01-05 01:54:12
TXN202600007526,ACC104620,1812.74,WITHDRAWAL,2026-11-10 09:05:22
TXN202600007527,ACC105511,1258.92,DEPOSIT,2026-10-07 21:54:42
TXN202600007528,ACC108797,1115.13,WITHDRAWAL,2026-06-06 20:14:59
TXN202600007529,ACC101253,1689.91,DEPOSIT,2026-06-09 14:50:20
TXN202600007530,ACC102958,787.96,DEPOSIT,2026-01-01 21:15:03
TXN202600007531,ACC105868,4476.58,DEPOSIT,2026-06-25 00:38:54
TXN202600007532,ACC107116,544.92,DEPOSIT,2026-01-24 17:29:16
TXN202600007533,ACC102413,3786.87,DEPOSIT,2026-05-21 08:33:01
TXN202600007534,ACC108460,876.83,DEPOSIT,2026-12-23 09:07:50
TXN202600007535,ACC103849,3108.98,DEPOSIT,2026-05-17 02:48:41
TXN202600007536,ACC100455,783.72,WITHDRAWAL,2026-04-12 12:53:54
TXN202600007537,ACC100094,4641.90,DEPOSIT,2026-02-19 04:39:57
TXN202600007538,ACC103137,2777.83,DEPOSIT,2026-06-13 22:09:28
TXN202600007539,ACC101583,1562.48,DEPOSIT,2026-04-25 14:03:49
TXN202600007540,ACC100633,1925.93,DEPOSIT,2026-01-19 05:59:09
TXN202600007541,ACC105986,499.96,WITHDRAWAL,2026-04-21 12:18:22
TXN202600007542,ACC106236,1216.91,WITHDRAWAL,2026-03-07 20:02:54
TXN202600007543,ACC101203,2921.67,DEPOSIT,2026-03-23 17:51:10
TXN202600007544,ACC108914,206.60,WITHDRAWAL,2026-04-19 05:41:28
TXN202600007545,ACC109191,1916.91,DEPOSIT,2026-11-08 17:33:06
TXN202600007546,ACC109259,1974.49,DEPOSIT,2026-10-13 07:52:32
TXN202600007547,ACC101356,4613.20,DEPOSIT,2026-10-28 11:59:06
TXN202600007548,ACC109411,277.63,WITHDRAWAL,2026-06-09 02:28:50
TXN202600007549,ACC105884,1930.40,DEPOSIT,2026-12-26 17:13:20
TXN202600007550,ACC107522,3819.03,DEPOSIT,2026-01-28 03:46:58
TXN202600007551,ACC103985,515.99,WITHDRAWAL,2026-12-28 21:45:05
TXN202600007552,ACC106463,1170.82,DEPOSIT,2026-10-09 08:12:51
TXN202600007553,ACC101538,2736.53,DEPOSIT,2026-04-18 01:54:21
TXN202600007554,ACC104914,147.57,REVERSAL,2026-12-13 16:27:14
TXN202600007555,ACC106765,3708.74,DEPOSIT,2026-11-08 04:27:02
TXN202600007556,ACC102522,4006.19,DEPOSIT,2026-11-11 08:00:23
TXN202600007557,ACC109950,199.47,WITHDRAWAL,2026-04-20 19:05:32
TXN202600007558,ACC101892,1786.81,WITHDRAWAL,2026-01-11 14:57:19
TXN202600007559,ACC108156,525.10,WITHDRAWAL,2026-05-18 19:09:07
TXN202600007560,ACC102203,2806.79,DEPOSIT,2026-08-02 20:52:01
TXN202600007561,ACC102483,1229.54,WITHDRAWAL,2026-09-19 18:13:21
TXN202600007562,ACC105613,2615.09,DEPOSIT,2026-06-23 02:47:58
TXN202600007563,ACC102701,737.33,REVERSAL,2026-12-17 20:34:47
TXN202600007564,ACC101050,100.25,WITHDRAWAL,2026-06-01 16:40:09
TXN202600007565,ACC104954,1499.46,DEPOSIT,2026-05-17 16:15:01
TXN202600007566,ACC108553,1340.65,WITHDRAWAL,2026-01-04 15:37:44
TXN202600007567,ACC109631,1035.28,REVERSAL,2026-02-15 16:10:35
TXN202600007568,ACC109108,2965.15,DEPOSIT,2026-05-11 18:16:27
TXN202600007569,ACC102460,506.55,DEPOSIT,2026-05-07 23:03:11
TXN202600007570,ACC109971,2016.24,DEPOSIT,2026-03-24 06:44:42
TXN202600007571,ACC105958,3965.76,DEPOSIT,2026-09-01 17:02:48
TXN202600007572,ACC109284,1750.59,WITHDRAWAL,2026-10-16 18:44:13
TXN202600007573,ACC103284,952.81,DEPOSIT,2026-05-27 12:10:16
TXN202600007574,ACC100008,543.43,DEPOSIT,2026-01-15 05:21:24
TXN202600007575,ACC108597,818.39,REVERSAL,2026-08-11 07:57:15
TXN202600007576,ACC103817,922.22,DEPOSIT,2026-10-12 03:39:00
TXN202600007577,ACC104991,1434.00,DEPOSIT,2026-10-15 12:48:32
TXN202600007578,ACC104105,214.86,WITHDRAWAL,2026-01-25 19:09:50
TXN202600007579,ACC103635,3719.93,DEPOSIT,2026-08-10 16:39:49
TXN202600007580,ACC101205,1297.96,DEPOSIT,2026-01-24 00:41:47
TXN202600007581,ACC100237,587.21,WITHDRAWAL,2026-02-16 03:01:26
TXN202600007582,ACC107799,4423.37,DEPOSIT,2026-10-10 17:19:17
TXN202600007583,ACC109144,3284.12,DEPOSIT,2026-12-11 13:09:39
TXN202600007584,ACC100345,2985.45,DEPOSIT,2026-11-09 15:38:57
TXN202600007585,ACC106863,3651.55,DEPOSIT,2026-05-22 08:54:40
TXN202600007586,ACC106278,634.90,WITHDRAWAL,2026-07-18 02:46:58
TXN202600007587,ACC109007,4531.51,DEPOSIT,2026-12-02 19:02:06
TXN202600007588,ACC109884,2153.07,DEPOSIT,2026-11-02 16:22:51
TXN202600007589,ACC102104,1556.72,WITHDRAWAL,2026-02-13 10:54:47
TXN202600007590,ACC109852,1106.65,DEPOSIT,2026-07-07 20:10:37
TXN202600007591,ACC100723,3340.31,DEPOSIT,2026-01-10 16:30:27
TXN202600007592,ACC108739,4631.86,DEPOSIT,2026-06-23 07:25:47
TXN202600007593,ACC107741,3667.68,DEPOSIT,2026-04-23 13:35:03
TXN202600007594,ACC104049,547.69,WITHDRAWAL,2026-11-24 20:48:59
TXN202600007595,ACC103187,582.79,WITHDRAWAL,2026-06-05 09:42:11
TXN202600007596,ACC108695,304.96,WITHDRAWAL,2026-04-06 05:06:14
TXN202600007597,ACC109127,941.40,DEPOSIT,2026-01-18 21:00:41
TXN202600007598,ACC100798,4986.53,DEPOSIT,2026-10-09 06:48:36
TXN202600007599,ACC101807,1180.49,WITHDRAWAL,2026-12-14 02:09:44
TXN202600007600,ACC100355,1410.75,WITHDRAWAL,2026-11-08 10:46:51
TXN202600007601,ACC106334,960.76,DEPOSIT,2026-01-08 09:58:34
TXN202600007602,ACC100080,1789.40,DEPOSIT,2026-08-27 02:08:25
TXN202600007603,ACC105850,211.52,WITHDRAWAL,2026-07-21 06:30:50
TXN202600007604,ACC106469,1155.54,WITHDRAWAL,2026-05-22 14:19:53
TXN202600007605,ACC102509,3321.33,DEPOSIT,2026-12-07 01:21:50
TXN202600007606,ACC104164,791.22,DEPOSIT,2026-11-14 15:20:35
TXN202600007607,ACC104232,4139.82,DEPOSIT,2026-02-14 02:12:50
TXN202600007608,ACC108282,3240.94,DEPOSIT,2026-09-21 11:11:32
TXN202600007609,ACC107458,4904.03,DEPOSIT,2026-07-12 15:22:06
TXN202600007610,ACC109626,4967.72,DEPOSIT,2026-04-15 19:09:26
TXN202600007611,ACC108800,287.58,WITHDRAWAL,2026-03-07 22:48:46
TXN202600007612,ACC101108,1035.86,DEPOSIT,2026-10-12 04:36:39
TXN202600007613,ACC103405,3879.46,DEPOSIT,2026-03-17 02:28:16
TXN202600007614,ACC106804,2983.65,DEPOSIT,2026-02-22 00:04:34
TXN202600007615,ACC100409,1245.86,DEPOSIT,2026-04-17 19:11:50
TXN202600007616,ACC101926,2281.74,DEPOSIT,2026-02-06 09:18:39
TXN202600007617,ACC105438,1453.54,DEPOSIT,2026-01-17 14:40:39
TXN202600007618,ACC103205,2649.77,DEPOSIT,2026-01-23 01:50:08
TXN202600007619,ACC105453,1111.11,DEPOSIT,2026-06-28 21:26:37
TXN202600007620,ACC104532,1086.46,WITHDRAWAL,2026-12-11 08:18:14
TXN202600007621,ACC101928,3930.92,DEPOSIT,2026-10-16 20:59:48
TXN202600007622,ACC100756,4648.94,DEPOSIT,2026-08-06 18:51:33
TXN202600007623,ACC104522,1701.84,WITHDRAWAL,2026-01-21 18:16:37
TXN202600007624,ACC104101,2026.41,WITHDRAWAL,2026-03-14 12:44:53
TXN202600007625,ACC109874,1811.47,WITHDRAWAL,2026-01-09 00:00:37
TXN202600007626,ACC101192,1598.71,DEPOSIT,2026-12-12 19:20:22
TXN202600007627,ACC107534,1288.22,WITHDRAWAL,2026-06-13 16:44:30
TXN202600007628,ACC108002,1003.72,WITHDRAWAL,2026-08-25 09:06:30
TXN202600007629,ACC104307,1018.72,DEPOSIT,2026-11-17 13:01:49
TXN202600007630,ACC103084,3199.61,DEPOSIT,2026-02-21 21:27:18
TXN202600007631,ACC105400,758.78,WITHDRAWAL,2026-11-01 03:36:31
TXN202600007632,ACC100661,617.74,WITHDRAWAL,2026-02-25 13:45:02
TXN202600007633,ACC109283,640.98,WITHDRAWAL,2026-09-16 10:16:58
TXN202600007634,ACC103770,2916.56,DEPOSIT,2026-08-09 19:19:14
TXN202600007635,ACC106428,1973.40,WITHDRAWAL,2026-02-05 20:59:06
TXN202600007636,ACC107244,4214.38,DEPOSIT,2026-01-17 09:48:04
TXN202600007637,ACC107902,4728.32,DEPOSIT,2026-01-09 09:40:17
TXN202600007638,ACC105040,3353.68,DEPOSIT,2026-12-05 17:18:24
TXN202600007639,ACC108557,4700.92,DEPOSIT,2026-09-06 03:16:36
TXN202600007640,ACC108230,1416.50,DEPOSIT,2026-10-20 06:52:03
TXN202600007641,ACC105057,563.19,WITHDRAWAL,2026-11-07 18:46:37
TXN202600007642,ACC105616,4212.21,DEPOSIT,2026-10-13 08:42:31
TXN202600007643,ACC104209,4834.69,DEPOSIT,2026-07-21 21:22:42
TXN202600007644,ACC104466,4701.31,DEPOSIT,2026-09-05 16:00:43
TXN202600007645,ACC102300,3256.09,DEPOSIT,2026-10-04 19:22:31
TXN202600007646,ACC100249,2465.69,DEPOSIT,2026-02-25 00:49:00
TXN202600007647,ACC100578,788.27,WITHDRAWAL,2026-01-28 06:09:05
TXN202600007648,ACC104725,2329.70,DEPOSIT,2026-11-08 05:41:49
TXN202600007649,ACC100240,2692.00,DEPOSIT,2026-04-01 19:02:51
TXN202600007650,ACC107073,387.43,WITHDRAWAL,2026-12-06 20:05:48
TXN202600007651,ACC107273,318.75,REVERSAL,2026-09-26 16:39:54
TXN202600007652,ACC102962,3780.07,DEPOSIT,2026-11-24 14:17:49
TXN202600007653,ACC107072,2671.41,DEPOSIT,2026-05-09 18:35:21
TXN202600007654,ACC107069,4915.73,DEPOSIT,2026-05-08 09:55:51
TXN202600007655,ACC106819,3065.95,DEPOSIT,2026-11-13 09:46:02
TXN202600007656,ACC108049,730.70,WITHDRAWAL,2026-09-17 04:45:18
TXN202600007657,ACC109282,1073.86,WITHDRAWAL,2026-08-13 18:49:32
TXN202600007658,ACC102996,1873.55,DEPOSIT,2026-08-23 22:49:10
TXN202600007659,ACC106558,179.55,REVERSAL,2026-06-21 01:26:03
TXN202600007660,ACC108906,4726.02,DEPOSIT,2026-09-21 12:52:22
TXN202600007661,ACC105277,936.66,DEPOSIT,2026-11-03 17:04:27
TXN202600007662,ACC107345,886.59,DEPOSIT,2026-06-12 05:50:45
TXN202600007663,ACC101290,2920.47,DEPOSIT,2026-06-24 01:34:32
TXN202600007664,ACC103241,842.94,REVERSAL,2026-12-08 19:22:22
TXN202600007665,ACC102250,1653.51,DEPOSIT,2026-11-17 04:53:54
TXN202600007666,ACC105423,325.88,REVERSAL,2026-12-02 16:51:13
TXN202600007667,ACC104666,1839.13,DEPOSIT,2026-09-21 12:13:45
TXN202600007668,ACC102185,3992.12,DEPOSIT,2026-07-09 02:56:03
TXN202600007669,ACC105269,2874.67,DEPOSIT,2026-06-21 20:09:32
TXN202600007670,ACC108557,3484.04,DEPOSIT,2026-05-07 21:45:26
TXN202600007671,ACC109522,717.74,DEPOSIT,2026-05-26 17:10:00
TXN202600007672,ACC105275,2024.23,WITHDRAWAL,2026-09-12 11:08:07
TXN202600007673,ACC102571,3364.43,DEPOSIT,2026-02-28 12:50:32
TXN202600007674,ACC105113,4452.18,DEPOSIT,2026-04-14 18:34:02
TXN202600007675,ACC101096,667.72,DEPOSIT,2026-07-08 07:41:52
TXN202600007676,ACC107406,151.85,WITHDRAWAL,2026-01-23 01:31:47
TXN202600007677,ACC106042,3398.02,DEPOSIT,2026-08-12 09:03:55
TXN202600007678,ACC109847,162.31,REVERSAL,2026-02-16 16:34:44
TXN202600007679,ACC107813,1530.79,WITHDRAWAL,2026-07-15 07:33:26
TXN202600007680,ACC100454,4139.64,DEPOSIT,2026-01-16 20:45:22
TXN202600007681,ACC102518,2142.16,DEPOSIT,2026-02-08 08:35:07
TXN202600007682,ACC108841,3291.10,DEPOSIT,2026-05-01 12:29:45
TXN202600007683,ACC108658,3608.21,DEPOSIT,2026-09-28 13:50:54
TXN202600007684,ACC104038,3149.56,DEPOSIT,2026-08-15 18:17:00
TXN202600007685,ACC103328,2439.66,DEPOSIT,2026-07-20 11:10:19
TXN202600007686,ACC109829,4486.44,DEPOSIT,2026-10-21 17:44:42
TXN202600007687,ACC107133,4063.01,DEPOSIT,2026-12-09 22:02:14
TXN202600007688,ACC106343,586.11,REVERSAL,2026-04-17 07:40:31
TXN202600007689,ACC107358,1535.11,WITHDRAWAL,2026-02-03 20:04:44
TXN202600007690,ACC103908,4572.91,DEPOSIT,2026-12-26 14:30:44
TXN202600007691,ACC106819,527.61,DEPOSIT,2026-06-05 19:02:50
TXN202600007692,ACC106897,4020.84,DEPOSIT,2026-08-02 13:12:18
TXN202600007693,ACC102679,3649.34,DEPOSIT,2026-11-15 08:51:33
TXN202600007694,ACC109311,4581.53,DEPOSIT,2026-05-02 06:49:57
TXN202600007695,ACC109365,707.21,DEPOSIT,2026-06-23 04:32:01
TXN202600007696,ACC107727,120.20,WITHDRAWAL,2026-03-20 11:10:49
TXN202600007697,ACC108901,1473.39,WITHDRAWAL,2026-04-09 05:22:26
TXN202600007698,ACC107649,3320.20,DEPOSIT,2026-04-02 02:23:01
TXN202600007699,ACC101334,1916.55,DEPOSIT,2026-01-25 14:56:14
TXN202600007700,ACC102333,4900.27,DEPOSIT,2026-02-10 10:17:33
TXN202600007701,ACC106580,4045.23,DEPOSIT,2026-04-07 03:29:01
TXN202600007702,ACC102282,4857.59,DEPOSIT,2026-09-11 09:04:46
TXN202600007703,ACC103400,296.97,WITHDRAWAL,2026-09-26 21:32:23
TXN202600007704,ACC109530,2700.91,DEPOSIT,2026-02-09 03:23:45
TXN202600007705,ACC100943,1931.88,WITHDRAWAL,2026-04-27 06:10:44
TXN202600007706,ACC108039,1307.76,WITHDRAWAL,2026-02-22 00:31:11
TXN202600007707,ACC104212,4511.54,DEPOSIT,2026-08-10 10:17:25
TXN202600007708,ACC108568,865.33,WITHDRAWAL,2026-07-27 10:53:59
TXN202600007709,ACC102808,935.26,DEPOSIT,2026-04-27 18:44:51
TXN202600007710,ACC101212,4956.28,DEPOSIT,2026-05-05 01:11:17
TXN202600007711,ACC107888,4447.94,DEPOSIT,2026-01-14 21:02:09
TXN202600007712,ACC104952,3548.66,DEPOSIT,2026-09-08 14:16:58
TXN202600007713,ACC106590,4395.39,DEPOSIT,2026-06-21 21:02:36
TXN202600007714,ACC102173,1057.33,REVERSAL,2026-07-03 16:01:12
TXN202600007715,ACC100616,3801.65,DEPOSIT,2026-09-15 19:02:57
TXN202600007716,ACC104673,672.83,DEPOSIT,2026-02-03 05:28:51
TXN202600007717,ACC109270,3047.54,DEPOSIT,2026-11-17 00:08:37
TXN202600007718,ACC105230,2605.00,DEPOSIT,2026-10-02 17:50:55
TXN202600007719,ACC109864,309.77,WITHDRAWAL,2026-07-05 09:35:08
TXN202600007720,ACC100760,1091.61,WITHDRAWAL,2026-01-19 04:25:52
TXN202600007721,ACC105428,4690.71,DEPOSIT,2026-07-12 22:39:16
TXN202600007722,ACC104072,867.31,WITHDRAWAL,2026-11-23 11:47:47
TXN202600007723,ACC109374,1827.92,DEPOSIT,2026-08-22 23:23:45
TXN202600007724,ACC103718,2068.31,DEPOSIT,2026-01-08 21:50:09
TXN202600007725,ACC104368,2434.48,DEPOSIT,2026-09-21 03:17:43
TXN202600007726,ACC109156,881.60,DEPOSIT,2026-09-27 15:32:28
TXN202600007727,ACC109754,4883.43,DEPOSIT,2026-11-14 13:39:15
TXN202600007728,ACC105207,2562.31,DEPOSIT,2026-03-05 06:52:39
TXN202600007729,ACC102228,1074.73,WITHDRAWAL,2026-08-11 21:57:24
TXN202600007730,ACC105263,3109.39,DEPOSIT,2026-11-22 01:11:23
TXN202600007731,ACC109294,4808.43,DEPOSIT,2026-05-17 01:20:22
TXN202600007732,ACC100326,1506.69,WITHDRAWAL,2026-07-28 09:37:00
TXN202600007733,ACC103578,1806.58,WITHDRAWAL,2026-06-11 06:37:25
TXN202600007734,ACC102870,750.13,WITHDRAWAL,2026-05-19 13:52:28
TXN202600007735,ACC107456,950.61,WITHDRAWAL,2026-02-14 23:00:16
TXN202600007736,ACC104260,299.36,REVERSAL,2026-04-11 21:51:44
TXN202600007737,ACC105199,859.00,DEPOSIT,2026-08-21 00:40:08
TXN202600007738,ACC107497,745.21,WITHDRAWAL,2026-07-21 11:40:25
TXN202600007739,ACC106981,1747.60,DEPOSIT,2026-02-24 14:19:37
TXN202600007740,ACC102560,583.39,DEPOSIT,2026-02-16 01:56:06
TXN202600007741,ACC106644,1843.17,DEPOSIT,2026-03-12 23:31:44
TXN202600007742,ACC101738,1436.58,DEPOSIT,2026-12-14 11:12:32
TXN202600007743,ACC106293,3576.73,DEPOSIT,2026-04-25 01:16:11
TXN202600007744,ACC101518,1180.90,WITHDRAWAL,2026-10-18 10:49:35
TXN202600007745,ACC101914,1574.45,DEPOSIT,2026-05-08 10:02:50
TXN202600007746,ACC103821,4801.22,DEPOSIT,2026-08-20 17:57:57
TXN202600007747,ACC107435,1812.58,DEPOSIT,2026-10-13 03:31:38
TXN202600007748,ACC109249,606.31,WITHDRAWAL,2026-02-08 23:49:29
TXN202600007749,ACC108035,3721.75,DEPOSIT,2026-10-21 17:01:04
TXN202600007750,ACC100215,2883.47,DEPOSIT,2026-06-25 17:27:22
TXN202600007751,ACC100532,4853.81,DEPOSIT,2026-02-17 18:10:37
TXN202600007752,ACC106498,888.64,REVERSAL,2026-12-18 12:36:20
TXN202600007753,ACC104486,3360.71,DEPOSIT,2026-06-14 15:13:37
TXN202600007754,ACC105680,681.84,WITHDRAWAL,2026-02-08 12:32:48
TXN202600007755,ACC106733,2385.21,DEPOSIT,2026-02-02 20:05:26
TXN202600007756,ACC104521,324.10,REVERSAL,2026-07-15 11:06:24
TXN202600007757,ACC109576,1919.16,WITHDRAWAL,2026-05-17 02:50:46
TXN202600007758,ACC109426,1556.85,DEPOSIT,2026-07-03 01:27:04
TXN202600007759,ACC105911,2870.85,DEPOSIT,2026-12-13 12:24:45
TXN202600007760,ACC108769,1437.75,DEPOSIT,2026-06-23 20:16:41
TXN202600007761,ACC105717,3002.11,DEPOSIT,2026-02-23 22:24:30
TXN202600007762,ACC106665,446.22,WITHDRAWAL,2026-06-20 04:39:38
TXN202600007763,ACC102724,3822.51,DEPOSIT,2026-10-18 22:05:29
TXN202600007764,ACC102582,666.12,WITHDRAWAL,2026-02-20 22:11:25
TXN202600007765,ACC101494,3529.05,DEPOSIT,2026-10-26 21:20:03
TXN202600007766,ACC109011,1707.75,WITHDRAWAL,2026-01-10 02:39:55
TXN202600007767,ACC100696,2407.65,DEPOSIT,2026-03-26 14:13:33
TXN202600007768,ACC103207,1815.63,WITHDRAWAL,2026-03-27 19:01:54
TXN202600007769,ACC109754,4599.24,DEPOSIT,2026-03-12 01:33:49
TXN202600007770,ACC107935,1481.69,DEPOSIT,2026-08-23 10:21:09
TXN202600007771,ACC100267,3584.12,DEPOSIT,2026-12-03 12:34:51
TXN202600007772,ACC101622,3526.27,DEPOSIT,2026-11-21 07:01:21
TXN202600007773,ACC109792,1190.95,WITHDRAWAL,2026-09-15 15:41:30
TXN202600007774,ACC105856,4001.87,DEPOSIT,2026-10-22 21:09:57
TXN202600007775,ACC101363,3713.54,DEPOSIT,2026-03-21 03:27:40
TXN202600007776,ACC104069,562.05,WITHDRAWAL,2026-09-20 09:40:15
TXN202600007777,ACC109705,621.72,WITHDRAWAL,2026-02-09 14:08:32
TXN202600007778,ACC108697,573.09,REVERSAL,2026-01-16 06:53:31
TXN202600007779,ACC109596,2509.72,DEPOSIT,2026-07-04 13:36:46
TXN202600007780,ACC101720,727.12,REVERSAL,2026-11-26 00:16:38
TXN202600007781,ACC109192,1772.21,DEPOSIT,2026-07-15 05:21:36
TXN202600007782,ACC101824,1713.60,WITHDRAWAL,2026-01-08 11:28:18
TXN202600007783,ACC102113,4723.87,DEPOSIT,2026-05-18 08:29:40
TXN202600007784,ACC108615,895.49,WITHDRAWAL,2026-09-14 22:46:40
TXN202600007785,ACC101362,3077.88,DEPOSIT,2026-12-27 00:14:38
TXN202600007786,ACC102940,523.03,DEPOSIT,2026-09-20 02:09:03
TXN202600007787,ACC108034,3154.77,DEPOSIT,2026-12-11 03:48:57
TXN202600007788,ACC101339,2916.65,DEPOSIT,2026-07-15 16:17:23
TXN202600007789,ACC102096,494.29,REVERSAL,2026-04-27 12:26:10
TXN202600007790,ACC102920,1782.28,WITHDRAWAL,2026-02-10 12:50:13
TXN202600007791,ACC109565,188.49,REVERSAL,2026-06-28 09:37:41
TXN202600007792,ACC101309,3117.94,DEPOSIT,2026-10-14 12:17:55
TXN202600007793,ACC108137,3582.87,DEPOSIT,2026-10-21 14:53:48
TXN202600007794,ACC100591,3525.42,DEPOSIT,2026-04-14 12:35:11
TXN202600007795,ACC101831,1530.09,WITHDRAWAL,2026-08-18 12:00:50
TXN202600007796,ACC100492,3826.99,DEPOSIT,2026-10-24 09:35:39
TXN202600007797,ACC107195,2035.52,DEPOSIT,2026-09-15 23:18:21
TXN202600007798,ACC106096,2109.67,DEPOSIT,2026-04-21 08:14:00
TXN202600007799,ACC102962,2526.12,DEPOSIT,2026-09-15 11:38:11
TXN202600007800,ACC106133,2163.03,DEPOSIT,2026-05-27 11:34:35
TXN202600007801,ACC104513,1501.16,WITHDRAWAL,2026-12-02 10:54:03
TXN202600007802,ACC100570,3111.42,DEPOSIT,2026-12-21 14:46:02
TXN202600007803,ACC102054,1216.71,DEPOSIT,2026-03-09 04:29:44
TXN202600007804,ACC108202,1608.29,WITHDRAWAL,2026-02-08 03:13:43
TXN202600007805,ACC104971,1597.33,DEPOSIT,2026-10-04 03:35:48
TXN202600007806,ACC101086,3817.26,DEPOSIT,2026-09-13 16:59:00
TXN202600007807,ACC107386,2087.02,WITHDRAWAL,2026-08-16 02:23:56
TXN202600007808,ACC103246,4957.37,DEPOSIT,2026-02-04 02:49:34
TXN202600007809,ACC109531,4025.29,DEPOSIT,2026-10-16 09:01:59
TXN202600007810,ACC102897,4903.99,DEPOSIT,2026-01-27 01:57:47
TXN202600007811,ACC102057,699.47,DEPOSIT,2026-05-10 16:03:52
TXN202600007812,ACC101445,643.29,DEPOSIT,2026-11-25 23:17:12
TXN202600007813,ACC107875,1385.56,DEPOSIT,2026-03-10 05:33:32
TXN202600007814,ACC100025,1305.50,DEPOSIT,2026-12-21 05:22:40
TXN202600007815,ACC108512,1446.89,DEPOSIT,2026-02-02 03:49:58
TXN202600007816,ACC108422,820.37,WITHDRAWAL,2026-07-11 11:49:12
TXN202600007817,ACC109466,857.21,DEPOSIT,2026-05-18 01:42:16
TXN202600007818,ACC108364,3203.98,DEPOSIT,2026-03-18 20:22:43
TXN202600007819,ACC105931,497.31,WITHDRAWAL,2026-07-15 04:01:48
TXN202600007820,ACC101114,2874.39,DEPOSIT,2026-04-08 04:41:33
TXN202600007821,ACC100726,1177.70,WITHDRAWAL,2026-10-23 02:05:11
TXN202600007822,ACC104326,4011.94,DEPOSIT,2026-04-01 23:10:56
TXN202600007823,ACC107389,3052.59,DEPOSIT,2026-12-16 11:20:40
TXN202600007824,ACC104252,4225.18,DEPOSIT,2026-07-10 23:38:24
TXN202600007825,ACC106529,1569.07,WITHDRAWAL,2026-02-26 13:58:48
TXN202600007826,ACC104722,1504.19,WITHDRAWAL,2026-11-06 17:39:26
TXN202600007827,ACC109303,1581.52,WITHDRAWAL,2026-02-11 04:11:18
TXN202600007828,ACC102536,3515.49,DEPOSIT,2026-12-22 12:37:00
TXN202600007829,ACC102006,1450.92,WITHDRAWAL,2026-10-22 05:07:07
TXN202600007830,ACC109229,3464.20,DEPOSIT,2026-11-18 22:14:47
TXN202600007831,ACC106557,4902.15,DEPOSIT,2026-12-15 21:29:17
TXN202600007832,ACC105261,4189.60,DEPOSIT,2026-03-05 13:28:21
TXN202600007833,ACC104706,1550.57,DEPOSIT,2026-08-18 02:01:42
TXN202600007834,ACC108776,696.21,WITHDRAWAL,2026-08-25 07:20:41
TXN202600007835,ACC104390,2114.00,DEPOSIT,2026-06-28 22:42:32
TXN202600007836,ACC103037,2929.49,DEPOSIT,2026-02-08 06:02:25
TXN202600007837,ACC108581,1855.81,DEPOSIT,2026-09-16 03:44:34
TXN202600007838,ACC109588,1604.84,DEPOSIT,2026-10-15 20:28:56
TXN202600007839,ACC106730,1062.05,REVERSAL,2026-12-07 07:56:42
TXN202600007840,ACC101402,1741.63,WITHDRAWAL,2026-12-21 14:52:41
TXN202600007841,ACC101408,2887.74,DEPOSIT,2026-01-14 21:05:39
TXN202600007842,ACC106005,2119.56,DEPOSIT,2026-01-09 16:13:16
TXN202600007843,ACC103460,1241.27,WITHDRAWAL,2026-12-13 21:24:54
TXN202600007844,ACC104280,750.28,WITHDRAWAL,2026-07-01 20:40:36
TXN202600007845,ACC102006,341.59,WITHDRAWAL,2026-06-08 09:19:41
TXN202600007846,ACC103474,364.99,WITHDRAWAL,2026-11-02 08:35:27
TXN202600007847,ACC105423,2257.02,DEPOSIT,2026-03-27 21:27:27
TXN202600007848,ACC106335,864.06,WITHDRAWAL,2026-07-13 03:07:07
TXN202600007849,ACC101245,3636.33,DEPOSIT,2026-04-27 17:17:59
TXN202600007850,ACC109153,2034.83,WITHDRAWAL,2026-09-04 11:59:05
TXN202600007851,ACC100890,2760.33,DEPOSIT,2026-07-04 06:22:44
TXN202600007852,ACC108295,2165.16,DEPOSIT,2026-08-11 22:56:51
TXN202600007853,ACC102523,928.39,WITHDRAWAL,2026-10-14 11:43:08
TXN202600007854,ACC100748,293.46,WITHDRAWAL,2026-01-19 11:54:01
TXN202600007855,ACC101414,2080.26,WITHDRAWAL,2026-07-19 03:32:37
TXN202600007856,ACC106236,956.80,DEPOSIT,2026-10-16 12:08:29
TXN202600007857,ACC108219,154.81,REVERSAL,2026-04-12 12:10:00
TXN202600007858,ACC108848,3544.18,DEPOSIT,2026-04-02 10:52:26
TXN202600007859,ACC106852,4844.01,DEPOSIT,2026-09-24 22:04:04
TXN202600007860,ACC107306,865.50,WITHDRAWAL,2026-08-05 13:45:13
TXN202600007861,ACC107096,146.73,REVERSAL,2026-02-10 14:19:50
TXN202600007862,ACC109722,470.38,WITHDRAWAL,2026-09-10 05:50:51
TXN202600007863,ACC106217,532.43,DEPOSIT,2026-11-24 21:22:25
TXN202600007864,ACC102639,864.45,REVERSAL,2026-04-07 18:13:18
TXN202600007865,ACC109758,146.59,WITHDRAWAL,2026-07-12 18:56:45
TXN202600007866,ACC108986,3213.25,DEPOSIT,2026-08-01 12:05:46
TXN202600007867,ACC108540,4428.33,DEPOSIT,2026-02-03 01:16:54
TXN202600007868,ACC104013,3286.95,DEPOSIT,2026-08-05 00:10:59
TXN202600007869,ACC101166,1637.26,WITHDRAWAL,2026-10-01 22:56:10
TXN202600007870,ACC108866,4941.01,DEPOSIT,2026-12-16 08:02:25
TXN202600007871,ACC108420,3626.68,DEPOSIT,2026-06-11 18:15:23
TXN202600007872,ACC107687,890.81,DEPOSIT,2026-04-11 13:53:08
TXN202600007873,ACC109624,1163.03,DEPOSIT,2026-10-09 16:53:47
TXN202600007874,ACC106070,1077.68,REVERSAL,2026-09-02 03:46:16
TXN202600007875,ACC109068,1747.43,DEPOSIT,2026-11-20 19:29:45
TXN202600007876,ACC108481,994.34,DEPOSIT,2026-02-14 09:53:13
TXN202600007877,ACC107840,4566.66,DEPOSIT,2026-07-20 00:25:15
TXN202600007878,ACC100523,2623.42,DEPOSIT,2026-01-06 19:49:04
TXN202600007879,ACC107520,1167.93,WITHDRAWAL,2026-04-27 20:02:23
TXN202600007880,ACC107394,3890.23,DEPOSIT,2026-04-12 14:15:01
TXN202600007881,ACC104395,165.39,WITHDRAWAL,2026-10-02 01:23:14
TXN202600007882,ACC108009,1294.83,DEPOSIT,2026-06-06 07:01:16
TXN202600007883,ACC106254,663.30,REVERSAL,2026-11-25 18:13:52
TXN202600007884,ACC103747,1595.14,DEPOSIT,2026-08-23 23:05:00
TXN202600007885,ACC105072,1647.92,WITHDRAWAL,2026-01-14 16:29:29
TXN202600007886,ACC106107,615.58,DEPOSIT,2026-06-07 23:53:44
TXN202600007887,ACC104824,795.41,WITHDRAWAL,2026-07-03 08:29:01
TXN202600007888,ACC104607,3609.14,DEPOSIT,2026-11-26 04:56:34
TXN202600007889,ACC107529,1218.37,DEPOSIT,2026-04-25 19:49:28
TXN202600007890,ACC100715,579.60,REVERSAL,2026-02-21 23:56:32
TXN202600007891,ACC103486,1272.51,WITHDRAWAL,2026-05-25 01:50:01
TXN202600007892,ACC105682,1750.06,DEPOSIT,2026-01-09 20:04:41
TXN202600007893,ACC100833,1016.21,WITHDRAWAL,2026-05-22 11:10:46
TXN202600007894,ACC107096,1216.97,WITHDRAWAL,2026-11-10 05:45:49
TXN202600007895,ACC108102,3734.94,DEPOSIT,2026-03-01 11:23:00
TXN202600007896,ACC103819,3960.76,DEPOSIT,2026-06-23 18:00:02
TXN202600007897,ACC106710,4091.54,DEPOSIT,2026-12-04 10:22:00
TXN202600007898,ACC105201,223.60,WITHDRAWAL,2026-03-19 22:51:28
TXN202600007899,ACC100102,4031.32,DEPOSIT,2026-07-14 22:47:11
TXN202600007900,ACC103372,3161.71,DEPOSIT,2026-08-27 08:32:48
TXN202600007901,ACC109734,1562.90,WITHDRAWAL,2026-03-21 05:47:50
TXN202600007902,ACC103257,4178.87,DEPOSIT,2026-01-09 13:28:09
TXN202600007903,ACC103974,2171.80,DEPOSIT,2026-12-07 18:10:34
TXN202600007904,ACC102295,838.39,WITHDRAWAL,2026-02-02 14:21:23
TXN202600007905,ACC104899,1093.80,WITHDRAWAL,2026-10-23 02:40:16
TXN202600007906,ACC107251,4874.10,DEPOSIT,2026-12-23 11:23:36
TXN202600007907,ACC108960,1215.14,WITHDRAWAL,2026-11-15 04:39:48
TXN202600007908,ACC103968,3842.02,DEPOSIT,2026-06-01 20:57:05
TXN202600007909,ACC103601,1782.32,DEPOSIT,2026-07-14 11:50:45
TXN202600007910,ACC101268,1768.87,DEPOSIT,2026-11-25 23:59:15
TXN202600007911,ACC105601,526.08,REVERSAL,2026-10-20 16:17:49
TXN202600007912,ACC104991,2810.42,DEPOSIT,2026-11-01 19:09:24
TXN202600007913,ACC107092,1838.79,WITHDRAWAL,2026-03-03 09:45:54
TXN202600007914,ACC101350,201.34,REVERSAL,2026-11-14 07:54:09
TXN202600007915,ACC100711,975.59,WITHDRAWAL,2026-08-18 16:56:14
TXN202600007916,ACC103757,3439.08,DEPOSIT,2026-11-23 07:40:25
TXN202600007917,ACC109668,3069.83,DEPOSIT,2026-07-09 01:54:08
TXN202600007918,ACC108081,1710.41,DEPOSIT,2026-07-19 04:05:24
TXN202600007919,ACC108659,1477.51,WITHDRAWAL,2026-11-15 11:55:08
TXN202600007920,ACC108627,1089.51,WITHDRAWAL,2026-01-18 07:27:10
TXN202600007921,ACC105018,1397.75,WITHDRAWAL,2026-11-27 02:56:25
TXN202600007922,ACC101010,892.60,WITHDRAWAL,2026-11-23 02:17:12
TXN202600007923,ACC107526,1799.19,WITHDRAWAL,2026-01-14 14:01:41
TXN202600007924,ACC101088,2672.41,DEPOSIT,2026-12-26 19:00:29
TXN202600007925,ACC101522,1847.85,WITHDRAWAL,2026-10-27 20:52:27
TXN202600007926,ACC101173,359.85,WITHDRAWAL,2026-09-09 13:25:57
TXN202600007927,ACC108757,2231.50,DEPOSIT,2026-07-06 07:41:53
TXN202600007928,ACC100690,1399.84,DEPOSIT,2026-10-08 12:57:38
TXN202600007929,ACC101849,1560.39,DEPOSIT,2026-08-22 17:39:25
TXN202600007930,ACC100764,4191.68,DEPOSIT,2026-10-21 13:24:00
TXN202600007931,ACC108694,1066.49,WITHDRAWAL,2026-04-17 04:28:42
TXN202600007932,ACC105689,122.35,WITHDRAWAL,2026-05-11 07:24:53
TXN202600007933,ACC109101,2532.55,DEPOSIT,2026-02-22 07:53:34
TXN202600007934,ACC109159,3495.53,DEPOSIT,2026-09-08 18:14:42
TXN202600007935,ACC104978,4982.88,DEPOSIT,2026-06-07 16:27:48
TXN202600007936,ACC106889,666.60,REVERSAL,2026-01-06 18:02:17
TXN202600007937,ACC102738,517.83,WITHDRAWAL,2026-08-02 13:53:45
TXN202600007938,ACC106619,4180.06,DEPOSIT,2026-03-26 00:47:23
TXN202600007939,ACC107394,3078.99,DEPOSIT,2026-11-22 13:15:29
TXN202600007940,ACC108166,1285.79,WITHDRAWAL,2026-11-04 21:58:29
TXN202600007941,ACC107673,1797.13,WITHDRAWAL,2026-02-19 09:50:08
TXN202600007942,ACC105918,1129.17,DEPOSIT,2026-09-24 03:49:07
TXN202600007943,ACC108308,1013.12,DEPOSIT,2026-05-17 02:38:29
TXN202600007944,ACC103623,4394.51,DEPOSIT,2026-11-18 10:17:46
TXN202600007945,ACC100488,2866.94,DEPOSIT,2026-06-02 00:37:11
TXN202600007946,ACC101943,1775.45,DEPOSIT,2026-12-17 20:56:32
TXN202600007947,ACC108838,3263.07,DEPOSIT,2026-10-03 23:57:11
TXN202600007948,ACC105237,104.92,WITHDRAWAL,2026-07-01 21:49:30
TXN202600007949,ACC100951,3759.65,DEPOSIT,2026-07-14 13:49:59
TXN202600007950,ACC104208,2834.51,DEPOSIT,2026-04-06 18:33:06
TXN202600007951,ACC101319,2592.74,DEPOSIT,2026-12-11 12:14:17
TXN202600007952,ACC108202,1599.85,WITHDRAWAL,2026-01-15 20:51:14
TXN202600007953,ACC101422,862.73,WITHDRAWAL,2026-01-24 00:13:59
TXN202600007954,ACC101028,685.70,WITHDRAWAL,2026-08-04 17:38:57
TXN202600007955,ACC108458,1854.65,DEPOSIT,2026-06-15 05:09:59
TXN202600007956,ACC107957,835.94,REVERSAL,2026-08-08 08:47:45
TXN202600007957,ACC101050,898.89,REVERSAL,2026-06-22 00:14:52
TXN202600007958,ACC105779,1735.41,WITHDRAWAL,2026-10-23 06:53:02
TXN202600007959,ACC100516,1146.79,WITHDRAWAL,2026-08-19 16:29:49
TXN202600007960,ACC101570,1687.02,DEPOSIT,2026-03-22 09:20:58
TXN202600007961,ACC102310,4768.57,DEPOSIT,2026-06-19 16:27:58
TXN202600007962,ACC101051,933.11,DEPOSIT,2026-05-06 00:46:42
TXN202600007963,ACC109483,3775.39,DEPOSIT,2026-02-20 12:09:44
TXN202600007964,ACC107716,3133.32,DEPOSIT,2026-08-07 21:06:01
TXN202600007965,ACC106980,3916.41,DEPOSIT,2026-03-10 22:54:40
TXN202600007966,ACC102942,3564.54,DEPOSIT,2026-06-23 08:44:24
TXN202600007967,ACC105334,2151.61,DEPOSIT,2026-10-15 03:53:36
TXN202600007968,ACC104317,1618.29,DEPOSIT,2026-02-11 17:58:10
TXN202600007969,ACC101875,1054.35,WITHDRAWAL,2026-01-20 06:54:03
TXN202600007970,ACC101872,1086.49,DEPOSIT,2026-09-21 09:24:35
TXN202600007971,ACC103762,1080.56,DEPOSIT,2026-04-25 17:56:17
TXN202600007972,ACC103569,1202.49,WITHDRAWAL,2026-07-17 13:50:48
TXN202600007973,ACC105000,327.19,REVERSAL,2026-07-25 03:09:07
TXN202600007974,ACC104072,3094.34,DEPOSIT,2026-06-09 09:59:33
TXN202600007975,ACC100280,3602.06,DEPOSIT,2026-01-06 10:44:48
TXN202600007976,ACC102680,1783.76,WITHDRAWAL,2026-06-13 21:47:39
TXN202600007977,ACC107655,567.82,REVERSAL,2026-12-11 07:01:16
TXN202600007978,ACC107996,733.93,DEPOSIT,2026-09-24 13:46:21
TXN202600007979,ACC104441,3653.84,DEPOSIT,2026-04-25 23:23:42
TXN202600007980,ACC107499,2360.37,DEPOSIT,2026-05-24 02:04:22
TXN202600007981,ACC102729,235.17,REVERSAL,2026-02-05 05:24:02
TXN202600007982,ACC107126,1544.59,DEPOSIT,2026-08-05 08:57:49
TXN202600007983,ACC102500,1067.29,DEPOSIT,2026-02-11 18:54:05
TXN202600007984,ACC104451,118.10,WITHDRAWAL,2026-03-17 12:14:26
TXN202600007985,ACC100613,1895.63,WITHDRAWAL,2026-10-07 13:53:29
TXN202600007986,ACC109491,195.21,WITHDRAWAL,2026-04-01 13:55:40
TXN202600007987,ACC105372,1790.51,DEPOSIT,2026-11-13 21:30:32
TXN202600007988,ACC107583,1140.36,WITHDRAWAL,2026-02-11 03:35:56
TXN202600007989,ACC103096,982.21,DEPOSIT,2026-05-19 16:07:17
TXN202600007990,ACC103600,1372.24,DEPOSIT,2026-03-04 23:58:09
TXN202600007991,ACC109589,1883.34,DEPOSIT,2026-10-08 22:57:04
TXN202600007992,ACC106685,1838.93,DEPOSIT,2026-10-01 09:13:10
TXN202600007993,ACC108591,3739.98,DEPOSIT,2026-03-13 07:58:47
TXN202600007994,ACC100718,1944.13,WITHDRAWAL,2026-07-02 00:40:57
TXN202600007995,ACC102805,4827.18,DEPOSIT,2026-01-12 05:00:53
TXN202600007996,ACC104669,1337.26,WITHDRAWAL,2026-05-17 01:26:37
TXN202600007997,ACC102553,793.45,REVERSAL,2026-03-20 15:03:26
TXN202600007998,ACC107053,3353.20,DEPOSIT,2026-02-28 15:06:32
TXN202600007999,ACC104308,1831.82,DEPOSIT,2026-06-15 04:00:04
TXN202600008000,ACC104515,615.22,WITHDRAWAL,2026-08-18 02:28:24
TXN202600008001,ACC100936,983.70,DEPOSIT,2026-09-20 08:38:30
TXN202600008002,ACC108065,3745.18,DEPOSIT,2026-03-07 23:29:48
TXN202600008003,ACC109998,4101.24,DEPOSIT,2026-06-09 06:41:43
TXN202600008004,ACC102579,4048.89,DEPOSIT,2026-12-11 20:40:51
TXN202600008005,ACC103454,1212.53,WITHDRAWAL,2026-11-17 17:31:15
TXN202600008006,ACC104913,4051.38,DEPOSIT,2026-03-18 14:33:25
TXN202600008007,ACC103805,1940.68,DEPOSIT,2026-01-19 08:20:54
TXN202600008008,ACC101028,1487.14,DEPOSIT,2026-09-17 17:03:53
TXN202600008009,ACC109666,434.09,WITHDRAWAL,2026-08-07 13:56:38
TXN202600008010,ACC101269,4511.65,DEPOSIT,2026-01-14 03:20:31
TXN202600008011,ACC107522,832.57,WITHDRAWAL,2026-07-14 18:02:32
TXN202600008012,ACC103871,4092.15,DEPOSIT,2026-08-21 06:21:34
TXN202600008013,ACC104026,4792.69,DEPOSIT,2026-11-06 01:06:30
TXN202600008014,ACC100613,3449.15,DEPOSIT,2026-03-10 07:30:38
TXN202600008015,ACC104523,2027.36,WITHDRAWAL,2026-12-03 14:28:20
TXN202600008016,ACC108366,836.04,WITHDRAWAL,2026-10-16 07:03:13
TXN202600008017,ACC107120,193.61,REVERSAL,2026-05-28 02:37:52
TXN202600008018,ACC102030,1542.39,DEPOSIT,2026-08-12 13:40:12
TXN202600008019,ACC100635,3670.66,DEPOSIT,2026-05-10 23:13:44
TXN202600008020,ACC106528,2510.00,DEPOSIT,2026-10-16 21:54:55
TXN202600008021,ACC102254,1046.56,DEPOSIT,2026-02-19 19:46:24
TXN202600008022,ACC106302,4194.53,DEPOSIT,2026-12-04 09:50:29
TXN202600008023,ACC107750,1494.11,DEPOSIT,2026-01-09 11:47:53
TXN202600008024,ACC108321,717.46,WITHDRAWAL,2026-11-22 19:29:37
TXN202600008025,ACC102563,4949.24,DEPOSIT,2026-07-10 13:21:41
TXN202600008026,ACC100917,1124.02,DEPOSIT,2026-09-18 12:10:30
TXN202600008027,ACC103876,1849.04,WITHDRAWAL,2026-08-23 01:31:56
TXN202600008028,ACC106356,1522.50,WITHDRAWAL,2026-03-12 04:41:21
TXN202600008029,ACC107038,2277.61,DEPOSIT,2026-06-24 21:14:08
TXN202600008030,ACC102452,3044.97,DEPOSIT,2026-09-17 22:32:26
TXN202600008031,ACC108715,853.28,DEPOSIT,2026-02-07 03:12:42
TXN202600008032,ACC106043,3030.69,DEPOSIT,2026-12-18 22:51:41
TXN202600008033,ACC109520,1731.08,WITHDRAWAL,2026-12-14 17:26:37
TXN202600008034,ACC108094,4566.09,DEPOSIT,2026-09-24 10:22:08
TXN202600008035,ACC109847,1884.46,DEPOSIT,2026-12-08 12:52:32
TXN202600008036,ACC106890,3942.47,DEPOSIT,2026-02-14 10:59:58
TXN202600008037,ACC105708,1301.41,DEPOSIT,2026-09-08 02:52:56
TXN202600008038,ACC105611,3212.95,DEPOSIT,2026-11-09 05:40:22
TXN202600008039,ACC107860,2900.00,DEPOSIT,2026-01-13 19:04:59
TXN202600008040,ACC103433,3576.90,DEPOSIT,2026-11-13 01:06:57
TXN202600008041,ACC100008,1458.35,DEPOSIT,2026-03-13 03:42:01
TXN202600008042,ACC107986,769.69,DEPOSIT,2026-04-06 06:38:22
TXN202600008043,ACC107551,1151.75,WITHDRAWAL,2026-11-12 22:15:16
TXN202600008044,ACC101521,461.49,WITHDRAWAL,2026-05-26 16:49:46
TXN202600008045,ACC104026,935.52,DEPOSIT,2026-08-17 16:51:47
TXN202600008046,ACC103004,943.41,DEPOSIT,2026-03-06 15:58:09
TXN202600008047,ACC102682,1431.26,DEPOSIT,2026-07-23 23:35:49
TXN202600008048,ACC109564,1987.04,WITHDRAWAL,2026-11-12 20:38:27
TXN202600008049,ACC108205,241.67,REVERSAL,2026-02-19 15:48:48
TXN202600008050,ACC108886,677.48,DEPOSIT,2026-07-23 10:41:58
TXN202600008051,ACC104615,521.29,DEPOSIT,2026-12-12 18:40:26
TXN202600008052,ACC105110,4499.27,DEPOSIT,2026-11-10 22:23:21
TXN202600008053,ACC103115,1984.37,WITHDRAWAL,2026-10-25 10:21:59
TXN202600008054,ACC108380,4278.07,DEPOSIT,2026-08-23 20:38:35
TXN202600008055,ACC106841,4849.94,DEPOSIT,2026-04-10 20:30:41
TXN202600008056,ACC100832,865.34,REVERSAL,2026-09-27 08:06:15
TXN202600008057,ACC109923,3130.79,DEPOSIT,2026-05-04 03:02:08
TXN202600008058,ACC102016,3372.39,DEPOSIT,2026-10-24 21:36:20
TXN202600008059,ACC107064,1477.83,DEPOSIT,2026-08-07 22:36:50
TXN202600008060,ACC104345,1507.33,WITHDRAWAL,2026-02-11 05:01:04
TXN202600008061,ACC106786,347.26,REVERSAL,2026-08-03 14:41:31
TXN202600008062,ACC104787,1471.90,WITHDRAWAL,2026-08-17 14:35:37
TXN202600008063,ACC106027,1460.45,DEPOSIT,2026-07-20 15:29:10
TXN202600008064,ACC100165,2118.18,DEPOSIT,2026-10-10 13:09:05
TXN202600008065,ACC106683,1649.45,WITHDRAWAL,2026-01-18 18:08:33
TXN202600008066,ACC107608,717.84,DEPOSIT,2026-06-28 17:51:04
TXN202600008067,ACC108094,387.33,WITHDRAWAL,2026-03-04 05:12:47
TXN202600008068,ACC108744,2695.94,DEPOSIT,2026-06-26 22:30:04
TXN202600008069,ACC106481,3181.71,DEPOSIT,2026-06-21 23:53:09
TXN202600008070,ACC101445,3570.96,DEPOSIT,2026-07-20 04:42:09
TXN202600008071,ACC107115,1593.60,WITHDRAWAL,2026-07-26 11:13:10
TXN202600008072,ACC106153,1603.31,DEPOSIT,2026-06-15 11:42:22
TXN202600008073,ACC102488,1444.74,WITHDRAWAL,2026-09-24 17:31:12
TXN202600008074,ACC102419,1014.17,WITHDRAWAL,2026-12-18 13:24:43
TXN202600008075,ACC109554,4015.56,DEPOSIT,2026-07-21 04:20:08
TXN202600008076,ACC105025,1703.47,DEPOSIT,2026-03-08 00:06:53
TXN202600008077,ACC103466,124.35,WITHDRAWAL,2026-06-18 03:43:05
TXN202600008078,ACC109643,2569.14,DEPOSIT,2026-02-18 15:51:13
TXN202600008079,ACC105571,2150.56,DEPOSIT,2026-07-16 14:54:41
TXN202600008080,ACC107707,3202.63,DEPOSIT,2026-02-13 20:51:30
TXN202600008081,ACC105918,3494.08,DEPOSIT,2026-11-04 20:46:04
TXN202600008082,ACC109865,2612.98,DEPOSIT,2026-02-12 11:50:38
TXN202600008083,ACC106720,2484.25,DEPOSIT,2026-07-09 23:37:59
TXN202600008084,ACC107763,4395.24,DEPOSIT,2026-10-28 13:46:47
TXN202600008085,ACC104864,153.02,WITHDRAWAL,2026-12-12 13:43:38
TXN202600008086,ACC100986,1708.80,WITHDRAWAL,2026-04-01 08:11:31
TXN202600008087,ACC108637,3304.61,DEPOSIT,2026-03-16 04:38:59
TXN202600008088,ACC101673,3361.50,DEPOSIT,2026-05-06 23:26:38
TXN202600008089,ACC104621,1527.99,WITHDRAWAL,2026-06-01 16:11:28
TXN202600008090,ACC108991,1815.51,WITHDRAWAL,2026-12-01 03:27:24
TXN202600008091,ACC103649,4390.74,DEPOSIT,2026-04-15 04:06:30
TXN202600008092,ACC109101,973.68,REVERSAL,2026-04-16 13:20:15
TXN202600008093,ACC106613,1705.36,DEPOSIT,2026-08-27 18:15:47
TXN202600008094,ACC106762,1149.53,WITHDRAWAL,2026-07-20 22:57:26
TXN202600008095,ACC107445,845.00,WITHDRAWAL,2026-01-28 01:47:25
TXN202600008096,ACC103266,2421.15,DEPOSIT,2026-05-24 06:58:17
TXN202600008097,ACC105737,2363.12,DEPOSIT,2026-04-09 10:53:42
TXN202600008098,ACC106365,2253.23,DEPOSIT,2026-03-23 13:13:15
TXN202600008099,ACC105169,548.53,REVERSAL,2026-07-16 22:38:46
TXN202600008100,ACC101196,598.45,DEPOSIT,2026-08-07 09:50:54
TXN202600008101,ACC106236,3551.63,DEPOSIT,2026-02-28 16:12:51
TXN202600008102,ACC106976,4975.14,DEPOSIT,2026-07-06 03:33:05
TXN202600008103,ACC107268,732.57,DEPOSIT,2026-05-08 18:12:32
TXN202600008104,ACC103299,4563.83,DEPOSIT,2026-07-07 16:13:34
TXN202600008105,ACC107476,3649.55,DEPOSIT,2026-01-26 06:03:23
TXN202600008106,ACC105033,1585.10,WITHDRAWAL,2026-02-09 09:31:46
TXN202600008107,ACC106506,208.51,REVERSAL,2026-08-15 19:10:25
TXN202600008108,ACC109776,637.93,WITHDRAWAL,2026-12-28 08:34:28
TXN202600008109,ACC104232,3638.60,DEPOSIT,2026-04-01 17:27:19
TXN202600008110,ACC102594,2099.78,WITHDRAWAL,2026-08-13 16:07:35
TXN202600008111,ACC108197,930.74,REVERSAL,2026-07-09 19:19:31
TXN202600008112,ACC105789,4685.53,DEPOSIT,2026-10-16 22:30:00
TXN202600008113,ACC104641,1225.49,DEPOSIT,2026-10-28 08:07:41
TXN202600008114,ACC100216,1610.51,WITHDRAWAL,2026-05-09 01:27:07
TXN202600008115,ACC104646,3071.50,DEPOSIT,2026-07-19 06:27:11
TXN202600008116,ACC108758,1293.24,DEPOSIT,2026-11-24 03:28:29
TXN202600008117,ACC105835,578.61,DEPOSIT,2026-01-26 19:12:31
TXN202600008118,ACC106665,3973.18,DEPOSIT,2026-12-11 04:35:00
TXN202600008119,ACC100226,735.85,DEPOSIT,2026-07-25 01:03:40
TXN202600008120,ACC107820,1458.98,WITHDRAWAL,2026-11-22 01:48:11
TXN202600008121,ACC103138,489.84,WITHDRAWAL,2026-02-16 21:47:28
TXN202600008122,ACC105971,2846.71,DEPOSIT,2026-04-06 13:29:34
TXN202600008123,ACC102512,357.36,WITHDRAWAL,2026-05-03 04:09:21
TXN202600008124,ACC106142,865.15,WITHDRAWAL,2026-03-03 04:45:42
TXN202600008125,ACC100135,3877.19,DEPOSIT,2026-02-01 19:04:15
TXN202600008126,ACC108841,759.99,WITHDRAWAL,2026-09-03 15:48:49
TXN202600008127,ACC105527,1340.39,WITHDRAWAL,2026-07-17 01:22:39
TXN202600008128,ACC103696,1550.82,WITHDRAWAL,2026-10-19 17:52:37
TXN202600008129,ACC108074,2596.28,DEPOSIT,2026-11-13 18:10:03
TXN202600008130,ACC105919,859.73,DEPOSIT,2026-12-10 13:30:19
TXN202600008131,ACC100098,1112.84,DEPOSIT,2026-07-16 10:32:34
TXN202600008132,ACC100246,592.56,WITHDRAWAL,2026-11-22 18:08:32
TXN202600008133,ACC107551,1004.96,DEPOSIT,2026-04-09 20:55:41
TXN202600008134,ACC108938,2836.75,DEPOSIT,2026-10-03 12:39:27
TXN202600008135,ACC108573,589.18,WITHDRAWAL,2026-11-21 14:52:24
TXN202600008136,ACC105191,3025.50,DEPOSIT,2026-09-27 15:38:02
TXN202600008137,ACC104331,2292.80,DEPOSIT,2026-04-10 03:46:40
TXN202600008138,ACC101538,1507.95,WITHDRAWAL,2026-01-19 10:01:39
TXN202600008139,ACC105351,4085.79,DEPOSIT,2026-05-13 04:58:22
TXN202600008140,ACC109132,4870.97,DEPOSIT,2026-05-24 22:20:22
TXN202600008141,ACC105286,4844.85,DEPOSIT,2026-12-07 03:01:13
TXN202600008142,ACC106802,2149.00,DEPOSIT,2026-11-22 17:48:10
TXN202600008143,ACC109663,807.66,REVERSAL,2026-07-09 13:21:56
TXN202600008144,ACC106080,1052.90,WITHDRAWAL,2026-07-27 03:35:22
TXN202600008145,ACC100376,1443.92,WITHDRAWAL,2026-11-13 04:43:31
TXN202600008146,ACC102004,703.50,DEPOSIT,2026-04-21 04:41:34
TXN202600008147,ACC101705,544.47,DEPOSIT,2026-03-17 06:37:29
TXN202600008148,ACC106144,4024.34,DEPOSIT,2026-05-21 08:39:26
TXN202600008149,ACC102637,1746.14,WITHDRAWAL,2026-09-26 05:09:19
TXN202600008150,ACC102295,3364.36,DEPOSIT,2026-07-23 00:04:55
TXN202600008151,ACC100296,3002.87,DEPOSIT,2026-08-23 12:57:48
TXN202600008152,ACC100393,4936.39,DEPOSIT,2026-02-26 06:15:53
TXN202600008153,ACC107907,4741.65,DEPOSIT,2026-04-21 10:38:08
TXN202600008154,ACC106154,3356.96,DEPOSIT,2026-05-14 20:24:45
TXN202600008155,ACC104307,1952.21,DEPOSIT,2026-03-27 22:29:03
TXN202600008156,ACC103246,4871.25,DEPOSIT,2026-03-06 01:00:36
TXN202600008157,ACC104920,1203.64,DEPOSIT,2026-08-10 23:36:16
TXN202600008158,ACC102624,3729.01,DEPOSIT,2026-07-12 09:59:33
TXN202600008159,ACC100034,4475.48,DEPOSIT,2026-10-06 06:47:59
TXN202600008160,ACC108721,1634.18,DEPOSIT,2026-01-11 08:00:49
TXN202600008161,ACC108031,1687.29,DEPOSIT,2026-03-12 10:58:17
TXN202600008162,ACC108204,1093.30,WITHDRAWAL,2026-08-15 10:32:41
TXN202600008163,ACC107872,1716.11,DEPOSIT,2026-08-16 15:03:46
TXN202600008164,ACC101526,4392.30,DEPOSIT,2026-04-13 18:36:49
TXN202600008165,ACC106041,990.23,DEPOSIT,2026-01-20 12:01:09
TXN202600008166,ACC100052,525.37,WITHDRAWAL,2026-01-07 21:54:39
TXN202600008167,ACC109480,319.62,WITHDRAWAL,2026-02-07 23:32:27
TXN202600008168,ACC105606,485.58,WITHDRAWAL,2026-01-12 01:33:41
TXN202600008169,ACC102173,4681.69,DEPOSIT,2026-10-24 23:09:21
TXN202600008170,ACC102864,4438.49,DEPOSIT,2026-11-25 23:16:45
TXN202600008171,ACC105817,1373.75,WITHDRAWAL,2026-11-27 22:43:49
TXN202600008172,ACC102487,214.34,WITHDRAWAL,2026-01-26 10:00:24
TXN202600008173,ACC108547,2022.65,WITHDRAWAL,2026-06-23 17:51:33
TXN202600008174,ACC107033,4408.22,DEPOSIT,2026-12-15 03:45:27
TXN202600008175,ACC100692,1944.96,WITHDRAWAL,2026-01-06 05:04:04
TXN202600008176,ACC108886,529.73,WITHDRAWAL,2026-03-04 19:23:31
TXN202600008177,ACC104706,3691.44,DEPOSIT,2026-11-17 23:22:29
TXN202600008178,ACC105324,2003.82,DEPOSIT,2026-06-28 20:03:11
TXN202600008179,ACC107082,2418.43,DEPOSIT,2026-05-27 00:41:41
TXN202600008180,ACC103887,992.20,WITHDRAWAL,2026-09-03 11:36:47
TXN202600008181,ACC101943,4754.30,DEPOSIT,2026-03-25 11:12:49
TXN202600008182,ACC103765,1537.00,WITHDRAWAL,2026-02-19 21:29:07
TXN202600008183,ACC104448,1668.38,WITHDRAWAL,2026-10-05 20:05:18
TXN202600008184,ACC103841,865.38,REVERSAL,2026-07-04 05:21:50
TXN202600008185,ACC103535,1509.37,WITHDRAWAL,2026-01-16 22:48:38
TXN202600008186,ACC108182,3772.92,DEPOSIT,2026-12-16 16:38:14
TXN202600008187,ACC107500,3084.77,DEPOSIT,2026-05-15 01:02:32
TXN202600008188,ACC101132,4582.44,DEPOSIT,2026-10-22 13:57:30
TXN202600008189,ACC105593,611.75,WITHDRAWAL,2026-12-13 06:19:22
TXN202600008190,ACC104192,1241.38,WITHDRAWAL,2026-09-16 20:58:35
TXN202600008191,ACC106439,3521.02,DEPOSIT,2026-10-03 08:29:06
TXN202600008192,ACC109540,1140.29,DEPOSIT,2026-05-25 01:31:52
TXN202600008193,ACC105830,681.68,WITHDRAWAL,2026-03-13 17:48:15
TXN202600008194,ACC102342,4087.04,DEPOSIT,2026-04-28 12:38:44
TXN202600008195,ACC101387,3604.88,DEPOSIT,2026-01-08 22:28:24
TXN202600008196,ACC106957,1429.19,WITHDRAWAL,2026-11-06 08:03:10
TXN202600008197,ACC109498,812.96,WITHDRAWAL,2026-09-01 23:54:24
TXN202600008198,ACC104687,536.07,WITHDRAWAL,2026-04-02 14:49:12
TXN202600008199,ACC101860,1051.56,REVERSAL,2026-10-13 15:34:17
TXN202600008200,ACC101950,1649.15,DEPOSIT,2026-11-03 14:46:56
TXN202600008201,ACC102379,4427.55,DEPOSIT,2026-02-05 11:38:50
TXN202600008202,ACC102386,2320.29,DEPOSIT,2026-09-09 09:03:17
TXN202600008203,ACC108256,2116.44,DEPOSIT,2026-10-13 10:28:15
TXN202600008204,ACC105056,3546.96,DEPOSIT,2026-10-05 14:30:14
TXN202600008205,ACC108526,4678.52,DEPOSIT,2026-08-28 02:43:32
TXN202600008206,ACC105865,503.78,DEPOSIT,2026-02-19 06:02:14
TXN202600008207,ACC108657,3024.05,DEPOSIT,2026-07-15 11:20:42
TXN202600008208,ACC107614,658.30,WITHDRAWAL,2026-08-26 05:28:24
TXN202600008209,ACC108607,952.80,WITHDRAWAL,2026-06-27 02:44:00
TXN202600008210,ACC100687,3396.15,DEPOSIT,2026-11-18 16:00:09
TXN202600008211,ACC107687,4091.97,DEPOSIT,2026-10-06 04:07:37
TXN202600008212,ACC103988,1311.68,WITHDRAWAL,2026-02-10 13:32:56
TXN202600008213,ACC106967,219.43,WITHDRAWAL,2026-08-21 04:18:15
TXN202600008214,ACC105332,1299.82,WITHDRAWAL,2026-12-06 19:22:01
TXN202600008215,ACC101544,4508.49,DEPOSIT,2026-12-03 02:01:19
TXN202600008216,ACC102386,2251.01,DEPOSIT,2026-05-27 23:17:51
TXN202600008217,ACC100165,710.19,DEPOSIT,2026-04-06 18:01:11
TXN202600008218,ACC105174,790.79,WITHDRAWAL,2026-12-26 00:41:05
TXN202600008219,ACC107194,1878.69,WITHDRAWAL,2026-12-03 22:05:47
TXN202600008220,ACC101544,1307.61,DEPOSIT,2026-05-08 16:04:48
TXN202600008221,ACC105272,2840.77,DEPOSIT,2026-02-05 01:29:40
TXN202600008222,ACC102951,1352.16,DEPOSIT,2026-10-24 23:13:11
TXN202600008223,ACC100885,701.98,DEPOSIT,2026-02-20 17:07:24
TXN202600008224,ACC106409,145.26,WITHDRAWAL,2026-07-15 04:35:50
TXN202600008225,ACC108737,4894.75,DEPOSIT,2026-09-08 00:58:26
TXN202600008226,ACC101404,3760.42,DEPOSIT,2026-04-12 02:43:53
TXN202600008227,ACC105235,4488.17,DEPOSIT,2026-04-28 14:30:48
TXN202600008228,ACC109609,606.30,DEPOSIT,2026-03-12 06:16:18
TXN202600008229,ACC109698,1510.12,DEPOSIT,2026-07-04 06:14:57
TXN202600008230,ACC101785,1976.29,DEPOSIT,2026-02-21 00:24:59
TXN202600008231,ACC103761,2192.85,DEPOSIT,2026-07-19 03:33:13
TXN202600008232,ACC101632,2102.05,DEPOSIT,2026-06-26 05:29:07
TXN202600008233,ACC102931,938.53,REVERSAL,2026-05-27 15:35:49
TXN202600008234,ACC107720,1276.70,DEPOSIT,2026-10-25 08:14:34
TXN202600008235,ACC108749,1952.92,DEPOSIT,2026-05-28 08:07:59
TXN202600008236,ACC101415,641.90,WITHDRAWAL,2026-04-17 15:26:11
TXN202600008237,ACC106393,552.47,WITHDRAWAL,2026-07-12 23:11:09
TXN202600008238,ACC105152,1483.17,DEPOSIT,2026-03-06 17:39:42
TXN202600008239,ACC103287,2588.64,DEPOSIT,2026-09-24 06:34:23
TXN202600008240,ACC103816,4726.02,DEPOSIT,2026-06-21 10:12:32
TXN202600008241,ACC109999,687.34,DEPOSIT,2026-08-23 05:42:51
TXN202600008242,ACC108415,1004.56,WITHDRAWAL,2026-09-28 00:58:37
TXN202600008243,ACC103762,4601.28,DEPOSIT,2026-01-04 01:41:59
TXN202600008244,ACC105856,1136.24,WITHDRAWAL,2026-05-03 06:38:32
TXN202600008245,ACC109199,4296.01,DEPOSIT,2026-03-23 09:36:10
TXN202600008246,ACC106115,1454.20,DEPOSIT,2026-06-12 18:51:33
TXN202600008247,ACC109906,1984.68,WITHDRAWAL,2026-03-01 06:03:31
TXN202600008248,ACC102797,3554.87,DEPOSIT,2026-05-24 04:04:35
TXN202600008249,ACC104231,3143.08,DEPOSIT,2026-02-25 22:57:10
TXN202600008250,ACC101034,1692.16,WITHDRAWAL,2026-07-12 13:52:29
TXN202600008251,ACC101101,1029.26,WITHDRAWAL,2026-04-28 13:08:08
TXN202600008252,ACC107058,4758.02,DEPOSIT,2026-03-02 01:13:13
TXN202600008253,ACC109687,3932.43,DEPOSIT,2026-03-08 00:42:15
TXN202600008254,ACC101399,3603.72,DEPOSIT,2026-11-11 02:08:52
TXN202600008255,ACC102283,1773.41,WITHDRAWAL,2026-03-25 07:19:08
TXN202600008256,ACC100080,1326.21,WITHDRAWAL,2026-10-02 11:34:49
TXN202600008257,ACC106766,3856.00,DEPOSIT,2026-02-24 06:07:22
TXN202600008258,ACC107390,3486.00,DEPOSIT,2026-03-07 21:09:40
TXN202600008259,ACC103112,1074.25,DEPOSIT,2026-02-09 08:36:44
TXN202600008260,ACC101244,3519.35,DEPOSIT,2026-01-11 01:22:34
TXN202600008261,ACC102418,1481.57,DEPOSIT,2026-12-22 01:49:14
TXN202600008262,ACC104116,796.83,REVERSAL,2026-08-26 03:24:28
TXN202600008263,ACC101055,748.83,WITHDRAWAL,2026-04-21 22:14:00
TXN202600008264,ACC102173,432.57,WITHDRAWAL,2026-03-23 23:06:13
TXN202600008265,ACC102742,751.28,WITHDRAWAL,2026-06-28 02:03:39
TXN202600008266,ACC102482,1224.27,DEPOSIT,2026-11-11 11:05:49
TXN202600008267,ACC107950,2542.13,DEPOSIT,2026-05-26 00:39:26
TXN202600008268,ACC108060,3375.83,DEPOSIT,2026-09-18 00:44:36
TXN202600008269,ACC100484,1290.55,WITHDRAWAL,2026-02-18 00:34:02
TXN202600008270,ACC103136,2022.05,WITHDRAWAL,2026-12-01 05:48:36
TXN202600008271,ACC106230,831.50,DEPOSIT,2026-04-21 15:04:59
TXN202600008272,ACC102324,4226.72,DEPOSIT,2026-07-13 10:30:36
TXN202600008273,ACC108562,2797.24,DEPOSIT,2026-08-21 07:34:07
TXN202600008274,ACC102716,2197.14,DEPOSIT,2026-06-24 06:16:26
TXN202600008275,ACC109978,322.06,WITHDRAWAL,2026-04-27 00:44:43
TXN202600008276,ACC102129,1374.60,WITHDRAWAL,2026-02-20 05:30:48
TXN202600008277,ACC109406,211.69,WITHDRAWAL,2026-01-28 17:17:09
TXN202600008278,ACC100338,444.41,WITHDRAWAL,2026-07-13 09:01:58
TXN202600008279,ACC107244,1248.99,WITHDRAWAL,2026-02-19 07:34:13
TXN202600008280,ACC106307,994.39,WITHDRAWAL,2026-03-05 19:00:35
TXN202600008281,ACC108228,583.83,REVERSAL,2026-07-23 17:56:29
TXN202600008282,ACC109554,379.71,WITHDRAWAL,2026-10-28 06:39:11
TXN202600008283,ACC106549,1634.92,DEPOSIT,2026-04-12 21:41:16
TXN202600008284,ACC108282,560.91,WITHDRAWAL,2026-10-26 09:40:09
TXN202600008285,ACC107604,640.08,DEPOSIT,2026-03-22 02:11:31
TXN202600008286,ACC102959,3440.40,DEPOSIT,2026-12-05 14:07:59
TXN202600008287,ACC100043,341.56,WITHDRAWAL,2026-01-10 19:48:11
TXN202600008288,ACC103209,1259.70,WITHDRAWAL,2026-07-11 03:23:59
TXN202600008289,ACC102959,1920.36,DEPOSIT,2026-01-08 12:15:50
TXN202600008290,ACC107116,4756.85,DEPOSIT,2026-09-21 21:15:48
TXN202600008291,ACC102490,1772.22,WITHDRAWAL,2026-10-13 04:44:18
TXN202600008292,ACC109941,3626.90,DEPOSIT,2026-09-27 20:35:26
TXN202600008293,ACC100248,3570.53,DEPOSIT,2026-07-18 15:03:19
TXN202600008294,ACC107615,1703.24,WITHDRAWAL,2026-05-19 15:23:58
TXN202600008295,ACC109182,2091.04,DEPOSIT,2026-09-28 06:47:41
TXN202600008296,ACC107636,3142.76,DEPOSIT,2026-01-21 12:22:11
TXN202600008297,ACC104181,4249.58,DEPOSIT,2026-02-18 13:14:27
TXN202600008298,ACC100848,814.41,DEPOSIT,2026-04-01 19:00:02
TXN202600008299,ACC103429,966.71,WITHDRAWAL,2026-09-13 01:33:24
TXN202600008300,ACC100527,1686.38,DEPOSIT,2026-11-13 07:21:37
TXN202600008301,ACC102189,1450.23,WITHDRAWAL,2026-03-10 12:32:28
TXN202600008302,ACC101384,4671.96,DEPOSIT,2026-12-06 02:46:56
TXN202600008303,ACC105871,2866.55,DEPOSIT,2026-12-11 06:48:09
TXN202600008304,ACC104466,2393.55,DEPOSIT,2026-05-14 04:22:12
TXN202600008305,ACC106873,548.96,REVERSAL,2026-06-17 09:10:40
TXN202600008306,ACC101268,307.56,WITHDRAWAL,2026-10-24 23:59:33
TXN202600008307,ACC100975,1861.78,DEPOSIT,2026-04-17 00:37:59
TXN202600008308,ACC107993,1625.80,DEPOSIT,2026-05-03 18:16:59
TXN202600008309,ACC104020,1831.93,WITHDRAWAL,2026-06-15 13:13:41
TXN202600008310,ACC102945,2167.87,DEPOSIT,2026-09-09 09:34:53
TXN202600008311,ACC101512,4546.96,DEPOSIT,2026-10-06 22:30:06
TXN202600008312,ACC105091,1793.78,DEPOSIT,2026-10-03 05:35:03
TXN202600008313,ACC101405,1252.62,DEPOSIT,2026-07-10 20:55:33
TXN202600008314,ACC105246,2452.58,DEPOSIT,2026-05-27 04:42:22
TXN202600008315,ACC102866,3975.79,DEPOSIT,2026-05-21 23:51:55
TXN202600008316,ACC103600,4398.54,DEPOSIT,2026-03-07 07:42:22
TXN202600008317,ACC104065,3867.45,DEPOSIT,2026-10-01 16:35:59
TXN202600008318,ACC101807,154.31,WITHDRAWAL,2026-04-06 03:59:47
TXN202600008319,ACC105285,4694.72,DEPOSIT,2026-07-11 12:07:36
TXN202600008320,ACC104564,1375.26,WITHDRAWAL,2026-06-13 15:14:44
TXN202600008321,ACC105379,1598.06,DEPOSIT,2026-11-13 18:35:55
TXN202600008322,ACC103478,2328.57,DEPOSIT,2026-12-18 17:34:54
TXN202600008323,ACC103850,1460.32,DEPOSIT,2026-02-22 17:05:26
TXN202600008324,ACC106755,1703.30,WITHDRAWAL,2026-06-28 13:34:45
TXN202600008325,ACC101606,3901.05,DEPOSIT,2026-10-19 01:01:58
TXN202600008326,ACC101514,3446.89,DEPOSIT,2026-02-15 03:50:54
TXN202600008327,ACC106750,439.55,WITHDRAWAL,2026-08-10 20:49:13
TXN202600008328,ACC106917,1241.08,DEPOSIT,2026-09-08 03:43:24
TXN202600008329,ACC106511,1493.41,DEPOSIT,2026-05-23 08:52:47
TXN202600008330,ACC102898,1340.14,DEPOSIT,2026-04-26 15:39:16
TXN202600008331,ACC105745,373.44,WITHDRAWAL,2026-10-20 19:27:00
TXN202600008332,ACC101425,979.92,REVERSAL,2026-10-16 13:55:37
TXN202600008333,ACC104645,870.31,REVERSAL,2026-07-25 04:34:02
TXN202600008334,ACC108184,3194.46,DEPOSIT,2026-12-11 15:15:45
TXN202600008335,ACC105888,2093.92,WITHDRAWAL,2026-01-04 18:41:26
TXN202600008336,ACC100435,1620.33,WITHDRAWAL,2026-08-04 17:40:19
TXN202600008337,ACC106098,1877.85,DEPOSIT,2026-04-23 03:29:25
TXN202600008338,ACC107352,3052.28,DEPOSIT,2026-06-18 14:29:54
TXN202600008339,ACC109697,1413.25,DEPOSIT,2026-08-20 02:22:01
TXN202600008340,ACC108823,819.61,WITHDRAWAL,2026-04-22 15:16:14
TXN202600008341,ACC106897,965.81,WITHDRAWAL,2026-10-03 13:44:38
TXN202600008342,ACC109776,4133.48,DEPOSIT,2026-06-08 09:56:14
TXN202600008343,ACC107125,3481.63,DEPOSIT,2026-07-28 19:35:13
TXN202600008344,ACC105885,3263.14,DEPOSIT,2026-07-03 01:31:14
TXN202600008345,ACC102304,1975.75,DEPOSIT,2026-01-20 06:33:49
TXN202600008346,ACC100623,1513.71,DEPOSIT,2026-11-26 07:42:35
TXN202600008347,ACC105620,454.81,WITHDRAWAL,2026-06-17 10:06:29
TXN202600008348,ACC101845,1491.13,WITHDRAWAL,2026-05-25 12:22:42
TXN202600008349,ACC108173,970.51,DEPOSIT,2026-11-22 10:05:39
TXN202600008350,ACC107127,643.95,WITHDRAWAL,2026-04-18 01:02:25
TXN202600008351,ACC107559,573.41,WITHDRAWAL,2026-10-17 11:50:52
TXN202600008352,ACC105906,4560.74,DEPOSIT,2026-06-20 05:35:09
TXN202600008353,ACC107450,1554.26,WITHDRAWAL,2026-04-28 23:01:09
TXN202600008354,ACC105053,1344.87,DEPOSIT,2026-10-26 10:48:05
TXN202600008355,ACC107174,1025.02,DEPOSIT,2026-06-11 00:00:41
TXN202600008356,ACC102344,1749.03,WITHDRAWAL,2026-01-10 13:59:12
TXN202600008357,ACC102667,3087.62,DEPOSIT,2026-02-15 06:45:17
TXN202600008358,ACC104917,1697.23,DEPOSIT,2026-11-22 15:06:35
TXN202600008359,ACC108976,510.24,REVERSAL,2026-11-09 23:45:08
TXN202600008360,ACC107408,3892.08,DEPOSIT,2026-03-20 20:03:21
TXN202600008361,ACC106596,1932.26,DEPOSIT,2026-02-22 02:13:32
TXN202600008362,ACC108297,2767.84,DEPOSIT,2026-08-02 16:42:24
TXN202600008363,ACC109905,1946.52,DEPOSIT,2026-08-18 08:54:19
TXN202600008364,ACC109376,1839.07,DEPOSIT,2026-07-05 01:04:17
TXN202600008365,ACC105037,4402.19,DEPOSIT,2026-09-17 07:54:30
TXN202600008366,ACC102848,571.73,DEPOSIT,2026-04-22 21:53:40
TXN202600008367,ACC102971,1838.19,DEPOSIT,2026-06-18 11:26:01
TXN202600008368,ACC101621,2460.37,DEPOSIT,2026-01-07 08:56:50
TXN202600008369,ACC102607,1674.82,WITHDRAWAL,2026-08-16 20:39:03
TXN202600008370,ACC104905,2220.56,DEPOSIT,2026-06-20 01:11:48
TXN202600008371,ACC102048,4284.85,DEPOSIT,2026-09-27 06:09:01
TXN202600008372,ACC108619,1738.50,WITHDRAWAL,2026-02-19 10:14:57
TXN202600008373,ACC100358,1568.66,WITHDRAWAL,2026-12-14 01:34:27
TXN202600008374,ACC100543,779.47,REVERSAL,2026-02-19 10:21:44
TXN202600008375,ACC107635,3429.29,DEPOSIT,2026-08-03 05:49:23
TXN202600008376,ACC106529,4783.52,DEPOSIT,2026-06-12 08:10:37
TXN202600008377,ACC107630,1178.80,DEPOSIT,2026-05-12 08:41:30
TXN202600008378,ACC107907,1823.01,DEPOSIT,2026-12-07 14:41:02
TXN202600008379,ACC100828,3041.38,DEPOSIT,2026-12-22 23:14:33
TXN202600008380,ACC108455,561.15,DEPOSIT,2026-09-08 08:35:21
TXN202600008381,ACC104376,3644.72,DEPOSIT,2026-10-10 07:07:37
TXN202600008382,ACC108279,1625.51,WITHDRAWAL,2026-03-01 23:58:21
TXN202600008383,ACC103426,1178.65,DEPOSIT,2026-09-03 23:22:03
TXN202600008384,ACC109777,2721.94,DEPOSIT,2026-04-16 06:11:02
TXN202600008385,ACC104484,1394.89,WITHDRAWAL,2026-03-02 12:23:19
TXN202600008386,ACC101887,4088.01,DEPOSIT,2026-03-21 15:50:06
TXN202600008387,ACC105712,1330.75,DEPOSIT,2026-07-20 08:51:19
TXN202600008388,ACC107331,2670.59,DEPOSIT,2026-09-21 11:35:54
TXN202600008389,ACC109143,1557.20,WITHDRAWAL,2026-06-13 00:17:36
TXN202600008390,ACC104289,2091.39,DEPOSIT,2026-07-08 13:50:54
TXN202600008391,ACC104051,3539.37,DEPOSIT,2026-10-03 08:22:38
TXN202600008392,ACC105109,2455.59,DEPOSIT,2026-06-22 09:33:30
TXN202600008393,ACC106868,4041.08,DEPOSIT,2026-06-23 12:17:41
TXN202600008394,ACC107107,893.99,DEPOSIT,2026-03-21 06:38:34
TXN202600008395,ACC107863,3046.58,DEPOSIT,2026-07-05 22:07:36
TXN202600008396,ACC102526,2623.72,DEPOSIT,2026-06-02 20:23:28
TXN202600008397,ACC109571,4551.04,DEPOSIT,2026-10-20 14:17:37
TXN202600008398,ACC109041,4103.58,DEPOSIT,2026-07-25 19:03:08
TXN202600008399,ACC103423,3725.76,DEPOSIT,2026-04-24 19:57:43
TXN202600008400,ACC102106,1720.59,WITHDRAWAL,2026-04-12 02:35:17
TXN202600008401,ACC106431,626.77,REVERSAL,2026-02-10 12:04:33
TXN202600008402,ACC103413,2862.62,DEPOSIT,2026-05-01 01:58:40
TXN202600008403,ACC104348,718.67,WITHDRAWAL,2026-10-18 19:09:40
TXN202600008404,ACC109477,3719.26,DEPOSIT,2026-09-13 03:42:31
TXN202600008405,ACC108769,3405.55,DEPOSIT,2026-04-03 16:43:33
TXN202600008406,ACC102590,3727.74,DEPOSIT,2026-06-28 19:03:12
TXN202600008407,ACC103778,2071.60,DEPOSIT,2026-10-26 04:40:32
TXN202600008408,ACC102351,2647.15,DEPOSIT,2026-10-02 02:39:12
TXN202600008409,ACC100264,4103.64,DEPOSIT,2026-04-02 02:41:36
TXN202600008410,ACC109084,3408.59,DEPOSIT,2026-02-16 02:09:22
TXN202600008411,ACC107368,640.76,REVERSAL,2026-11-07 22:59:32
TXN202600008412,ACC101736,1696.77,DEPOSIT,2026-07-12 02:03:21
TXN202600008413,ACC100322,2437.22,DEPOSIT,2026-01-07 08:08:39
TXN202600008414,ACC108176,2469.11,DEPOSIT,2026-02-15 22:58:30
TXN202600008415,ACC104999,2350.06,DEPOSIT,2026-09-08 18:08:00
TXN202600008416,ACC109155,2244.51,DEPOSIT,2026-08-09 01:16:43
TXN202600008417,ACC108546,4421.74,DEPOSIT,2026-09-13 17:11:50
TXN202600008418,ACC109630,924.12,WITHDRAWAL,2026-01-28 10:09:17
TXN202600008419,ACC107943,1460.32,DEPOSIT,2026-05-25 11:03:40
TXN202600008420,ACC104405,2248.21,DEPOSIT,2026-07-14 00:24:04
TXN202600008421,ACC108154,4825.12,DEPOSIT,2026-04-25 04:12:32
TXN202600008422,ACC107260,1881.46,DEPOSIT,2026-07-13 11:30:47
TXN202600008423,ACC102998,4150.77,DEPOSIT,2026-02-02 14:19:02
TXN202600008424,ACC101060,3545.06,DEPOSIT,2026-07-12 00:01:46
TXN202600008425,ACC104207,558.21,WITHDRAWAL,2026-04-14 14:17:07
TXN202600008426,ACC103410,3626.86,DEPOSIT,2026-03-27 16:17:37
TXN202600008427,ACC103555,2559.90,DEPOSIT,2026-10-16 05:17:52
TXN202600008428,ACC108362,4213.97,DEPOSIT,2026-07-01 14:36:31
TXN202600008429,ACC108553,369.08,REVERSAL,2026-02-08 17:12:38
TXN202600008430,ACC108201,964.37,WITHDRAWAL,2026-06-19 02:20:54
TXN202600008431,ACC106348,1034.98,DEPOSIT,2026-02-09 08:45:44
TXN202600008432,ACC100929,1096.97,WITHDRAWAL,2026-12-18 15:07:23
TXN202600008433,ACC102402,545.76,DEPOSIT,2026-03-23 21:48:16
TXN202600008434,ACC102910,624.63,WITHDRAWAL,2026-08-09 05:44:14
TXN202600008435,ACC106165,1628.54,WITHDRAWAL,2026-12-13 18:54:42
TXN202600008436,ACC103606,512.24,DEPOSIT,2026-06-08 20:37:53
TXN202600008437,ACC105876,1711.81,DEPOSIT,2026-03-23 18:55:03
TXN202600008438,ACC102046,3973.95,DEPOSIT,2026-10-09 06:37:50
TXN202600008439,ACC104323,1795.28,WITHDRAWAL,2026-08-05 18:12:15
TXN202600008440,ACC105351,4130.65,DEPOSIT,2026-11-17 06:18:18
TXN202600008441,ACC105357,1210.97,DEPOSIT,2026-02-26 19:56:22
TXN202600008442,ACC103081,1615.82,WITHDRAWAL,2026-11-12 11:44:56
TXN202600008443,ACC106666,653.23,DEPOSIT,2026-06-17 14:37:57
TXN202600008444,ACC107191,4975.47,DEPOSIT,2026-10-09 03:53:24
TXN202600008445,ACC100908,3384.03,DEPOSIT,2026-05-11 13:12:41
TXN202600008446,ACC102160,3637.28,DEPOSIT,2026-05-13 05:26:09
TXN202600008447,ACC104804,288.57,WITHDRAWAL,2026-10-22 17:10:28
TXN202600008448,ACC103415,618.79,REVERSAL,2026-01-23 15:56:15
TXN202600008449,ACC107746,4089.98,DEPOSIT,2026-05-19 13:55:13
TXN202600008450,ACC100793,968.68,WITHDRAWAL,2026-01-21 08:48:41
TXN202600008451,ACC100459,4022.18,DEPOSIT,2026-04-06 22:25:19
TXN202600008452,ACC101324,1892.82,DEPOSIT,2026-11-12 19:28:14
TXN202600008453,ACC106420,1073.55,DEPOSIT,2026-12-16 21:54:37
TXN202600008454,ACC100999,2292.10,DEPOSIT,2026-07-25 01:14:05
TXN202600008455,ACC108683,541.54,REVERSAL,2026-07-09 19:58:24
TXN202600008456,ACC102333,1609.01,WITHDRAWAL,2026-02-07 10:59:46
TXN202600008457,ACC109733,649.05,REVERSAL,2026-02-23 23:55:38
TXN202600008458,ACC103477,3393.32,DEPOSIT,2026-09-01 15:25:05
TXN202600008459,ACC108979,645.95,DEPOSIT,2026-01-04 06:20:55
TXN202600008460,ACC105396,4182.37,DEPOSIT,2026-09-05 14:35:38
TXN202600008461,ACC106830,3221.32,DEPOSIT,2026-04-23 23:14:46
TXN202600008462,ACC104698,1640.12,WITHDRAWAL,2026-04-04 18:30:30
TXN202600008463,ACC103970,1785.55,DEPOSIT,2026-05-27 10:23:15
TXN202600008464,ACC109993,193.38,REVERSAL,2026-06-13 14:30:49
TXN202600008465,ACC102200,1596.28,WITHDRAWAL,2026-03-14 05:48:28
TXN202600008466,ACC107171,2000.05,DEPOSIT,2026-03-24 22:31:57
TXN202600008467,ACC104060,3549.29,DEPOSIT,2026-11-16 11:00:58
TXN202600008468,ACC108268,874.23,WITHDRAWAL,2026-05-12 19:29:43
TXN202600008469,ACC103853,1126.98,WITHDRAWAL,2026-09-08 16:07:58
TXN202600008470,ACC107645,3435.14,DEPOSIT,2026-09-21 01:43:45
TXN202600008471,ACC104180,4995.10,DEPOSIT,2026-03-24 21:10:37
TXN202600008472,ACC104298,177.83,WITHDRAWAL,2026-11-05 21:39:48
TXN202600008473,ACC107468,4114.38,DEPOSIT,2026-03-01 12:50:05
TXN202600008474,ACC102105,800.53,DEPOSIT,2026-11-11 08:56:40
TXN202600008475,ACC100577,2115.50,DEPOSIT,2026-10-18 08:32:41
TXN202600008476,ACC105604,167.88,WITHDRAWAL,2026-11-16 02:29:06
TXN202600008477,ACC105124,604.94,REVERSAL,2026-01-05 21:16:25
TXN202600008478,ACC104025,1208.62,WITHDRAWAL,2026-11-13 05:18:46
TXN202600008479,ACC107099,3139.84,DEPOSIT,2026-07-24 23:30:47
TXN202600008480,ACC102509,366.30,WITHDRAWAL,2026-08-02 16:33:03
TXN202600008481,ACC101046,1195.47,DEPOSIT,2026-01-27 01:10:33
TXN202600008482,ACC109760,695.39,WITHDRAWAL,2026-02-26 20:51:47
TXN202600008483,ACC109868,363.21,WITHDRAWAL,2026-07-27 20:43:00
TXN202600008484,ACC106729,3533.20,DEPOSIT,2026-04-10 06:45:44
TXN202600008485,ACC105717,893.31,WITHDRAWAL,2026-11-12 17:03:58
TXN202600008486,ACC105139,588.54,WITHDRAWAL,2026-02-12 00:38:01
TXN202600008487,ACC105729,3874.22,DEPOSIT,2026-05-16 13:50:49
TXN202600008488,ACC107585,924.45,WITHDRAWAL,2026-06-04 22:39:34
TXN202600008489,ACC100454,3033.47,DEPOSIT,2026-09-23 23:25:17
TXN202600008490,ACC105675,4670.52,DEPOSIT,2026-04-09 02:29:48
TXN202600008491,ACC101192,2577.32,DEPOSIT,2026-06-07 09:44:28
TXN202600008492,ACC102108,1641.96,WITHDRAWAL,2026-04-22 05:56:04
TXN202600008493,ACC102450,4038.76,DEPOSIT,2026-09-24 09:55:52
TXN202600008494,ACC103778,929.87,REVERSAL,2026-02-04 18:17:27
TXN202600008495,ACC100162,2807.10,DEPOSIT,2026-04-21 03:09:05
TXN202600008496,ACC103572,388.97,WITHDRAWAL,2026-02-24 16:42:23
TXN202600008497,ACC101905,1497.34,WITHDRAWAL,2026-06-11 05:26:13
TXN202600008498,ACC109460,2209.76,DEPOSIT,2026-09-03 20:26:22
TXN202600008499,ACC101776,437.32,REVERSAL,2026-11-27 05:39:41
TXN202600008500,ACC101512,2568.34,DEPOSIT,2026-09-06 08:56:40
TXN202600008501,ACC104350,1021.69,REVERSAL,2026-06-23 18:25:30
TXN202600008502,ACC100877,522.27,WITHDRAWAL,2026-04-08 20:45:18
TXN202600008503,ACC107895,4215.41,DEPOSIT,2026-11-27 22:12:10
TXN202600008504,ACC103846,691.42,DEPOSIT,2026-12-14 23:26:01
TXN202600008505,ACC104839,1639.40,DEPOSIT,2026-06-13 05:32:49
TXN202600008506,ACC108894,1533.51,WITHDRAWAL,2026-03-05 18:28:05
TXN202600008507,ACC101005,1158.44,WITHDRAWAL,2026-07-15 04:53:04
TXN202600008508,ACC104735,4809.30,DEPOSIT,2026-09-11 01:36:40
TXN202600008509,ACC101116,1445.47,WITHDRAWAL,2026-11-01 08:26:49
TXN202600008510,ACC104010,649.53,DEPOSIT,2026-09-17 06:54:24
TXN202600008511,ACC109147,4117.80,DEPOSIT,2026-05-27 18:31:00
TXN202600008512,ACC102053,2257.87,DEPOSIT,2026-08-19 11:25:34
TXN202600008513,ACC101261,714.85,DEPOSIT,2026-02-25 04:44:46
TXN202600008514,ACC106819,2850.93,DEPOSIT,2026-06-26 12:26:55
TXN202600008515,ACC101146,669.25,WITHDRAWAL,2026-03-13 11:15:57
TXN202600008516,ACC104973,1991.89,DEPOSIT,2026-07-18 14:53:33
TXN202600008517,ACC104781,3678.06,DEPOSIT,2026-01-06 17:31:36
TXN202600008518,ACC101967,1137.13,WITHDRAWAL,2026-09-07 08:02:11
TXN202600008519,ACC106760,2803.97,DEPOSIT,2026-11-27 12:08:33
TXN202600008520,ACC104334,4004.69,DEPOSIT,2026-12-26 21:49:49
TXN202600008521,ACC102643,4368.22,DEPOSIT,2026-08-20 08:42:09
TXN202600008522,ACC101415,3142.65,DEPOSIT,2026-02-21 10:17:56
TXN202600008523,ACC107379,2083.49,WITHDRAWAL,2026-10-02 21:09:16
TXN202600008524,ACC100450,4704.39,DEPOSIT,2026-06-12 02:07:30
TXN202600008525,ACC109877,515.90,WITHDRAWAL,2026-08-19 07:11:46
TXN202600008526,ACC104899,1713.99,WITHDRAWAL,2026-08-28 03:39:26
TXN202600008527,ACC101770,1006.89,WITHDRAWAL,2026-09-04 08:25:57
TXN202600008528,ACC105330,870.40,WITHDRAWAL,2026-03-21 13:49:56
TXN202600008529,ACC109517,4730.32,DEPOSIT,2026-11-18 12:12:02
TXN202600008530,ACC103089,3322.94,DEPOSIT,2026-11-20 22:41:52
TXN202600008531,ACC102160,1296.95,WITHDRAWAL,2026-11-19 09:36:15
TXN202600008532,ACC102459,260.61,WITHDRAWAL,2026-02-28 20:57:29
TXN202600008533,ACC103830,3881.72,DEPOSIT,2026-01-21 00:19:46
TXN202600008534,ACC106221,3573.68,DEPOSIT,2026-07-26 16:04:24
TXN202600008535,ACC109578,454.98,WITHDRAWAL,2026-03-26 20:28:37
TXN202600008536,ACC107405,4990.25,DEPOSIT,2026-11-20 19:00:54
TXN202600008537,ACC101053,2507.65,DEPOSIT,2026-03-12 13:28:13
TXN202600008538,ACC107576,2977.01,DEPOSIT,2026-03-26 00:44:04
TXN202600008539,ACC100558,4194.67,DEPOSIT,2026-08-01 17:47:09
TXN202600008540,ACC108152,3984.41,DEPOSIT,2026-05-04 13:52:30
TXN202600008541,ACC106610,422.27,WITHDRAWAL,2026-08-07 16:24:37
TXN202600008542,ACC101235,4185.68,DEPOSIT,2026-03-24 07:47:32
TXN202600008543,ACC108820,1422.41,WITHDRAWAL,2026-12-01 19:45:52
TXN202600008544,ACC102031,535.09,WITHDRAWAL,2026-02-08 17:43:49
TXN202600008545,ACC103446,617.55,WITHDRAWAL,2026-07-25 07:49:43
TXN202600008546,ACC100402,595.83,DEPOSIT,2026-02-05 08:49:52
TXN202600008547,ACC105958,955.33,WITHDRAWAL,2026-03-02 19:08:48
TXN202600008548,ACC104567,3024.64,DEPOSIT,2026-07-11 06:35:17
TXN202600008549,ACC104701,2597.83,DEPOSIT,2026-06-15 12:10:47
TXN202600008550,ACC101179,4609.25,DEPOSIT,2026-03-05 08:54:26
TXN202600008551,ACC108737,2202.26,DEPOSIT,2026-01-07 17:34:08
TXN202600008552,ACC108230,1166.27,WITHDRAWAL,2026-11-09 06:02:40
TXN202600008553,ACC108955,4596.43,DEPOSIT,2026-09-08 00:42:45
TXN202600008554,ACC100518,1982.71,DEPOSIT,2026-11-28 07:45:33
TXN202600008555,ACC102722,364.81,WITHDRAWAL,2026-04-14 19:55:11
TXN202600008556,ACC108374,4151.11,DEPOSIT,2026-01-03 22:41:32
TXN202600008557,ACC103175,689.28,WITHDRAWAL,2026-02-28 00:38:33
TXN202600008558,ACC108796,802.27,WITHDRAWAL,2026-09-10 13:01:43
TXN202600008559,ACC108028,528.49,WITHDRAWAL,2026-06-02 12:37:09
TXN202600008560,ACC106945,1446.58,DEPOSIT,2026-02-24 12:10:05
TXN202600008561,ACC109740,3172.23,DEPOSIT,2026-06-11 19:17:03
TXN202600008562,ACC103578,4166.08,DEPOSIT,2026-05-25 05:16:40
TXN202600008563,ACC107294,4479.30,DEPOSIT,2026-11-23 06:13:23
TXN202600008564,ACC103444,553.66,DEPOSIT,2026-02-12 07:12:49
TXN202600008565,ACC100085,707.59,WITHDRAWAL,2026-07-13 01:52:07
TXN202600008566,ACC101357,1717.78,DEPOSIT,2026-09-23 13:38:08
TXN202600008567,ACC102815,3372.55,DEPOSIT,2026-04-21 16:53:43
TXN202600008568,ACC108078,472.17,WITHDRAWAL,2026-07-24 02:19:55
TXN202600008569,ACC102079,2645.85,DEPOSIT,2026-04-24 21:04:18
TXN202600008570,ACC102741,2086.20,DEPOSIT,2026-11-06 11:08:20
TXN202600008571,ACC104932,1273.95,WITHDRAWAL,2026-02-10 08:37:09
TXN202600008572,ACC105231,4434.17,DEPOSIT,2026-03-18 09:02:27
TXN202600008573,ACC102152,2729.31,DEPOSIT,2026-07-11 11:32:22
TXN202600008574,ACC107044,414.30,WITHDRAWAL,2026-04-14 17:23:53
TXN202600008575,ACC100406,4064.99,DEPOSIT,2026-07-19 17:16:27
TXN202600008576,ACC100059,2341.02,DEPOSIT,2026-06-15 01:15:11
TXN202600008577,ACC106083,4065.80,DEPOSIT,2026-10-15 02:02:01
TXN202600008578,ACC103885,3448.20,DEPOSIT,2026-09-23 01:12:03
TXN202600008579,ACC100942,1168.02,WITHDRAWAL,2026-12-20 06:02:49
TXN202600008580,ACC104023,1985.05,DEPOSIT,2026-05-17 20:27:10
TXN202600008581,ACC108995,2808.88,DEPOSIT,2026-05-02 19:17:18
TXN202600008582,ACC103655,801.14,WITHDRAWAL,2026-01-05 09:27:31
TXN202600008583,ACC109130,2325.05,DEPOSIT,2026-09-22 04:17:05
TXN202600008584,ACC102152,1935.05,DEPOSIT,2026-09-21 10:24:03
TXN202600008585,ACC109981,2433.62,DEPOSIT,2026-08-06 15:17:22
TXN202600008586,ACC104809,2259.17,DEPOSIT,2026-01-22 16:01:37
TXN202600008587,ACC107431,289.79,WITHDRAWAL,2026-06-10 11:54:48
TXN202600008588,ACC109752,1557.23,WITHDRAWAL,2026-09-04 17:33:17
TXN202600008589,ACC101993,1713.37,DEPOSIT,2026-07-23 05:24:16
TXN202600008590,ACC108989,190.75,REVERSAL,2026-02-20 15:56:21
TXN202600008591,ACC101814,1497.81,WITHDRAWAL,2026-11-24 13:55:22
TXN202600008592,ACC104130,2316.80,DEPOSIT,2026-03-07 14:25:13
TXN202600008593,ACC102383,2094.88,WITHDRAWAL,2026-09-18 17:40:10
TXN202600008594,ACC109967,2191.78,DEPOSIT,2026-06-20 17:08:22
TXN202600008595,ACC104121,974.21,WITHDRAWAL,2026-09-10 13:40:58
TXN202600008596,ACC105779,4117.22,DEPOSIT,2026-03-24 08:01:10
TXN202600008597,ACC103051,1103.78,WITHDRAWAL,2026-11-06 22:52:37
TXN202600008598,ACC105453,4917.58,DEPOSIT,2026-11-11 18:17:26
TXN202600008599,ACC108773,3576.29,DEPOSIT,2026-06-09 01:51:51
TXN202600008600,ACC102409,633.81,DEPOSIT,2026-05-20 19:33:27
TXN202600008601,ACC105163,3119.95,DEPOSIT,2026-03-27 12:22:07
TXN202600008602,ACC108486,785.36,WITHDRAWAL,2026-06-14 19:37:14
TXN202600008603,ACC102559,1936.50,DEPOSIT,2026-04-16 17:49:56
TXN202600008604,ACC100869,1514.81,DEPOSIT,2026-10-25 19:19:40
TXN202600008605,ACC107005,301.53,WITHDRAWAL,2026-01-09 18:12:48
TXN202600008606,ACC101149,512.01,DEPOSIT,2026-08-11 11:04:56
TXN202600008607,ACC106865,1138.92,WITHDRAWAL,2026-06-02 21:41:32
TXN202600008608,ACC104618,2064.15,WITHDRAWAL,2026-11-27 04:17:26
TXN202600008609,ACC102227,1449.16,WITHDRAWAL,2026-03-23 20:05:16
TXN202600008610,ACC102356,177.28,WITHDRAWAL,2026-12-08 07:47:40
TXN202600008611,ACC105156,1581.33,DEPOSIT,2026-02-14 17:37:01
TXN202600008612,ACC107533,1706.27,WITHDRAWAL,2026-09-17 17:33:05
TXN202600008613,ACC109073,1913.95,DEPOSIT,2026-10-07 21:34:58
TXN202600008614,ACC102627,2505.37,DEPOSIT,2026-07-21 11:07:57
TXN202600008615,ACC101380,1779.19,WITHDRAWAL,2026-01-22 20:42:37
TXN202600008616,ACC101764,2344.04,DEPOSIT,2026-11-10 01:25:33
TXN202600008617,ACC103195,4935.94,DEPOSIT,2026-03-25 07:03:28
TXN202600008618,ACC104496,3467.80,DEPOSIT,2026-10-03 22:02:18
TXN202600008619,ACC109953,2663.01,DEPOSIT,2026-05-06 12:47:32
TXN202600008620,ACC107785,3457.73,DEPOSIT,2026-11-13 10:38:18
TXN202600008621,ACC101033,270.64,REVERSAL,2026-02-21 05:29:41
TXN202600008622,ACC106086,914.92,WITHDRAWAL,2026-11-24 18:06:01
TXN202600008623,ACC102778,506.92,WITHDRAWAL,2026-05-07 12:46:15
TXN202600008624,ACC106262,1020.37,DEPOSIT,2026-05-23 10:50:05
TXN202600008625,ACC100853,1072.81,DEPOSIT,2026-06-03 07:39:32
TXN202600008626,ACC102577,4416.76,DEPOSIT,2026-03-11 09:11:49
TXN202600008627,ACC104514,1738.70,WITHDRAWAL,2026-07-10 14:51:27
TXN202600008628,ACC102776,4665.61,DEPOSIT,2026-01-22 08:16:41
TXN202600008629,ACC104905,1541.13,WITHDRAWAL,2026-10-18 22:55:59
TXN202600008630,ACC103085,1532.28,WITHDRAWAL,2026-05-19 16:55:01
TXN202600008631,ACC103340,893.51,DEPOSIT,2026-12-16 16:58:38
TXN202600008632,ACC106798,2220.97,DEPOSIT,2026-04-26 08:04:35
TXN202600008633,ACC101346,2194.20,DEPOSIT,2026-04-08 11:20:05
TXN202600008634,ACC108364,1019.15,REVERSAL,2026-04-28 23:53:22
TXN202600008635,ACC104352,2026.21,WITHDRAWAL,2026-07-10 11:34:49
TXN202600008636,ACC109064,1740.45,WITHDRAWAL,2026-07-09 11:58:01
TXN202600008637,ACC100561,4748.20,DEPOSIT,2026-02-22 04:11:54
TXN202600008638,ACC100446,2389.22,DEPOSIT,2026-05-07 07:40:41
TXN202600008639,ACC108277,831.75,DEPOSIT,2026-03-16 06:06:23
TXN202600008640,ACC104730,3997.30,DEPOSIT,2026-02-28 02:33:15
TXN202600008641,ACC101575,501.49,DEPOSIT,2026-04-06 14:28:07
TXN202600008642,ACC103944,3181.16,DEPOSIT,2026-07-21 02:27:22
TXN202600008643,ACC100183,2044.95,WITHDRAWAL,2026-08-12 23:26:08
TXN202600008644,ACC101689,954.67,DEPOSIT,2026-03-17 12:26:21
TXN202600008645,ACC104246,2397.37,DEPOSIT,2026-03-10 03:35:35
TXN202600008646,ACC102927,535.06,WITHDRAWAL,2026-08-24 05:36:17
TXN202600008647,ACC100192,1162.38,DEPOSIT,2026-09-01 10:36:59
TXN202600008648,ACC104682,3309.94,DEPOSIT,2026-12-16 03:44:10
TXN202600008649,ACC103620,4371.75,DEPOSIT,2026-12-03 06:25:55
TXN202600008650,ACC102636,183.70,WITHDRAWAL,2026-06-03 17:22:44
TXN202600008651,ACC102176,1489.15,DEPOSIT,2026-12-01 23:12:30
TXN202600008652,ACC106743,1780.31,DEPOSIT,2026-11-04 02:10:50
TXN202600008653,ACC108809,1024.18,DEPOSIT,2026-04-28 01:06:25
TXN202600008654,ACC102056,560.45,REVERSAL,2026-07-08 05:17:31
TXN202600008655,ACC104071,1674.07,DEPOSIT,2026-08-06 16:14:22
TXN202600008656,ACC102331,906.84,DEPOSIT,2026-04-13 17:42:05
TXN202600008657,ACC105085,642.96,WITHDRAWAL,2026-09-11 05:46:44
TXN202600008658,ACC107902,3484.79,DEPOSIT,2026-11-13 06:55:34
TXN202600008659,ACC100023,3490.25,DEPOSIT,2026-09-10 00:36:08
TXN202600008660,ACC103683,1180.93,DEPOSIT,2026-01-17 07:14:33
TXN202600008661,ACC105533,965.21,REVERSAL,2026-08-16 02:25:02
TXN202600008662,ACC108942,3212.91,DEPOSIT,2026-02-17 23:54:10
TXN202600008663,ACC107060,1259.83,WITHDRAWAL,2026-11-28 05:50:32
TXN202600008664,ACC109421,810.84,DEPOSIT,2026-09-17 14:22:47
TXN202600008665,ACC102533,436.72,REVERSAL,2026-05-15 10:25:48
TXN202600008666,ACC100837,1403.06,WITHDRAWAL,2026-11-18 08:38:56
TXN202600008667,ACC107877,2662.58,DEPOSIT,2026-03-24 22:20:24
TXN202600008668,ACC109994,841.87,WITHDRAWAL,2026-02-26 19:23:25
TXN202600008669,ACC101012,950.49,WITHDRAWAL,2026-05-08 02:41:01
TXN202600008670,ACC102391,1541.23,DEPOSIT,2026-09-03 02:49:03
TXN202600008671,ACC108627,227.77,WITHDRAWAL,2026-12-07 21:25:34
TXN202600008672,ACC107725,1902.79,DEPOSIT,2026-11-06 19:20:33
TXN202600008673,ACC100733,1542.01,DEPOSIT,2026-02-19 08:05:55
TXN202600008674,ACC102056,4396.32,DEPOSIT,2026-05-20 17:18:33
TXN202600008675,ACC102102,1948.14,DEPOSIT,2026-03-26 14:43:58
TXN202600008676,ACC107579,1891.11,DEPOSIT,2026-06-14 14:52:20
TXN202600008677,ACC106306,1293.53,DEPOSIT,2026-02-15 21:51:56
TXN202600008678,ACC104796,151.59,REVERSAL,2026-09-18 16:29:43
TXN202600008679,ACC100573,1843.30,DEPOSIT,2026-10-25 22:59:16
TXN202600008680,ACC100554,2711.66,DEPOSIT,2026-10-28 23:25:20
TXN202600008681,ACC100008,419.21,WITHDRAWAL,2026-03-28 12:29:25
TXN202600008682,ACC108748,866.24,DEPOSIT,2026-06-14 16:15:52
TXN202600008683,ACC100004,3917.78,DEPOSIT,2026-04-18 12:55:03
TXN202600008684,ACC101796,769.60,WITHDRAWAL,2026-04-12 01:56:46
TXN202600008685,ACC109880,4206.85,DEPOSIT,2026-09-10 09:21:47
TXN202600008686,ACC106353,2574.14,DEPOSIT,2026-03-03 09:04:26
TXN202600008687,ACC101757,835.93,REVERSAL,2026-03-17 18:31:39
TXN202600008688,ACC104291,1147.86,DEPOSIT,2026-10-20 11:55:16
TXN202600008689,ACC109977,2005.39,WITHDRAWAL,2026-07-25 03:03:56
TXN202600008690,ACC104552,4354.73,DEPOSIT,2026-03-26 15:42:08
TXN202600008691,ACC101065,3551.39,DEPOSIT,2026-04-26 20:10:58
TXN202600008692,ACC109476,484.86,WITHDRAWAL,2026-11-13 20:33:08
TXN202600008693,ACC100681,3654.04,DEPOSIT,2026-12-09 01:47:49
TXN202600008694,ACC103438,3139.99,DEPOSIT,2026-02-27 22:53:52
TXN202600008695,ACC105982,3894.26,DEPOSIT,2026-03-24 00:44:00
TXN202600008696,ACC108470,3541.18,DEPOSIT,2026-04-25 16:22:58
TXN202600008697,ACC103123,2921.11,DEPOSIT,2026-03-12 00:37:19
TXN202600008698,ACC103763,1148.22,WITHDRAWAL,2026-01-03 22:46:18
TXN202600008699,ACC100688,763.68,REVERSAL,2026-07-26 12:48:31
TXN202600008700,ACC106234,356.85,REVERSAL,2026-06-13 01:22:49
TXN202600008701,ACC106695,2836.21,DEPOSIT,2026-07-17 03:42:49
TXN202600008702,ACC108345,1936.11,WITHDRAWAL,2026-09-09 15:58:11
TXN202600008703,ACC105257,1384.78,DEPOSIT,2026-10-14 02:08:11
TXN202600008704,ACC109794,4469.70,DEPOSIT,2026-09-21 06:12:02
TXN202600008705,ACC106166,3852.17,DEPOSIT,2026-12-05 09:06:55
TXN202600008706,ACC104883,217.36,WITHDRAWAL,2026-11-23 04:38:15
TXN202600008707,ACC103427,1441.67,WITHDRAWAL,2026-06-04 23:34:42
TXN202600008708,ACC108387,3813.80,DEPOSIT,2026-06-21 22:09:35
TXN202600008709,ACC105013,3480.30,DEPOSIT,2026-03-14 19:14:06
TXN202600008710,ACC100488,1922.59,WITHDRAWAL,2026-06-16 12:02:26
TXN202600008711,ACC105899,1846.54,DEPOSIT,2026-04-05 15:54:56
TXN202600008712,ACC102053,3490.84,DEPOSIT,2026-09-20 21:08:45
TXN202600008713,ACC100040,447.95,WITHDRAWAL,2026-05-22 18:09:25
TXN202600008714,ACC109695,1753.10,WITHDRAWAL,2026-10-05 04:16:38
TXN202600008715,ACC104845,2761.40,DEPOSIT,2026-05-22 10:07:31
TXN202600008716,ACC102447,382.32,WITHDRAWAL,2026-12-01 22:32:06
TXN202600008717,ACC106246,473.33,REVERSAL,2026-08-18 04:16:32
TXN202600008718,ACC107427,492.90,WITHDRAWAL,2026-10-17 06:47:42
TXN202600008719,ACC109724,1263.25,DEPOSIT,2026-03-28 10:05:20
TXN202600008720,ACC105645,4511.11,DEPOSIT,2026-09-23 15:27:31
TXN202600008721,ACC102024,954.68,DEPOSIT,2026-04-04 08:35:21
TXN202600008722,ACC103614,2613.52,DEPOSIT,2026-11-02 21:38:25
TXN202600008723,ACC105257,4498.95,DEPOSIT,2026-04-22 10:45:24
TXN202600008724,ACC104028,3121.02,DEPOSIT,2026-07-02 08:59:38
TXN202600008725,ACC104779,2441.86,DEPOSIT,2026-07-27 05:15:17
TXN202600008726,ACC104783,1693.16,DEPOSIT,2026-11-16 14:04:32
TXN202600008727,ACC103288,548.42,WITHDRAWAL,2026-11-24 16:26:23
TXN202600008728,ACC104954,3155.69,DEPOSIT,2026-09-10 04:52:49
TXN202600008729,ACC100667,739.00,REVERSAL,2026-09-12 14:56:07
TXN202600008730,ACC107077,2430.51,DEPOSIT,2026-10-11 16:03:35
TXN202600008731,ACC108208,298.05,REVERSAL,2026-08-04 19:44:44
TXN202600008732,ACC107192,3740.64,DEPOSIT,2026-08-28 21:55:09
TXN202600008733,ACC102936,1251.33,DEPOSIT,2026-08-12 16:34:17
TXN202600008734,ACC106067,3955.61,DEPOSIT,2026-04-15 12:35:36
TXN202600008735,ACC104649,1607.52,DEPOSIT,2026-08-01 05:49:42
TXN202600008736,ACC105577,1933.02,WITHDRAWAL,2026-01-10 03:43:43
TXN202600008737,ACC105347,3333.68,DEPOSIT,2026-04-18 18:22:00
TXN202600008738,ACC103115,4373.03,DEPOSIT,2026-12-17 05:22:58
TXN202600008739,ACC100541,238.69,WITHDRAWAL,2026-02-22 17:01:12
TXN202600008740,ACC103314,948.31,WITHDRAWAL,2026-01-05 14:15:17
TXN202600008741,ACC102607,4597.51,DEPOSIT,2026-11-19 04:32:12
TXN202600008742,ACC102613,1700.25,WITHDRAWAL,2026-02-08 16:51:15
TXN202600008743,ACC107834,4877.64,DEPOSIT,2026-11-13 14:20:06
TXN202600008744,ACC103129,3144.53,DEPOSIT,2026-06-02 14:37:33
TXN202600008745,ACC106562,4950.24,DEPOSIT,2026-10-18 00:31:33
TXN202600008746,ACC107831,1997.87,WITHDRAWAL,2026-05-26 21:53:45
TXN202600008747,ACC109660,2730.79,DEPOSIT,2026-06-18 10:04:49
TXN202600008748,ACC103368,2599.22,DEPOSIT,2026-12-27 10:42:17
TXN202600008749,ACC106947,1521.90,DEPOSIT,2026-06-20 19:06:23
TXN202600008750,ACC101612,4124.51,DEPOSIT,2026-01-14 03:18:13
TXN202600008751,ACC103748,2183.87,DEPOSIT,2026-12-03 15:00:31
TXN202600008752,ACC103913,3759.29,DEPOSIT,2026-01-08 22:45:41
TXN202600008753,ACC102283,1053.82,WITHDRAWAL,2026-08-02 12:31:22
TXN202600008754,ACC108176,4414.12,DEPOSIT,2026-06-06 16:22:26
TXN202600008755,ACC108421,1169.35,DEPOSIT,2026-05-07 09:42:52
TXN202600008756,ACC105369,1720.58,WITHDRAWAL,2026-04-09 11:34:20
TXN202600008757,ACC107269,2879.95,DEPOSIT,2026-09-07 04:43:46
TXN202600008758,ACC102767,2051.32,WITHDRAWAL,2026-03-08 06:39:54
TXN202600008759,ACC103860,162.02,WITHDRAWAL,2026-12-24 05:34:45
TXN202600008760,ACC104647,1809.18,DEPOSIT,2026-11-08 02:37:27
TXN202600008761,ACC102975,1026.62,DEPOSIT,2026-09-21 04:42:20
TXN202600008762,ACC100987,1009.32,REVERSAL,2026-11-14 15:16:29
TXN202600008763,ACC103349,2052.70,WITHDRAWAL,2026-02-23 19:14:48
TXN202600008764,ACC105268,1905.13,DEPOSIT,2026-08-13 08:10:28
TXN202600008765,ACC107113,4630.22,DEPOSIT,2026-07-01 09:26:50
TXN202600008766,ACC109476,651.60,WITHDRAWAL,2026-07-27 01:20:20
TXN202600008767,ACC100994,1732.20,DEPOSIT,2026-03-16 21:55:41
TXN202600008768,ACC107842,3096.63,DEPOSIT,2026-06-15 19:52:27
TXN202600008769,ACC107059,1571.25,WITHDRAWAL,2026-07-05 18:21:26
TXN202600008770,ACC100319,2706.26,DEPOSIT,2026-01-22 10:46:58
TXN202600008771,ACC102869,2121.67,DEPOSIT,2026-11-21 21:54:42
TXN202600008772,ACC106998,4571.87,DEPOSIT,2026-12-18 19:16:23
TXN202600008773,ACC103009,2090.41,DEPOSIT,2026-10-15 08:17:27
TXN202600008774,ACC104322,2630.86,DEPOSIT,2026-02-27 13:56:10
TXN202600008775,ACC109866,4967.12,DEPOSIT,2026-02-05 10:38:55
TXN202600008776,ACC100888,919.04,WITHDRAWAL,2026-05-17 02:52:02
TXN202600008777,ACC103671,2053.32,DEPOSIT,2026-10-25 21:05:50
TXN202600008778,ACC106403,211.45,REVERSAL,2026-12-03 02:58:34
TXN202600008779,ACC105919,2158.13,DEPOSIT,2026-08-15 11:50:46
TXN202600008780,ACC106959,3086.76,DEPOSIT,2026-07-10 04:39:12
TXN202600008781,ACC105743,1088.82,WITHDRAWAL,2026-07-08 06:59:30
TXN202600008782,ACC109166,4107.01,DEPOSIT,2026-08-10 01:14:25
TXN202600008783,ACC105398,377.76,REVERSAL,2026-09-06 02:01:36
TXN202600008784,ACC101991,177.32,WITHDRAWAL,2026-08-22 00:24:43
TXN202600008785,ACC106592,787.64,WITHDRAWAL,2026-02-02 01:17:12
TXN202600008786,ACC101054,2538.54,DEPOSIT,2026-09-24 23:06:10
TXN202600008787,ACC102991,1871.71,WITHDRAWAL,2026-10-11 10:59:26
TXN202600008788,ACC101389,3668.72,DEPOSIT,2026-02-28 20:32:02
TXN202600008789,ACC105366,4152.86,DEPOSIT,2026-01-22 22:54:51
TXN202600008790,ACC107120,364.41,WITHDRAWAL,2026-10-11 16:47:49
TXN202600008791,ACC105024,701.67,WITHDRAWAL,2026-01-01 00:47:41
TXN202600008792,ACC107183,4497.72,DEPOSIT,2026-10-07 03:35:37
TXN202600008793,ACC101534,1607.32,WITHDRAWAL,2026-04-17 09:32:33
TXN202600008794,ACC108597,1185.41,DEPOSIT,2026-08-28 10:49:53
TXN202600008795,ACC108111,3478.02,DEPOSIT,2026-08-01 21:48:30
TXN202600008796,ACC108462,3155.65,DEPOSIT,2026-09-11 10:08:54
TXN202600008797,ACC102729,1741.03,WITHDRAWAL,2026-05-04 05:32:36
TXN202600008798,ACC100142,1685.52,WITHDRAWAL,2026-09-19 00:10:40
TXN202600008799,ACC101092,941.73,DEPOSIT,2026-10-08 10:58:09
TXN202600008800,ACC101597,3257.02,DEPOSIT,2026-09-26 14:31:27
TXN202600008801,ACC108838,2041.42,WITHDRAWAL,2026-08-02 19:31:44
TXN202600008802,ACC109775,107.44,WITHDRAWAL,2026-02-22 19:18:17
TXN202600008803,ACC106729,1212.28,WITHDRAWAL,2026-12-19 03:24:50
TXN202600008804,ACC101617,1449.06,DEPOSIT,2026-10-04 16:39:21
TXN202600008805,ACC100857,2878.12,DEPOSIT,2026-08-04 09:45:03
TXN202600008806,ACC100415,2303.51,DEPOSIT,2026-09-02 10:10:26
TXN202600008807,ACC109051,1240.50,DEPOSIT,2026-05-26 12:17:02
TXN202600008808,ACC103904,1171.64,DEPOSIT,2026-02-08 09:29:05
TXN202600008809,ACC100184,3870.28,DEPOSIT,2026-12-25 18:18:40
TXN202600008810,ACC109524,3139.20,DEPOSIT,2026-07-14 11:55:21
TXN202600008811,ACC101480,1142.31,WITHDRAWAL,2026-07-19 14:05:50
TXN202600008812,ACC109524,2987.00,DEPOSIT,2026-06-10 05:45:55
TXN202600008813,ACC107130,2519.76,DEPOSIT,2026-06-22 04:03:38
TXN202600008814,ACC101336,2066.31,DEPOSIT,2026-10-18 08:21:06
TXN202600008815,ACC105216,138.00,WITHDRAWAL,2026-03-01 02:54:48
TXN202600008816,ACC107847,3704.53,DEPOSIT,2026-12-10 20:54:05
TXN202600008817,ACC102248,2260.78,DEPOSIT,2026-02-21 04:59:19
TXN202600008818,ACC107896,1249.25,WITHDRAWAL,2026-04-26 03:50:27
TXN202600008819,ACC101654,306.90,WITHDRAWAL,2026-11-08 12:18:39
TXN202600008820,ACC106567,230.66,WITHDRAWAL,2026-07-05 04:36:40
TXN202600008821,ACC104094,3987.64,DEPOSIT,2026-03-23 04:16:57
TXN202600008822,ACC109601,4155.54,DEPOSIT,2026-02-21 09:30:58
TXN202600008823,ACC106462,1183.64,DEPOSIT,2026-07-21 09:45:48
TXN202600008824,ACC109825,1928.40,WITHDRAWAL,2026-04-04 07:44:55
TXN202600008825,ACC109497,839.91,WITHDRAWAL,2026-01-18 06:36:11
TXN202600008826,ACC105923,1546.54,DEPOSIT,2026-01-22 18:58:59
TXN202600008827,ACC106782,2756.99,DEPOSIT,2026-11-28 01:36:07
TXN202600008828,ACC102950,781.83,DEPOSIT,2026-12-17 11:07:53
TXN202600008829,ACC101703,1229.97,WITHDRAWAL,2026-05-13 21:42:38
TXN202600008830,ACC106160,950.87,WITHDRAWAL,2026-07-26 23:15:23
TXN202600008831,ACC101103,564.17,DEPOSIT,2026-06-19 22:02:25
TXN202600008832,ACC108298,2577.44,DEPOSIT,2026-10-02 20:44:06
TXN202600008833,ACC102748,4321.19,DEPOSIT,2026-12-01 02:44:51
TXN202600008834,ACC109388,1801.24,WITHDRAWAL,2026-10-21 18:22:29
TXN202600008835,ACC101738,2588.33,DEPOSIT,2026-10-22 10:07:32
TXN202600008836,ACC107186,1100.25,DEPOSIT,2026-01-15 11:28:06
TXN202600008837,ACC107001,165.37,WITHDRAWAL,2026-08-20 13:57:47
TXN202600008838,ACC106652,2053.90,WITHDRAWAL,2026-12-20 08:59:16
TXN202600008839,ACC104077,4813.32,DEPOSIT,2026-02-02 04:14:13
TXN202600008840,ACC107683,1000.21,DEPOSIT,2026-04-01 18:37:13
TXN202600008841,ACC109428,1764.89,WITHDRAWAL,2026-08-12 15:10:06
TXN202600008842,ACC109400,1058.47,DEPOSIT,2026-09-25 10:44:25
TXN202600008843,ACC107478,1227.32,WITHDRAWAL,2026-06-28 11:29:40
TXN202600008844,ACC106600,1860.38,WITHDRAWAL,2026-04-16 13:46:33
TXN202600008845,ACC102196,1825.86,DEPOSIT,2026-08-26 14:34:06
TXN202600008846,ACC105514,1664.65,WITHDRAWAL,2026-04-16 15:12:22
TXN202600008847,ACC108452,1813.60,DEPOSIT,2026-01-01 16:33:59
TXN202600008848,ACC104058,4242.15,DEPOSIT,2026-01-18 10:14:15
TXN202600008849,ACC101812,1915.28,WITHDRAWAL,2026-10-25 08:12:58
TXN202600008850,ACC105790,830.00,REVERSAL,2026-06-26 03:26:26
TXN202600008851,ACC108522,1363.80,WITHDRAWAL,2026-02-13 16:17:03
TXN202600008852,ACC100439,2983.68,DEPOSIT,2026-01-10 18:38:25
TXN202600008853,ACC103581,1259.74,DEPOSIT,2026-09-05 06:57:00
TXN202600008854,ACC108642,3173.50,DEPOSIT,2026-04-14 20:41:53
TXN202600008855,ACC109261,951.82,REVERSAL,2026-10-13 16:48:41
TXN202600008856,ACC109325,2126.88,DEPOSIT,2026-10-17 22:38:08
TXN202600008857,ACC102334,1723.65,WITHDRAWAL,2026-05-22 18:00:05
TXN202600008858,ACC100934,3223.09,DEPOSIT,2026-05-02 23:28:58
TXN202600008859,ACC105714,2256.54,DEPOSIT,2026-06-07 15:41:22
TXN202600008860,ACC106573,873.26,WITHDRAWAL,2026-04-01 18:49:47
TXN202600008861,ACC105813,4432.92,DEPOSIT,2026-04-13 17:11:32
TXN202600008862,ACC106410,1334.64,DEPOSIT,2026-09-20 22:45:59
TXN202600008863,ACC102323,3936.51,DEPOSIT,2026-03-03 23:27:23
TXN202600008864,ACC100026,1307.98,WITHDRAWAL,2026-12-18 20:15:42
TXN202600008865,ACC109237,678.32,WITHDRAWAL,2026-07-27 10:01:15
TXN202600008866,ACC109396,1459.42,WITHDRAWAL,2026-06-11 20:43:34
TXN202600008867,ACC106489,3032.40,DEPOSIT,2026-01-17 19:55:49
TXN202600008868,ACC103721,1561.85,WITHDRAWAL,2026-06-15 05:35:15
TXN202600008869,ACC105839,1553.13,WITHDRAWAL,2026-11-14 12:11:40
TXN202600008870,ACC108089,4931.53,DEPOSIT,2026-03-01 15:33:55
TXN202600008871,ACC101537,1811.14,DEPOSIT,2026-07-27 09:55:49
TXN202600008872,ACC104800,1199.53,WITHDRAWAL,2026-04-08 22:11:48
TXN202600008873,ACC102651,4838.62,DEPOSIT,2026-04-25 19:05:57
TXN202600008874,ACC109072,815.69,DEPOSIT,2026-07-11 05:09:03
TXN202600008875,ACC103561,517.28,DEPOSIT,2026-01-21 01:43:41
TXN202600008876,ACC109193,1636.80,DEPOSIT,2026-11-10 04:28:55
TXN202600008877,ACC101870,1325.46,DEPOSIT,2026-12-20 03:08:35
TXN202600008878,ACC108596,2255.70,DEPOSIT,2026-02-10 07:56:26
TXN202600008879,ACC102769,4732.41,DEPOSIT,2026-12-24 04:21:36
TXN202600008880,ACC106622,3518.64,DEPOSIT,2026-12-07 12:21:16
TXN202600008881,ACC108898,505.82,WITHDRAWAL,2026-12-03 11:20:18
TXN202600008882,ACC102785,2070.28,WITHDRAWAL,2026-08-18 01:03:30
TXN202600008883,ACC101899,3332.71,DEPOSIT,2026-12-14 14:06:10
TXN202600008884,ACC103325,912.75,REVERSAL,2026-08-13 07:55:09
TXN202600008885,ACC106323,4224.04,DEPOSIT,2026-05-18 03:53:51
TXN202600008886,ACC105971,3393.23,DEPOSIT,2026-03-19 23:13:21
TXN202600008887,ACC102109,1510.85,DEPOSIT,2026-05-02 12:04:53
TXN202600008888,ACC106579,4887.69,DEPOSIT,2026-07-12 23:19:57
TXN202600008889,ACC105886,1334.29,DEPOSIT,2026-04-08 22:35:20
TXN202600008890,ACC107148,4319.22,DEPOSIT,2026-08-26 16:45:10
TXN202600008891,ACC103884,1327.06,DEPOSIT,2026-03-18 22:15:48
TXN202600008892,ACC109585,4160.68,DEPOSIT,2026-06-18 15:40:16
TXN202600008893,ACC105266,1150.95,DEPOSIT,2026-10-06 08:07:32
TXN202600008894,ACC100317,488.98,REVERSAL,2026-03-26 22:06:16
TXN202600008895,ACC102464,3893.48,DEPOSIT,2026-01-18 05:06:00
TXN202600008896,ACC109979,264.03,REVERSAL,2026-04-20 07:44:32
TXN202600008897,ACC109201,1421.59,WITHDRAWAL,2026-04-18 09:56:03
TXN202600008898,ACC104649,2275.02,DEPOSIT,2026-10-28 04:19:25
TXN202600008899,ACC100421,1075.55,DEPOSIT,2026-04-03 05:41:13
TXN202600008900,ACC108774,276.85,WITHDRAWAL,2026-12-13 21:52:56
TXN202600008901,ACC103453,1346.98,DEPOSIT,2026-08-18 23:25:50
TXN202600008902,ACC102918,713.24,WITHDRAWAL,2026-05-25 14:19:56
TXN202600008903,ACC104053,3014.59,DEPOSIT,2026-04-07 12:26:49
TXN202600008904,ACC103127,3132.04,DEPOSIT,2026-01-27 12:31:51
TXN202600008905,ACC104285,318.31,WITHDRAWAL,2026-05-04 23:20:00
TXN202600008906,ACC109581,834.48,REVERSAL,2026-05-25 12:59:47
TXN202600008907,ACC102017,1336.96,DEPOSIT,2026-06-14 01:13:20
TXN202600008908,ACC109049,3431.72,DEPOSIT,2026-04-26 09:53:40
TXN202600008909,ACC106487,2663.63,DEPOSIT,2026-11-17 12:54:21
TXN202600008910,ACC103143,960.54,WITHDRAWAL,2026-11-15 23:08:57
TXN202600008911,ACC109447,4116.60,DEPOSIT,2026-12-16 06:54:53
TXN202600008912,ACC102677,4630.44,DEPOSIT,2026-05-26 08:21:12
TXN202600008913,ACC106516,1767.51,DEPOSIT,2026-04-20 22:07:07
TXN202600008914,ACC101967,3458.27,DEPOSIT,2026-05-21 18:31:52
TXN202600008915,ACC109034,2000.17,DEPOSIT,2026-04-19 05:12:35
TXN202600008916,ACC104857,4419.52,DEPOSIT,2026-06-01 11:45:02
TXN202600008917,ACC103601,3870.74,DEPOSIT,2026-04-17 04:20:15
TXN202600008918,ACC100373,718.52,DEPOSIT,2026-09-18 18:53:11
TXN202600008919,ACC103118,1886.91,DEPOSIT,2026-01-19 06:17:32
TXN202600008920,ACC103955,1681.92,WITHDRAWAL,2026-09-12 18:06:41
TXN202600008921,ACC108842,784.74,WITHDRAWAL,2026-09-20 10:33:40
TXN202600008922,ACC104503,1417.67,WITHDRAWAL,2026-04-04 06:15:33
TXN202600008923,ACC107066,1678.87,DEPOSIT,2026-07-05 23:58:25
TXN202600008924,ACC109972,4483.51,DEPOSIT,2026-09-09 20:54:30
TXN202600008925,ACC108319,2030.67,DEPOSIT,2026-06-18 19:02:20
TXN202600008926,ACC101223,711.78,WITHDRAWAL,2026-04-26 23:44:36
TXN202600008927,ACC101495,1158.33,WITHDRAWAL,2026-07-10 09:45:23
TXN202600008928,ACC104831,1626.01,WITHDRAWAL,2026-10-28 04:19:31
TXN202600008929,ACC109664,877.27,DEPOSIT,2026-12-24 23:07:28
TXN202600008930,ACC101305,1017.45,WITHDRAWAL,2026-01-09 08:04:38
TXN202600008931,ACC107678,3237.55,DEPOSIT,2026-12-27 02:23:12
TXN202600008932,ACC104121,1966.42,DEPOSIT,2026-04-23 20:48:44
TXN202600008933,ACC100418,2378.55,DEPOSIT,2026-04-16 22:42:04
TXN202600008934,ACC109924,4488.41,DEPOSIT,2026-11-08 22:24:43
TXN202600008935,ACC103787,1935.27,WITHDRAWAL,2026-10-28 05:10:03
TXN202600008936,ACC105913,833.37,WITHDRAWAL,2026-12-19 05:04:09
TXN202600008937,ACC104474,1979.18,WITHDRAWAL,2026-06-01 02:41:32
TXN202600008938,ACC104526,540.76,DEPOSIT,2026-02-05 01:01:28
TXN202600008939,ACC103886,2656.98,DEPOSIT,2026-11-11 03:25:23
TXN202600008940,ACC100359,3496.63,DEPOSIT,2026-06-11 12:16:57
TXN202600008941,ACC101678,665.74,WITHDRAWAL,2026-09-20 01:30:07
TXN202600008942,ACC104321,917.37,WITHDRAWAL,2026-04-19 09:12:17
TXN202600008943,ACC109270,1719.36,WITHDRAWAL,2026-08-04 05:20:03
TXN202600008944,ACC102894,405.56,WITHDRAWAL,2026-07-14 07:31:56
TXN202600008945,ACC107385,3946.39,DEPOSIT,2026-07-27 16:45:32
TXN202600008946,ACC107274,592.19,WITHDRAWAL,2026-06-27 01:16:51
TXN202600008947,ACC108005,221.10,WITHDRAWAL,2026-08-24 14:11:31
TXN202600008948,ACC108827,3911.69,DEPOSIT,2026-04-26 05:33:02
TXN202600008949,ACC108213,2406.35,DEPOSIT,2026-01-19 17:38:40
TXN202600008950,ACC103430,2353.68,DEPOSIT,2026-11-09 06:09:15
TXN202600008951,ACC103248,622.75,WITHDRAWAL,2026-01-24 13:07:13
TXN202600008952,ACC108125,4671.96,DEPOSIT,2026-09-01 09:11:30
TXN202600008953,ACC103425,3269.08,DEPOSIT,2026-05-03 21:34:32
TXN202600008954,ACC104773,281.95,WITHDRAWAL,2026-07-22 17:32:57
TXN202600008955,ACC103054,2042.89,DEPOSIT,2026-05-12 17:10:37
TXN202600008956,ACC106021,861.75,WITHDRAWAL,2026-03-08 22:30:26
TXN202600008957,ACC107210,1090.45,DEPOSIT,2026-01-19 02:28:36
TXN202600008958,ACC106089,767.27,DEPOSIT,2026-04-09 16:58:49
TXN202600008959,ACC107446,2696.25,DEPOSIT,2026-01-02 19:46:17
TXN202600008960,ACC108933,3296.97,DEPOSIT,2026-09-12 12:21:33
TXN202600008961,ACC109555,1075.63,REVERSAL,2026-10-20 05:17:49
TXN202600008962,ACC109174,2536.25,DEPOSIT,2026-04-20 17:32:16
TXN202600008963,ACC104452,604.02,WITHDRAWAL,2026-12-14 15:59:45
TXN202600008964,ACC103362,4357.07,DEPOSIT,2026-02-23 17:41:44
TXN202600008965,ACC101758,4054.58,DEPOSIT,2026-10-28 00:14:18
TXN202600008966,ACC107793,1982.29,WITHDRAWAL,2026-09-02 15:54:31
TXN202600008967,ACC101442,1736.10,WITHDRAWAL,2026-05-05 11:39:27
TXN202600008968,ACC100068,2707.85,DEPOSIT,2026-12-17 09:29:47
TXN202600008969,ACC108866,1377.06,DEPOSIT,2026-09-24 14:02:00
TXN202600008970,ACC106354,1562.79,DEPOSIT,2026-07-24 10:14:27
TXN202600008971,ACC106800,1532.95,WITHDRAWAL,2026-12-04 06:42:27
TXN202600008972,ACC106850,787.53,DEPOSIT,2026-06-01 22:05:14
TXN202600008973,ACC107061,465.78,WITHDRAWAL,2026-01-04 09:42:58
TXN202600008974,ACC107892,3214.09,DEPOSIT,2026-08-10 10:28:15
TXN202600008975,ACC109198,742.09,WITHDRAWAL,2026-09-28 01:51:52
TXN202600008976,ACC107497,3087.27,DEPOSIT,2026-07-18 00:36:28
TXN202600008977,ACC102337,804.63,DEPOSIT,2026-05-19 02:46:21
TXN202600008978,ACC103985,3259.62,DEPOSIT,2026-07-28 20:49:37
TXN202600008979,ACC107006,2564.87,DEPOSIT,2026-01-25 17:43:41
TXN202600008980,ACC108003,2289.49,DEPOSIT,2026-01-20 14:28:53
TXN202600008981,ACC101777,2359.63,DEPOSIT,2026-09-14 01:28:53
TXN202600008982,ACC104168,3569.58,DEPOSIT,2026-08-27 03:05:48
TXN202600008983,ACC103604,1142.44,WITHDRAWAL,2026-02-13 10:51:01
TXN202600008984,ACC101921,3303.10,DEPOSIT,2026-02-23 10:54:21
TXN202600008985,ACC107938,4114.44,DEPOSIT,2026-11-23 00:30:49
TXN202600008986,ACC105208,741.92,DEPOSIT,2026-05-23 08:18:50
TXN202600008987,ACC100359,2956.30,DEPOSIT,2026-11-07 13:52:07
TXN202600008988,ACC109812,2807.30,DEPOSIT,2026-06-04 00:52:47
TXN202600008989,ACC107716,1795.02,DEPOSIT,2026-03-23 20:09:42
TXN202600008990,ACC101636,1650.73,WITHDRAWAL,2026-08-08 18:28:39
TXN202600008991,ACC103135,4348.92,DEPOSIT,2026-09-22 03:04:14
TXN202600008992,ACC101197,4605.17,DEPOSIT,2026-02-01 07:09:23
TXN202600008993,ACC101672,1797.87,WITHDRAWAL,2026-04-01 11:34:36
TXN202600008994,ACC106591,4448.63,DEPOSIT,2026-10-19 14:45:04
TXN202600008995,ACC105479,4918.53,DEPOSIT,2026-02-25 23:23:04
TXN202600008996,ACC104898,4544.21,DEPOSIT,2026-01-03 06:33:51
TXN202600008997,ACC101586,1675.04,DEPOSIT,2026-12-03 22:25:30
TXN202600008998,ACC100751,947.47,WITHDRAWAL,2026-06-20 00:20:53
TXN202600008999,ACC106186,4036.10,DEPOSIT,2026-05-06 07:49:27
TXN202600009000,ACC109833,3481.90,DEPOSIT,2026-07-03 15:03:01
TXN202600009001,ACC105669,1815.00,DEPOSIT,2026-07-10 08:17:38
TXN202600009002,ACC106395,1969.66,DEPOSIT,2026-03-23 07:04:55
TXN202600009003,ACC103735,4468.62,DEPOSIT,2026-07-17 10:16:35
TXN202600009004,ACC103436,3261.19,DEPOSIT,2026-04-08 15:40:38
TXN202600009005,ACC102187,675.79,WITHDRAWAL,2026-08-19 21:05:14
TXN202600009006,ACC108974,4268.63,DEPOSIT,2026-08-24 13:52:18
TXN202600009007,ACC101839,1558.52,WITHDRAWAL,2026-03-28 19:40:08
TXN202600009008,ACC109414,4913.50,DEPOSIT,2026-01-20 12:47:04
TXN202600009009,ACC100572,4156.03,DEPOSIT,2026-10-26 12:47:04
TXN202600009010,ACC102708,2363.76,DEPOSIT,2026-11-25 03:18:15
TXN202600009011,ACC105347,535.78,DEPOSIT,2026-02-10 05:44:18
TXN202600009012,ACC101746,1577.62,WITHDRAWAL,2026-11-16 13:25:37
TXN202600009013,ACC106580,1312.57,DEPOSIT,2026-03-27 21:08:34
TXN202600009014,ACC108378,1594.82,DEPOSIT,2026-01-24 17:57:15
TXN202600009015,ACC101624,1446.05,DEPOSIT,2026-04-18 13:48:52
TXN202600009016,ACC105344,1159.01,WITHDRAWAL,2026-09-06 21:03:29
TXN202600009017,ACC100223,912.88,WITHDRAWAL,2026-04-01 03:21:31
TXN202600009018,ACC103887,204.24,WITHDRAWAL,2026-07-03 12:20:01
TXN202600009019,ACC107957,3673.12,DEPOSIT,2026-09-06 18:02:47
TXN202600009020,ACC101617,845.34,WITHDRAWAL,2026-06-02 08:49:19
TXN202600009021,ACC103262,1942.77,DEPOSIT,2026-07-13 10:42:47
TXN202600009022,ACC103159,1081.77,REVERSAL,2026-04-02 13:47:55
TXN202600009023,ACC106497,4552.49,DEPOSIT,2026-04-06 16:39:41
TXN202600009024,ACC109239,462.23,REVERSAL,2026-08-04 04:50:16
TXN202600009025,ACC103937,819.56,WITHDRAWAL,2026-07-13 01:34:42
TXN202600009026,ACC102692,1457.38,DEPOSIT,2026-01-13 08:06:30
TXN202600009027,ACC103335,2849.16,DEPOSIT,2026-11-28 08:57:11
TXN202600009028,ACC102295,1528.75,DEPOSIT,2026-02-09 08:07:06
TXN202600009029,ACC105820,4192.92,DEPOSIT,2026-03-23 00:47:22
TXN202600009030,ACC107804,833.95,REVERSAL,2026-07-08 02:47:13
TXN202600009031,ACC105539,2545.02,DEPOSIT,2026-05-15 00:00:48
TXN202600009032,ACC107833,3263.27,DEPOSIT,2026-03-23 00:51:54
TXN202600009033,ACC107268,1340.32,DEPOSIT,2026-03-25 11:08:56
TXN202600009034,ACC108376,1074.63,DEPOSIT,2026-11-08 09:58:13
TXN202600009035,ACC107268,200.99,WITHDRAWAL,2026-10-03 17:55:53
TXN202600009036,ACC105253,1195.96,DEPOSIT,2026-03-12 07:34:54
TXN202600009037,ACC101520,2683.65,DEPOSIT,2026-05-20 05:51:54
TXN202600009038,ACC107265,2777.54,DEPOSIT,2026-08-09 00:08:59
TXN202600009039,ACC108537,1847.73,DEPOSIT,2026-09-28 11:05:23
TXN202600009040,ACC108597,1091.18,REVERSAL,2026-12-19 18:16:59
TXN202600009041,ACC107179,2801.14,DEPOSIT,2026-09-19 21:51:11
TXN202600009042,ACC104403,4001.75,DEPOSIT,2026-11-16 00:27:08
TXN202600009043,ACC107270,3966.11,DEPOSIT,2026-12-08 19:06:02
TXN202600009044,ACC106295,380.93,WITHDRAWAL,2026-03-24 11:04:19
TXN202600009045,ACC100110,1256.32,DEPOSIT,2026-12-03 12:24:53
TXN202600009046,ACC107915,1631.84,DEPOSIT,2026-02-16 23:37:31
TXN202600009047,ACC101022,4071.19,DEPOSIT,2026-10-03 05:17:01
TXN202600009048,ACC101129,1623.71,DEPOSIT,2026-10-03 11:50:08
TXN202600009049,ACC102839,325.00,WITHDRAWAL,2026-04-18 05:19:05
TXN202600009050,ACC108826,1312.02,DEPOSIT,2026-09-22 12:02:54
TXN202600009051,ACC108520,4699.94,DEPOSIT,2026-08-02 02:30:14
TXN202600009052,ACC107916,1356.80,WITHDRAWAL,2026-04-09 23:19:27
TXN202600009053,ACC106295,2177.87,DEPOSIT,2026-02-25 03:17:54
TXN202600009054,ACC106962,1661.27,DEPOSIT,2026-08-11 00:01:29
TXN202600009055,ACC101020,2336.73,DEPOSIT,2026-01-10 18:47:59
TXN202600009056,ACC109027,975.05,DEPOSIT,2026-04-11 04:38:53
TXN202600009057,ACC107773,3223.93,DEPOSIT,2026-10-16 06:29:18
TXN202600009058,ACC103301,541.02,WITHDRAWAL,2026-02-22 15:35:37
TXN202600009059,ACC103924,3980.69,DEPOSIT,2026-06-28 02:52:11
TXN202600009060,ACC105443,490.06,WITHDRAWAL,2026-01-04 10:59:13
TXN202600009061,ACC102173,1382.78,DEPOSIT,2026-02-02 21:08:07
TXN202600009062,ACC108442,1461.70,WITHDRAWAL,2026-03-28 12:53:50
TXN202600009063,ACC107117,4314.16,DEPOSIT,2026-05-17 15:08:49
TXN202600009064,ACC105971,366.70,REVERSAL,2026-08-16 12:53:43
TXN202600009065,ACC105454,1064.05,WITHDRAWAL,2026-02-11 13:50:50
TXN202600009066,ACC102985,183.35,WITHDRAWAL,2026-03-05 08:12:21
TXN202600009067,ACC100149,3091.47,DEPOSIT,2026-05-08 17:31:01
TXN202600009068,ACC108299,4637.56,DEPOSIT,2026-04-17 05:21:42
TXN202600009069,ACC102213,4816.87,DEPOSIT,2026-09-12 08:08:47
TXN202600009070,ACC103164,4317.99,DEPOSIT,2026-12-22 19:25:46
TXN202600009071,ACC100669,630.61,WITHDRAWAL,2026-08-13 01:16:24
TXN202600009072,ACC102406,2881.06,DEPOSIT,2026-09-08 20:55:14
TXN202600009073,ACC101564,2680.09,DEPOSIT,2026-02-10 22:21:58
TXN202600009074,ACC103486,1576.41,DEPOSIT,2026-11-11 01:40:54
TXN202600009075,ACC103830,2263.70,DEPOSIT,2026-07-25 10:30:08
TXN202600009076,ACC103265,104.88,REVERSAL,2026-04-26 00:01:22
TXN202600009077,ACC102383,1072.19,DEPOSIT,2026-08-17 15:35:20
TXN202600009078,ACC102669,1497.98,DEPOSIT,2026-06-07 14:38:45
TXN202600009079,ACC105333,4938.74,DEPOSIT,2026-09-16 11:28:25
TXN202600009080,ACC104747,1076.48,DEPOSIT,2026-12-20 12:56:35
TXN202600009081,ACC109291,2890.32,DEPOSIT,2026-02-01 23:17:03
TXN202600009082,ACC109754,831.54,WITHDRAWAL,2026-11-17 01:44:45
TXN202600009083,ACC104576,969.55,WITHDRAWAL,2026-12-14 11:11:36
TXN202600009084,ACC101269,2614.06,DEPOSIT,2026-04-01 04:32:42
TXN202600009085,ACC107870,2127.54,DEPOSIT,2026-11-07 00:24:05
TXN202600009086,ACC100181,1105.80,DEPOSIT,2026-03-15 12:39:48
TXN202600009087,ACC103312,894.11,WITHDRAWAL,2026-02-15 19:24:23
TXN202600009088,ACC108145,4036.88,DEPOSIT,2026-02-24 22:32:29
TXN202600009089,ACC108348,3522.50,DEPOSIT,2026-11-16 18:27:50
TXN202600009090,ACC103138,1103.33,WITHDRAWAL,2026-12-26 10:48:14
TXN202600009091,ACC104895,2481.39,DEPOSIT,2026-01-12 07:40:15
TXN202600009092,ACC106389,4888.46,DEPOSIT,2026-09-08 02:57:43
TXN202600009093,ACC106582,1715.17,WITHDRAWAL,2026-07-03 22:25:28
TXN202600009094,ACC107352,3625.45,DEPOSIT,2026-07-07 07:36:53
TXN202600009095,ACC103993,1922.17,WITHDRAWAL,2026-11-26 20:26:12
TXN202600009096,ACC109255,1165.59,DEPOSIT,2026-11-10 02:10:51
TXN202600009097,ACC105810,4056.84,DEPOSIT,2026-04-07 22:07:25
TXN202600009098,ACC105103,4521.56,DEPOSIT,2026-10-21 03:43:30
TXN202600009099,ACC103148,2880.73,DEPOSIT,2026-05-26 11:01:48
TXN202600009100,ACC109359,969.89,DEPOSIT,2026-03-28 02:23:17
TXN202600009101,ACC101848,4810.68,DEPOSIT,2026-12-09 23:12:20
TXN202600009102,ACC105631,2629.30,DEPOSIT,2026-02-21 23:57:50
TXN202600009103,ACC106314,1280.23,DEPOSIT,2026-03-01 12:51:24
TXN202600009104,ACC107161,2962.21,DEPOSIT,2026-12-05 23:52:56
TXN202600009105,ACC109504,650.43,DEPOSIT,2026-11-20 23:39:55
TXN202600009106,ACC100085,4624.50,DEPOSIT,2026-10-20 06:49:21
TXN202600009107,ACC103123,2092.68,DEPOSIT,2026-06-03 03:43:33
TXN202600009108,ACC104466,1422.99,WITHDRAWAL,2026-11-08 19:28:24
TXN202600009109,ACC102295,1494.46,WITHDRAWAL,2026-03-28 06:53:19
TXN202600009110,ACC102623,1829.63,WITHDRAWAL,2026-02-18 21:18:53
TXN202600009111,ACC108733,4598.58,DEPOSIT,2026-01-18 14:32:31
TXN202600009112,ACC109096,1809.75,DEPOSIT,2026-12-27 00:32:29
TXN202600009113,ACC101033,1309.71,DEPOSIT,2026-11-25 16:45:47
TXN202600009114,ACC109853,4374.06,DEPOSIT,2026-12-10 11:39:17
TXN202600009115,ACC105326,3061.32,DEPOSIT,2026-05-05 13:49:57
TXN202600009116,ACC100157,4123.15,DEPOSIT,2026-09-02 16:26:09
TXN202600009117,ACC107205,2164.24,DEPOSIT,2026-03-12 17:54:13
TXN202600009118,ACC102208,1589.72,DEPOSIT,2026-06-10 09:02:53
TXN202600009119,ACC100765,906.73,DEPOSIT,2026-08-15 00:54:58
TXN202600009120,ACC102674,1918.50,WITHDRAWAL,2026-05-06 03:16:18
TXN202600009121,ACC106670,2443.00,DEPOSIT,2026-06-18 07:13:14
TXN202600009122,ACC103532,1856.83,DEPOSIT,2026-05-17 18:50:32
TXN202600009123,ACC100246,1005.53,REVERSAL,2026-04-15 20:09:13
TXN202600009124,ACC101373,268.45,WITHDRAWAL,2026-02-22 09:09:53
TXN202600009125,ACC105958,4869.96,DEPOSIT,2026-07-06 11:24:22
TXN202600009126,ACC100055,676.32,WITHDRAWAL,2026-07-20 11:58:53
TXN202600009127,ACC103669,1828.75,DEPOSIT,2026-05-12 14:08:18
TXN202600009128,ACC104869,750.11,DEPOSIT,2026-12-09 18:33:15
TXN202600009129,ACC101122,2044.93,DEPOSIT,2026-12-09 16:47:53
TXN202600009130,ACC104648,724.95,DEPOSIT,2026-01-24 03:09:33
TXN202600009131,ACC102984,873.51,WITHDRAWAL,2026-02-08 06:39:50
TXN202600009132,ACC104946,1482.58,WITHDRAWAL,2026-07-23 05:34:28
TXN202600009133,ACC109803,4141.29,DEPOSIT,2026-09-04 01:28:06
TXN202600009134,ACC104730,1097.86,DEPOSIT,2026-09-20 04:46:56
TXN202600009135,ACC107023,2652.26,DEPOSIT,2026-04-10 05:04:02
TXN202600009136,ACC109535,522.35,DEPOSIT,2026-04-15 22:15:54
TXN202600009137,ACC100696,4389.95,DEPOSIT,2026-10-03 15:04:32
TXN202600009138,ACC105913,4754.65,DEPOSIT,2026-04-05 00:31:35
TXN202600009139,ACC106701,1045.74,WITHDRAWAL,2026-06-17 14:32:40
TXN202600009140,ACC100457,2753.09,DEPOSIT,2026-03-20 05:09:38
TXN202600009141,ACC104070,1556.79,DEPOSIT,2026-08-02 01:10:23
TXN202600009142,ACC100706,1283.49,DEPOSIT,2026-09-07 13:31:06
TXN202600009143,ACC106822,2765.18,DEPOSIT,2026-05-24 00:33:24
TXN202600009144,ACC108207,4715.35,DEPOSIT,2026-10-02 14:09:03
TXN202600009145,ACC101874,3736.60,DEPOSIT,2026-11-04 01:01:19
TXN202600009146,ACC107604,4944.30,DEPOSIT,2026-08-07 17:57:54
TXN202600009147,ACC100976,1242.46,DEPOSIT,2026-06-13 01:20:04
TXN202600009148,ACC103378,3683.67,DEPOSIT,2026-08-04 19:47:32
TXN202600009149,ACC100379,1792.84,DEPOSIT,2026-10-10 05:46:17
TXN202600009150,ACC100931,3700.07,DEPOSIT,2026-08-16 22:01:20
TXN202600009151,ACC105540,1108.73,DEPOSIT,2026-10-08 12:30:28
TXN202600009152,ACC102276,991.68,WITHDRAWAL,2026-02-17 19:07:06
TXN202600009153,ACC108003,3169.69,DEPOSIT,2026-09-23 03:21:31
TXN202600009154,ACC106449,3044.50,DEPOSIT,2026-09-04 06:35:00
TXN202600009155,ACC102331,2107.09,DEPOSIT,2026-04-23 20:00:14
TXN202600009156,ACC104843,367.47,WITHDRAWAL,2026-02-08 14:39:06
TXN202600009157,ACC103613,2090.12,DEPOSIT,2026-05-03 11:55:40
TXN202600009158,ACC100389,1639.46,WITHDRAWAL,2026-10-17 23:33:31
TXN202600009159,ACC106211,874.44,WITHDRAWAL,2026-03-17 14:48:14
TXN202600009160,ACC105933,4879.43,DEPOSIT,2026-02-14 22:02:27
TXN202600009161,ACC102045,4332.31,DEPOSIT,2026-11-25 16:27:09
TXN202600009162,ACC102934,1672.34,WITHDRAWAL,2026-03-10 16:19:17
TXN202600009163,ACC102809,2040.02,WITHDRAWAL,2026-07-14 03:43:51
TXN202600009164,ACC100210,1136.88,WITHDRAWAL,2026-05-28 15:16:26
TXN202600009165,ACC108700,1345.32,DEPOSIT,2026-01-18 23:50:45
TXN202600009166,ACC104014,848.21,REVERSAL,2026-03-02 02:35:51
TXN202600009167,ACC100910,2242.06,DEPOSIT,2026-08-18 11:02:11
TXN202600009168,ACC103447,936.05,DEPOSIT,2026-05-07 15:44:44
TXN202600009169,ACC102627,3924.52,DEPOSIT,2026-03-21 15:12:41
TXN202600009170,ACC104697,257.87,REVERSAL,2026-03-25 07:40:42
TXN202600009171,ACC107028,1404.16,WITHDRAWAL,2026-03-19 02:59:22
TXN202600009172,ACC106246,2109.24,DEPOSIT,2026-06-13 14:56:11
TXN202600009173,ACC107197,1885.50,WITHDRAWAL,2026-11-02 22:26:24
TXN202600009174,ACC107620,3932.30,DEPOSIT,2026-01-28 22:40:17
TXN202600009175,ACC103856,1275.08,DEPOSIT,2026-10-09 22:36:24
TXN202600009176,ACC107281,4438.55,DEPOSIT,2026-05-11 23:33:04
TXN202600009177,ACC106807,975.92,WITHDRAWAL,2026-05-05 18:52:28
TXN202600009178,ACC103056,1084.22,DEPOSIT,2026-01-23 12:08:22
TXN202600009179,ACC100568,873.04,DEPOSIT,2026-11-05 23:04:18
TXN202600009180,ACC101718,321.67,WITHDRAWAL,2026-01-19 12:06:54
TXN202600009181,ACC102529,1505.73,WITHDRAWAL,2026-11-03 05:07:14
TXN202600009182,ACC106926,1742.27,WITHDRAWAL,2026-02-01 04:27:44
TXN202600009183,ACC100403,245.09,WITHDRAWAL,2026-09-13 21:22:20
TXN202600009184,ACC105257,3575.25,DEPOSIT,2026-01-13 21:59:25
TXN202600009185,ACC104843,4983.24,DEPOSIT,2026-06-05 14:57:21
TXN202600009186,ACC107683,589.07,WITHDRAWAL,2026-01-13 07:13:54
TXN202600009187,ACC101933,1238.09,DEPOSIT,2026-09-27 05:31:29
TXN202600009188,ACC107903,1781.61,WITHDRAWAL,2026-03-04 18:40:12
TXN202600009189,ACC108427,3539.83,DEPOSIT,2026-06-14 07:25:47
TXN202600009190,ACC104323,1418.49,DEPOSIT,2026-05-14 04:12:07
TXN202600009191,ACC107746,3168.11,DEPOSIT,2026-02-11 04:21:53
TXN202600009192,ACC101583,1557.15,DEPOSIT,2026-06-11 04:24:14
TXN202600009193,ACC100579,3272.02,DEPOSIT,2026-05-11 09:41:22
TXN202600009194,ACC102631,1910.49,WITHDRAWAL,2026-05-12 09:18:56
TXN202600009195,ACC105615,1365.11,WITHDRAWAL,2026-09-04 01:11:10
TXN202600009196,ACC109713,3209.62,DEPOSIT,2026-12-17 23:44:24
TXN202600009197,ACC105709,3344.51,DEPOSIT,2026-12-21 17:00:04
TXN202600009198,ACC107593,3571.65,DEPOSIT,2026-05-15 16:23:40
TXN202600009199,ACC109350,4794.59,DEPOSIT,2026-02-15 23:37:23
TXN202600009200,ACC101520,3782.85,DEPOSIT,2026-05-03 03:36:21
TXN202600009201,ACC109009,1113.74,WITHDRAWAL,2026-03-24 22:11:39
TXN202600009202,ACC105284,558.25,DEPOSIT,2026-09-20 10:22:34
TXN202600009203,ACC107609,1865.08,WITHDRAWAL,2026-08-01 08:35:23
TXN202600009204,ACC106138,1156.74,DEPOSIT,2026-01-15 13:42:32
TXN202600009205,ACC104698,1998.09,WITHDRAWAL,2026-05-28 00:54:42
TXN202600009206,ACC101927,1000.60,WITHDRAWAL,2026-07-03 15:29:17
TXN202600009207,ACC108059,1508.65,WITHDRAWAL,2026-08-03 19:27:06
TXN202600009208,ACC109164,1933.17,DEPOSIT,2026-10-09 18:59:17
TXN202600009209,ACC103639,4949.03,DEPOSIT,2026-06-01 10:14:33
TXN202600009210,ACC101488,4895.18,DEPOSIT,2026-01-13 20:26:35
TXN202600009211,ACC108004,631.92,DEPOSIT,2026-06-01 06:05:34
TXN202600009212,ACC107816,3904.41,DEPOSIT,2026-11-19 20:07:52
TXN202600009213,ACC100261,705.77,DEPOSIT,2026-03-13 00:50:20
TXN202600009214,ACC107746,4551.67,DEPOSIT,2026-08-26 10:22:06
TXN202600009215,ACC104540,753.95,DEPOSIT,2026-01-26 12:32:51
TXN202600009216,ACC100064,1981.67,DEPOSIT,2026-01-26 18:06:44
TXN202600009217,ACC107159,1226.01,DEPOSIT,2026-05-22 02:52:56
TXN202600009218,ACC102705,1802.56,WITHDRAWAL,2026-05-06 05:19:02
TXN202600009219,ACC105740,1104.02,WITHDRAWAL,2026-03-16 08:00:15
TXN202600009220,ACC108618,1790.10,DEPOSIT,2026-10-12 20:42:52
TXN202600009221,ACC105744,1434.73,WITHDRAWAL,2026-06-15 14:54:11
TXN202600009222,ACC101970,724.89,REVERSAL,2026-12-13 18:27:32
TXN202600009223,ACC106769,4412.84,DEPOSIT,2026-10-05 23:15:59
TXN202600009224,ACC107963,1981.05,WITHDRAWAL,2026-04-09 05:53:41
TXN202600009225,ACC106213,4492.79,DEPOSIT,2026-09-15 01:19:00
TXN202600009226,ACC101357,3226.32,DEPOSIT,2026-11-24 15:09:27
TXN202600009227,ACC102074,3647.09,DEPOSIT,2026-04-02 17:57:59
TXN202600009228,ACC102750,3685.33,DEPOSIT,2026-05-24 23:30:38
TXN202600009229,ACC108525,1895.45,DEPOSIT,2026-01-27 22:24:12
TXN202600009230,ACC108941,1698.61,DEPOSIT,2026-07-15 06:04:27
TXN202600009231,ACC101895,952.89,WITHDRAWAL,2026-08-16 01:18:13
TXN202600009232,ACC100156,1621.11,DEPOSIT,2026-10-09 01:01:02
TXN202600009233,ACC101826,158.82,REVERSAL,2026-02-26 21:38:10
TXN202600009234,ACC108492,1655.75,WITHDRAWAL,2026-11-22 11:23:24
TXN202600009235,ACC104026,2722.51,DEPOSIT,2026-10-07 08:56:50
TXN202600009236,ACC104083,3837.66,DEPOSIT,2026-11-10 11:49:57
TXN202600009237,ACC103135,2238.02,DEPOSIT,2026-02-25 21:00:00
TXN202600009238,ACC106697,949.38,DEPOSIT,2026-02-18 09:30:15
TXN202600009239,ACC103384,2401.65,DEPOSIT,2026-06-21 21:19:43
TXN202600009240,ACC107153,4641.80,DEPOSIT,2026-12-16 16:51:02
TXN202600009241,ACC101889,473.04,REVERSAL,2026-10-06 10:27:31
TXN202600009242,ACC107860,571.52,DEPOSIT,2026-12-11 16:49:33
TXN202600009243,ACC106294,3289.38,DEPOSIT,2026-09-26 15:15:45
TXN202600009244,ACC108712,2252.79,DEPOSIT,2026-07-09 11:10:41
TXN202600009245,ACC105672,2054.19,WITHDRAWAL,2026-10-14 07:24:54
TXN202600009246,ACC104062,2637.50,DEPOSIT,2026-09-25 01:53:30
TXN202600009247,ACC106621,1748.67,WITHDRAWAL,2026-05-15 16:19:49
TXN202600009248,ACC100281,963.09,REVERSAL,2026-07-25 02:22:11
TXN202600009249,ACC108134,892.39,DEPOSIT,2026-11-09 04:50:39
TXN202600009250,ACC106139,630.43,WITHDRAWAL,2026-09-10 23:12:11
TXN202600009251,ACC105544,559.59,WITHDRAWAL,2026-09-28 12:21:28
TXN202600009252,ACC107818,951.22,WITHDRAWAL,2026-06-22 06:59:05
TXN202600009253,ACC107420,1721.34,DEPOSIT,2026-08-14 01:50:28
TXN202600009254,ACC104160,2733.47,DEPOSIT,2026-10-27 00:02:03
TXN202600009255,ACC106770,2784.18,DEPOSIT,2026-07-19 00:10:15
TXN202600009256,ACC105538,3292.43,DEPOSIT,2026-11-09 08:41:40
TXN202600009257,ACC106625,2645.64,DEPOSIT,2026-08-01 01:48:50
TXN202600009258,ACC103463,3201.85,DEPOSIT,2026-08-04 18:00:09
TXN202600009259,ACC101995,1197.69,DEPOSIT,2026-11-08 11:12:12
TXN202600009260,ACC107705,271.53,REVERSAL,2026-12-04 04:22:43
TXN202600009261,ACC104028,173.01,WITHDRAWAL,2026-05-23 07:36:21
TXN202600009262,ACC107896,1242.69,WITHDRAWAL,2026-04-18 22:18:15
TXN202600009263,ACC109394,4264.85,DEPOSIT,2026-02-17 16:43:14
TXN202600009264,ACC105514,2387.02,DEPOSIT,2026-04-12 02:37:26
TXN202600009265,ACC108886,2039.05,WITHDRAWAL,2026-12-10 12:51:49
TXN202600009266,ACC101088,4813.16,DEPOSIT,2026-12-04 23:37:36
TXN202600009267,ACC102249,3449.18,DEPOSIT,2026-08-02 01:19:52
TXN202600009268,ACC106707,217.02,REVERSAL,2026-06-11 08:55:57
TXN202600009269,ACC103515,3741.54,DEPOSIT,2026-10-19 14:54:07
TXN202600009270,ACC106012,1509.69,WITHDRAWAL,2026-08-08 03:31:23
TXN202600009271,ACC101237,3169.58,DEPOSIT,2026-09-11 12:01:47
TXN202600009272,ACC105057,233.75,WITHDRAWAL,2026-04-24 00:42:27
TXN202600009273,ACC101655,1297.25,DEPOSIT,2026-08-25 09:48:33
TXN202600009274,ACC104060,1744.87,DEPOSIT,2026-08-16 09:04:34
TXN202600009275,ACC105405,3617.73,DEPOSIT,2026-04-10 02:35:07
TXN202600009276,ACC106598,509.11,WITHDRAWAL,2026-12-27 08:47:11
TXN202600009277,ACC105051,163.61,WITHDRAWAL,2026-07-13 10:21:25
TXN202600009278,ACC108481,3508.68,DEPOSIT,2026-06-24 01:13:47
TXN202600009279,ACC106088,4624.31,DEPOSIT,2026-10-12 18:11:41
TXN202600009280,ACC107956,1126.87,DEPOSIT,2026-10-28 12:37:33
TXN202600009281,ACC104343,1844.14,DEPOSIT,2026-12-26 15:03:18
TXN202600009282,ACC104977,4048.71,DEPOSIT,2026-12-16 14:46:01
TXN202600009283,ACC108353,567.16,DEPOSIT,2026-12-28 18:24:39
TXN202600009284,ACC102049,4296.02,DEPOSIT,2026-08-05 05:10:45
TXN202600009285,ACC104543,936.48,DEPOSIT,2026-05-04 16:29:25
TXN202600009286,ACC108047,950.46,WITHDRAWAL,2026-07-01 23:45:36
TXN202600009287,ACC106117,426.64,WITHDRAWAL,2026-12-09 14:50:22
TXN202600009288,ACC109202,1180.55,DEPOSIT,2026-04-06 14:58:58
TXN202600009289,ACC105656,3275.43,DEPOSIT,2026-01-10 08:07:17
TXN202600009290,ACC109093,2674.83,DEPOSIT,2026-09-14 09:03:00
TXN202600009291,ACC105872,1264.87,WITHDRAWAL,2026-11-15 07:44:59
TXN202600009292,ACC102850,4869.06,DEPOSIT,2026-04-22 09:49:52
TXN202600009293,ACC103258,2926.34,DEPOSIT,2026-04-17 04:03:22
TXN202600009294,ACC102236,535.22,REVERSAL,2026-12-28 14:19:57
TXN202600009295,ACC106133,4323.41,DEPOSIT,2026-05-18 05:01:02
TXN202600009296,ACC100410,1397.08,WITHDRAWAL,2026-01-28 05:27:51
TXN202600009297,ACC104045,220.89,WITHDRAWAL,2026-08-12 10:28:33
TXN202600009298,ACC107168,4909.44,DEPOSIT,2026-05-24 08:15:50
TXN202600009299,ACC105141,353.67,WITHDRAWAL,2026-03-24 20:54:49
TXN202600009300,ACC106296,3757.74,DEPOSIT,2026-03-04 11:19:37
TXN202600009301,ACC100414,860.25,DEPOSIT,2026-08-20 11:39:10
TXN202600009302,ACC104255,1551.85,WITHDRAWAL,2026-09-13 14:00:48
TXN202600009303,ACC102180,873.39,DEPOSIT,2026-12-02 02:24:01
TXN202600009304,ACC102762,2371.16,DEPOSIT,2026-02-02 20:26:51
TXN202600009305,ACC101624,756.13,DEPOSIT,2026-04-19 17:39:29
TXN202600009306,ACC105304,1953.36,DEPOSIT,2026-02-01 06:31:07
TXN202600009307,ACC104681,4426.95,DEPOSIT,2026-12-19 06:36:23
TXN202600009308,ACC109666,1185.29,WITHDRAWAL,2026-04-03 04:15:51
TXN202600009309,ACC101197,2794.50,DEPOSIT,2026-07-22 09:06:32
TXN202600009310,ACC104333,4331.95,DEPOSIT,2026-03-26 01:20:06
TXN202600009311,ACC108988,1156.27,DEPOSIT,2026-08-05 10:08:16
TXN202600009312,ACC101361,1578.65,DEPOSIT,2026-11-09 09:18:43
TXN202600009313,ACC100620,1150.70,DEPOSIT,2026-07-17 09:19:43
TXN202600009314,ACC102579,552.08,REVERSAL,2026-07-22 02:17:13
TXN202600009315,ACC102008,1519.56,WITHDRAWAL,2026-07-09 10:44:21
TXN202600009316,ACC105789,3951.85,DEPOSIT,2026-03-05 20:39:08
TXN202600009317,ACC105658,1059.75,DEPOSIT,2026-08-11 10:55:18
TXN202600009318,ACC109150,1053.01,DEPOSIT,2026-01-05 22:52:26
TXN202600009319,ACC109800,1133.21,DEPOSIT,2026-05-08 18:15:07
TXN202600009320,ACC102013,4638.49,DEPOSIT,2026-02-28 14:17:40
TXN202600009321,ACC105835,241.09,WITHDRAWAL,2026-01-01 15:42:28
TXN202600009322,ACC100503,448.99,REVERSAL,2026-06-04 04:22:12
TXN202600009323,ACC101819,801.94,WITHDRAWAL,2026-12-09 20:49:00
TXN202600009324,ACC107113,193.50,WITHDRAWAL,2026-06-04 04:21:44
TXN202600009325,ACC107431,2051.54,WITHDRAWAL,2026-05-17 12:45:28
TXN202600009326,ACC109208,3811.71,DEPOSIT,2026-09-10 14:08:25
TXN202600009327,ACC101138,4353.93,DEPOSIT,2026-01-20 23:41:20
TXN202600009328,ACC109421,2603.90,DEPOSIT,2026-03-01 20:51:06
TXN202600009329,ACC109288,2050.83,DEPOSIT,2026-06-04 16:28:22
TXN202600009330,ACC102204,1027.13,DEPOSIT,2026-01-28 06:46:25
TXN202600009331,ACC102590,619.39,WITHDRAWAL,2026-03-19 16:14:00
TXN202600009332,ACC102948,356.40,WITHDRAWAL,2026-05-27 13:29:48
TXN202600009333,ACC109304,2910.95,DEPOSIT,2026-09-26 03:43:38
TXN202600009334,ACC106322,3550.98,DEPOSIT,2026-07-01 10:02:23
TXN202600009335,ACC109476,1697.91,DEPOSIT,2026-04-08 13:24:46
TXN202600009336,ACC109886,3592.38,DEPOSIT,2026-05-12 09:52:54
TXN202600009337,ACC101525,2629.88,DEPOSIT,2026-04-07 15:09:28
TXN202600009338,ACC105432,2735.87,DEPOSIT,2026-01-24 08:06:15
TXN202600009339,ACC108874,866.83,WITHDRAWAL,2026-09-11 04:01:02
TXN202600009340,ACC104556,1774.41,WITHDRAWAL,2026-04-20 22:00:48
TXN202600009341,ACC106526,3281.96,DEPOSIT,2026-05-02 03:50:33
TXN202600009342,ACC108193,2932.08,DEPOSIT,2026-07-15 18:39:02
TXN202600009343,ACC100137,1928.77,DEPOSIT,2026-10-11 23:18:01
TXN202600009344,ACC102849,3091.70,DEPOSIT,2026-10-26 01:45:13
TXN202600009345,ACC109348,2054.57,DEPOSIT,2026-09-06 19:30:48
TXN202600009346,ACC105473,3066.48,DEPOSIT,2026-05-08 10:51:39
TXN202600009347,ACC100763,4898.98,DEPOSIT,2026-07-02 03:01:22
TXN202600009348,ACC106224,1949.20,DEPOSIT,2026-12-18 09:54:24
TXN202600009349,ACC104955,1417.79,WITHDRAWAL,2026-06-01 16:45:33
TXN202600009350,ACC103373,3276.51,DEPOSIT,2026-02-13 06:04:18
TXN202600009351,ACC105740,1947.74,WITHDRAWAL,2026-08-14 20:30:28
TXN202600009352,ACC107938,1574.29,DEPOSIT,2026-06-15 17:43:30
TXN202600009353,ACC108169,1086.22,WITHDRAWAL,2026-04-05 14:28:20
TXN202600009354,ACC102942,3471.06,DEPOSIT,2026-06-21 21:21:39
TXN202600009355,ACC100699,210.44,WITHDRAWAL,2026-05-16 10:24:08
TXN202600009356,ACC106223,4433.98,DEPOSIT,2026-02-03 06:44:37
TXN202600009357,ACC106500,3651.17,DEPOSIT,2026-12-27 08:27:02
TXN202600009358,ACC109868,4622.57,DEPOSIT,2026-01-18 07:14:30
TXN202600009359,ACC108487,1934.87,DEPOSIT,2026-02-25 23:46:01
TXN202600009360,ACC103009,613.99,WITHDRAWAL,2026-10-28 12:13:34
TXN202600009361,ACC104069,499.18,WITHDRAWAL,2026-12-15 05:59:15
TXN202600009362,ACC104357,3541.92,DEPOSIT,2026-09-26 17:24:49
TXN202600009363,ACC103492,1615.59,DEPOSIT,2026-03-21 06:00:18
TXN202600009364,ACC101270,4518.61,DEPOSIT,2026-09-18 05:53:11
TXN202600009365,ACC105609,1457.41,WITHDRAWAL,2026-12-23 22:18:42
TXN202600009366,ACC104149,2034.05,WITHDRAWAL,2026-07-05 22:11:20
TXN202600009367,ACC104501,282.26,REVERSAL,2026-09-14 21:41:33
TXN202600009368,ACC107756,1506.18,WITHDRAWAL,2026-10-04 02:09:58
TXN202600009369,ACC109260,3550.24,DEPOSIT,2026-02-12 14:03:05
TXN202600009370,ACC109724,2351.25,DEPOSIT,2026-11-19 23:02:04
TXN202600009371,ACC102385,212.28,REVERSAL,2026-03-04 11:44:08
TXN202600009372,ACC102677,4146.84,DEPOSIT,2026-03-06 07:12:00
TXN202600009373,ACC100046,4379.28,DEPOSIT,2026-06-07 08:08:53
TXN202600009374,ACC103197,1195.21,WITHDRAWAL,2026-03-07 03:07:56
TXN202600009375,ACC106191,497.53,WITHDRAWAL,2026-01-24 10:25:42
TXN202600009376,ACC101138,584.19,WITHDRAWAL,2026-06-01 03:30:18
TXN202600009377,ACC102559,4061.59,DEPOSIT,2026-10-01 04:49:01
TXN202600009378,ACC104715,1195.51,WITHDRAWAL,2026-07-12 23:25:59
TXN202600009379,ACC101788,1257.01,DEPOSIT,2026-04-06 22:19:57
TXN202600009380,ACC109049,142.48,REVERSAL,2026-11-08 05:19:51
TXN202600009381,ACC105028,2907.25,DEPOSIT,2026-07-25 10:41:23
TXN202600009382,ACC108988,3711.03,DEPOSIT,2026-11-24 23:24:35
TXN202600009383,ACC105522,4816.35,DEPOSIT,2026-11-05 11:13:42
TXN202600009384,ACC108353,554.87,DEPOSIT,2026-04-23 07:11:11
TXN202600009385,ACC100146,686.02,DEPOSIT,2026-09-16 12:22:01
TXN202600009386,ACC102792,2148.07,DEPOSIT,2026-06-01 18:32:31
TXN202600009387,ACC105824,1415.03,DEPOSIT,2026-11-03 11:47:23
TXN202600009388,ACC104482,668.16,WITHDRAWAL,2026-07-08 22:48:40
TXN202600009389,ACC109695,1758.27,DEPOSIT,2026-07-20 15:11:49
TXN202600009390,ACC106904,3908.86,DEPOSIT,2026-04-18 01:03:25
TXN202600009391,ACC107734,2140.22,DEPOSIT,2026-07-15 13:00:52
TXN202600009392,ACC100808,1512.73,DEPOSIT,2026-11-15 00:57:01
TXN202600009393,ACC108278,1680.30,WITHDRAWAL,2026-04-03 10:24:13
TXN202600009394,ACC107641,2405.32,DEPOSIT,2026-01-24 08:54:04
TXN202600009395,ACC105815,1357.95,WITHDRAWAL,2026-04-04 22:51:35
TXN202600009396,ACC108814,1525.82,WITHDRAWAL,2026-03-23 12:43:54
TXN202600009397,ACC107505,2525.15,DEPOSIT,2026-06-02 22:12:48
TXN202600009398,ACC108744,4896.58,DEPOSIT,2026-08-19 19:37:38
TXN202600009399,ACC109287,4741.96,DEPOSIT,2026-06-01 11:59:19
TXN202600009400,ACC103940,3549.69,DEPOSIT,2026-01-08 21:12:57
TXN202600009401,ACC103422,4765.19,DEPOSIT,2026-06-04 04:36:38
TXN202600009402,ACC109317,3622.56,DEPOSIT,2026-01-04 02:09:35
TXN202600009403,ACC109820,4653.55,DEPOSIT,2026-09-01 12:52:04
TXN202600009404,ACC100011,1938.92,WITHDRAWAL,2026-11-21 15:38:51
TXN202600009405,ACC107693,3590.32,DEPOSIT,2026-06-02 09:50:27
TXN202600009406,ACC103394,860.57,WITHDRAWAL,2026-10-14 05:55:36
TXN202600009407,ACC100575,3823.93,DEPOSIT,2026-12-26 11:49:48
TXN202600009408,ACC100998,1334.48,WITHDRAWAL,2026-08-21 23:41:23
TXN202600009409,ACC100349,1280.57,WITHDRAWAL,2026-01-23 21:02:59
TXN202600009410,ACC105330,4703.55,DEPOSIT,2026-05-03 16:08:52
TXN202600009411,ACC102569,2500.42,DEPOSIT,2026-05-07 18:23:11
TXN202600009412,ACC100600,3331.86,DEPOSIT,2026-11-28 15:30:01
TXN202600009413,ACC100532,1240.42,WITHDRAWAL,2026-06-11 23:53:11
TXN202600009414,ACC103180,3689.58,DEPOSIT,2026-11-06 00:15:30
TXN202600009415,ACC107112,3594.14,DEPOSIT,2026-10-15 00:34:24
TXN202600009416,ACC103914,1399.44,WITHDRAWAL,2026-11-28 00:08:23
TXN202600009417,ACC105462,1554.60,DEPOSIT,2026-09-05 10:10:47
TXN202600009418,ACC100279,1718.54,DEPOSIT,2026-06-28 03:52:08
TXN202600009419,ACC101674,1199.99,DEPOSIT,2026-05-26 21:48:05
TXN202600009420,ACC101796,1168.09,WITHDRAWAL,2026-02-06 21:03:48
TXN202600009421,ACC101450,3921.71,DEPOSIT,2026-04-26 18:18:13
TXN202600009422,ACC101741,2324.22,DEPOSIT,2026-07-05 12:41:17
TXN202600009423,ACC106990,3340.74,DEPOSIT,2026-04-21 16:15:22
TXN202600009424,ACC108512,3356.67,DEPOSIT,2026-10-20 14:47:19
TXN202600009425,ACC109754,1582.60,WITHDRAWAL,2026-02-02 07:18:24
TXN202600009426,ACC105066,1707.63,DEPOSIT,2026-09-09 12:57:12
TXN202600009427,ACC108647,656.95,DEPOSIT,2026-06-19 07:11:10
TXN202600009428,ACC100956,1694.84,WITHDRAWAL,2026-06-05 02:00:28
TXN202600009429,ACC106801,1489.78,DEPOSIT,2026-03-19 09:53:58
TXN202600009430,ACC102187,2331.02,DEPOSIT,2026-04-09 17:23:22
TXN202600009431,ACC105642,488.29,REVERSAL,2026-08-28 07:18:32
TXN202600009432,ACC102406,3908.50,DEPOSIT,2026-05-06 03:05:55
TXN202600009433,ACC102124,823.08,DEPOSIT,2026-09-10 02:48:15
TXN202600009434,ACC100305,4906.35,DEPOSIT,2026-06-05 18:09:39
TXN202600009435,ACC106653,538.85,WITHDRAWAL,2026-03-06 15:01:42
TXN202600009436,ACC108784,738.03,DEPOSIT,2026-08-13 05:17:54
TXN202600009437,ACC103835,838.34,WITHDRAWAL,2026-12-28 14:39:25
TXN202600009438,ACC105230,4506.31,DEPOSIT,2026-09-17 00:55:09
TXN202600009439,ACC109319,2919.69,DEPOSIT,2026-04-20 17:31:50
TXN202600009440,ACC101003,535.83,WITHDRAWAL,2026-08-26 15:51:23
TXN202600009441,ACC102911,829.87,WITHDRAWAL,2026-07-27 06:07:14
TXN202600009442,ACC104085,1560.48,WITHDRAWAL,2026-02-14 06:26:11
TXN202600009443,ACC109236,1210.90,DEPOSIT,2026-03-04 17:03:19
TXN202600009444,ACC102653,4816.26,DEPOSIT,2026-05-04 08:40:11
TXN202600009445,ACC105467,1713.61,DEPOSIT,2026-12-07 08:04:35
TXN202600009446,ACC101387,802.11,WITHDRAWAL,2026-11-11 10:15:35
TXN202600009447,ACC101072,1753.48,WITHDRAWAL,2026-02-14 11:04:44
TXN202600009448,ACC100989,563.88,WITHDRAWAL,2026-12-11 19:32:28
TXN202600009449,ACC108437,227.82,WITHDRAWAL,2026-04-28 15:21:05
TXN202600009450,ACC108489,3427.01,DEPOSIT,2026-01-14 02:44:27
TXN202600009451,ACC107305,725.27,WITHDRAWAL,2026-04-13 00:53:05
TXN202600009452,ACC105379,1360.08,WITHDRAWAL,2026-10-12 19:00:07
TXN202600009453,ACC107284,1333.70,DEPOSIT,2026-11-23 01:13:45
TXN202600009454,ACC105129,3392.92,DEPOSIT,2026-10-03 23:15:59
TXN202600009455,ACC105039,2130.23,DEPOSIT,2026-03-06 09:31:23
TXN202600009456,ACC105691,1768.62,DEPOSIT,2026-10-05 14:40:02
TXN202600009457,ACC103665,774.68,DEPOSIT,2026-07-26 12:42:15
TXN202600009458,ACC105382,1365.95,DEPOSIT,2026-08-17 20:55:45
TXN202600009459,ACC103141,1368.90,DEPOSIT,2026-08-06 18:04:16
TXN202600009460,ACC109392,1109.95,WITHDRAWAL,2026-11-28 06:54:50
TXN202600009461,ACC100855,1025.58,DEPOSIT,2026-10-18 23:45:28
TXN202600009462,ACC104191,4358.41,DEPOSIT,2026-08-17 23:13:00
TXN202600009463,ACC104926,2093.31,WITHDRAWAL,2026-02-27 16:19:51
TXN202600009464,ACC104467,1721.81,WITHDRAWAL,2026-10-13 11:48:13
TXN202600009465,ACC102869,269.64,WITHDRAWAL,2026-03-11 07:35:26
TXN202600009466,ACC101874,1186.82,DEPOSIT,2026-03-25 07:08:05
TXN202600009467,ACC103362,3914.91,DEPOSIT,2026-11-11 03:24:44
TXN202600009468,ACC100035,1053.71,WITHDRAWAL,2026-03-07 02:51:21
TXN202600009469,ACC101672,419.00,WITHDRAWAL,2026-09-20 15:31:51
TXN202600009470,ACC109138,1279.81,DEPOSIT,2026-12-10 20:03:28
TXN202600009471,ACC105929,3054.70,DEPOSIT,2026-05-21 13:14:46
TXN202600009472,ACC101395,1701.42,WITHDRAWAL,2026-05-25 09:50:23
TXN202600009473,ACC103603,4107.32,DEPOSIT,2026-12-16 22:07:18
TXN202600009474,ACC109811,1987.25,WITHDRAWAL,2026-03-15 17:05:55
TXN202600009475,ACC102140,1049.48,WITHDRAWAL,2026-05-06 00:57:50
TXN202600009476,ACC107321,2044.46,DEPOSIT,2026-01-06 16:03:53
TXN202600009477,ACC102313,4009.26,DEPOSIT,2026-05-17 04:22:12
TXN202600009478,ACC100139,152.76,REVERSAL,2026-02-07 04:55:45
TXN202600009479,ACC106857,1906.59,WITHDRAWAL,2026-11-17 03:51:02
TXN202600009480,ACC109947,1950.91,WITHDRAWAL,2026-07-02 08:26:44
TXN202600009481,ACC102863,809.43,WITHDRAWAL,2026-05-14 12:56:03
TXN202600009482,ACC108848,222.71,REVERSAL,2026-08-08 21:39:36
TXN202600009483,ACC102301,2994.73,DEPOSIT,2026-12-04 21:36:36
TXN202600009484,ACC108737,1895.00,WITHDRAWAL,2026-12-24 23:03:58
TXN202600009485,ACC106140,819.53,WITHDRAWAL,2026-02-02 03:19:14
TXN202600009486,ACC100542,2369.80,DEPOSIT,2026-05-28 02:49:51
TXN202600009487,ACC108137,3876.83,DEPOSIT,2026-02-28 00:20:06
TXN202600009488,ACC104504,544.07,WITHDRAWAL,2026-04-24 18:22:15
TXN202600009489,ACC109963,726.48,WITHDRAWAL,2026-11-17 00:09:39
TXN202600009490,ACC109935,2437.15,DEPOSIT,2026-02-08 01:26:08
TXN202600009491,ACC106383,277.53,REVERSAL,2026-03-18 07:30:36
TXN202600009492,ACC100603,1519.85,DEPOSIT,2026-01-20 01:03:28
TXN202600009493,ACC109749,3227.62,DEPOSIT,2026-04-12 18:49:47
TXN202600009494,ACC109570,3506.62,DEPOSIT,2026-11-05 22:51:19
TXN202600009495,ACC101700,178.22,WITHDRAWAL,2026-05-26 07:44:13
TXN202600009496,ACC102521,2610.30,DEPOSIT,2026-02-17 06:21:23
TXN202600009497,ACC102264,1642.32,DEPOSIT,2026-12-09 12:05:29
TXN202600009498,ACC102631,4295.14,DEPOSIT,2026-03-16 08:20:08
TXN202600009499,ACC106973,3720.68,DEPOSIT,2026-07-24 09:15:40
TXN202600009500,ACC101700,641.22,DEPOSIT,2026-12-25 06:00:12
TXN202600009501,ACC107381,3527.23,DEPOSIT,2026-05-22 03:59:55
TXN202600009502,ACC108383,1536.52,WITHDRAWAL,2026-02-07 08:51:13
TXN202600009503,ACC109044,1136.30,DEPOSIT,2026-06-27 22:25:36
TXN202600009504,ACC100013,3716.60,DEPOSIT,2026-12-28 05:44:59
TXN202600009505,ACC103627,995.19,WITHDRAWAL,2026-03-20 22:58:42
TXN202600009506,ACC106654,2273.66,DEPOSIT,2026-07-28 08:48:21
TXN202600009507,ACC102353,1632.73,DEPOSIT,2026-04-23 18:03:44
TXN202600009508,ACC101914,171.72,WITHDRAWAL,2026-06-12 22:01:54
TXN202600009509,ACC103838,285.24,WITHDRAWAL,2026-08-06 20:19:33
TXN202600009510,ACC109162,804.54,WITHDRAWAL,2026-02-19 08:31:57
TXN202600009511,ACC105443,135.12,REVERSAL,2026-09-12 17:11:28
TXN202600009512,ACC106114,3415.52,DEPOSIT,2026-07-27 08:43:31
TXN202600009513,ACC109060,2186.62,DEPOSIT,2026-01-05 17:06:26
TXN202600009514,ACC107371,1628.35,WITHDRAWAL,2026-06-20 20:55:26
TXN202600009515,ACC101062,4676.42,DEPOSIT,2026-04-16 20:16:09
TXN202600009516,ACC105069,4111.94,DEPOSIT,2026-08-21 10:16:40
TXN202600009517,ACC106340,4409.34,DEPOSIT,2026-10-19 17:56:16
TXN202600009518,ACC101178,1311.15,WITHDRAWAL,2026-11-12 07:03:48
TXN202600009519,ACC108540,2899.25,DEPOSIT,2026-01-15 20:34:12
TXN202600009520,ACC104743,3868.10,DEPOSIT,2026-04-12 08:07:53
TXN202600009521,ACC105528,682.19,DEPOSIT,2026-02-26 19:24:07
TXN202600009522,ACC103940,4555.88,DEPOSIT,2026-01-19 19:45:33
TXN202600009523,ACC100519,4593.02,DEPOSIT,2026-02-13 05:05:03
TXN202600009524,ACC106171,2839.49,DEPOSIT,2026-05-06 18:37:37
TXN202600009525,ACC104618,1939.52,DEPOSIT,2026-01-23 15:35:35
TXN202600009526,ACC102038,108.47,WITHDRAWAL,2026-02-16 13:13:12
TXN202600009527,ACC107210,4946.38,DEPOSIT,2026-09-05 12:27:02
TXN202600009528,ACC101882,929.51,WITHDRAWAL,2026-03-23 20:40:08
TXN202600009529,ACC107719,1908.82,DEPOSIT,2026-03-21 08:50:00
TXN202600009530,ACC101504,1253.63,DEPOSIT,2026-04-10 22:44:42
TXN202600009531,ACC109853,4976.53,DEPOSIT,2026-11-06 09:52:03
TXN202600009532,ACC101123,3095.24,DEPOSIT,2026-03-25 08:14:22
TXN202600009533,ACC104224,1160.44,WITHDRAWAL,2026-03-25 11:45:46
TXN202600009534,ACC104228,4130.92,DEPOSIT,2026-08-03 04:59:19
TXN202600009535,ACC102775,1094.89,DEPOSIT,2026-04-22 21:46:09
TXN202600009536,ACC101033,2770.10,DEPOSIT,2026-08-05 05:48:10
TXN202600009537,ACC106918,3915.45,DEPOSIT,2026-04-02 05:20:02
TXN202600009538,ACC107157,3963.74,DEPOSIT,2026-07-20 12:11:45
TXN202600009539,ACC106372,1231.13,DEPOSIT,2026-12-20 13:55:00
TXN202600009540,ACC105538,4971.27,DEPOSIT,2026-09-24 19:25:39
TXN202600009541,ACC106763,2748.50,DEPOSIT,2026-10-12 00:31:39
TXN202600009542,ACC105098,3316.31,DEPOSIT,2026-04-01 19:52:23
TXN202600009543,ACC100158,2026.99,WITHDRAWAL,2026-07-27 04:24:51
TXN202600009544,ACC102596,4923.32,DEPOSIT,2026-05-17 03:21:22
TXN202600009545,ACC102789,1491.74,WITHDRAWAL,2026-07-02 14:54:34
TXN202600009546,ACC109258,2654.03,DEPOSIT,2026-12-20 08:31:46
TXN202600009547,ACC105173,3141.66,DEPOSIT,2026-05-19 04:37:05
TXN202600009548,ACC105367,607.18,DEPOSIT,2026-09-07 11:04:54
TXN202600009549,ACC109612,2043.69,DEPOSIT,2026-02-06 19:15:10
TXN202600009550,ACC104239,754.30,DEPOSIT,2026-09-07 12:57:03
TXN202600009551,ACC100297,4268.05,DEPOSIT,2026-02-17 14:26:56
TXN202600009552,ACC102616,1339.26,WITHDRAWAL,2026-01-25 08:22:38
TXN202600009553,ACC109800,973.87,WITHDRAWAL,2026-03-09 23:29:28
TXN202600009554,ACC103269,4497.54,DEPOSIT,2026-07-20 17:12:27
TXN202600009555,ACC108444,4590.23,DEPOSIT,2026-10-04 21:49:12
TXN202600009556,ACC103074,2715.99,DEPOSIT,2026-11-28 18:30:06
TXN202600009557,ACC101238,1109.37,DEPOSIT,2026-08-09 09:13:47
TXN202600009558,ACC104442,293.50,REVERSAL,2026-05-14 06:59:06
TXN202600009559,ACC109330,448.57,WITHDRAWAL,2026-09-20 06:10:13
TXN202600009560,ACC105524,1023.80,REVERSAL,2026-10-25 04:05:21
TXN202600009561,ACC108977,1998.56,WITHDRAWAL,2026-09-28 13:55:04
TXN202600009562,ACC100365,1542.24,WITHDRAWAL,2026-07-23 16:00:04
TXN202600009563,ACC106594,1689.84,WITHDRAWAL,2026-12-19 02:49:32
TXN202600009564,ACC107664,3603.13,DEPOSIT,2026-03-09 00:18:40
TXN202600009565,ACC100283,351.44,REVERSAL,2026-08-28 14:07:59
TXN202600009566,ACC105665,1233.24,DEPOSIT,2026-09-05 09:35:43
TXN202600009567,ACC102548,2497.77,DEPOSIT,2026-06-20 18:44:37
TXN202600009568,ACC104615,1623.31,WITHDRAWAL,2026-02-06 07:02:01
TXN202600009569,ACC104883,2294.10,DEPOSIT,2026-09-10 20:21:00
TXN202600009570,ACC104504,4693.76,DEPOSIT,2026-07-07 05:50:50
TXN202600009571,ACC109843,246.43,WITHDRAWAL,2026-12-02 01:28:47
TXN202600009572,ACC101312,4477.31,DEPOSIT,2026-02-05 14:14:56
TXN202600009573,ACC100926,1833.54,DEPOSIT,2026-06-05 23:38:38
TXN202600009574,ACC105434,199.08,WITHDRAWAL,2026-11-15 08:28:22
TXN202600009575,ACC107482,770.74,WITHDRAWAL,2026-01-27 22:34:46
TXN202600009576,ACC107647,2054.55,DEPOSIT,2026-08-11 09:21:49
TXN202600009577,ACC104129,1866.37,DEPOSIT,2026-04-10 18:46:15
TXN202600009578,ACC109677,3269.70,DEPOSIT,2026-10-03 09:51:00
TXN202600009579,ACC108569,2057.87,WITHDRAWAL,2026-10-11 22:36:07
TXN202600009580,ACC105536,1645.37,WITHDRAWAL,2026-04-23 03:13:19
TXN202600009581,ACC103458,4892.41,DEPOSIT,2026-12-19 08:19:45
TXN202600009582,ACC107052,4313.06,DEPOSIT,2026-10-17 09:48:16
TXN202600009583,ACC109598,1731.93,DEPOSIT,2026-10-23 13:30:04
TXN202600009584,ACC103019,2914.81,DEPOSIT,2026-04-07 03:11:55
TXN202600009585,ACC101451,371.16,REVERSAL,2026-11-22 02:42:38
TXN202600009586,ACC109442,2040.57,WITHDRAWAL,2026-12-05 04:43:16
TXN202600009587,ACC102046,1826.66,DEPOSIT,2026-07-08 06:27:25
TXN202600009588,ACC103119,2462.12,DEPOSIT,2026-02-08 09:13:10
TXN202600009589,ACC106409,1109.21,WITHDRAWAL,2026-05-12 14:46:08
TXN202600009590,ACC108030,1909.48,DEPOSIT,2026-07-23 06:46:46
TXN202600009591,ACC108811,3622.78,DEPOSIT,2026-02-15 14:31:35
TXN202600009592,ACC102201,3442.86,DEPOSIT,2026-02-16 15:13:46
TXN202600009593,ACC107047,2917.47,DEPOSIT,2026-09-05 16:02:09
TXN202600009594,ACC101342,1747.44,WITHDRAWAL,2026-07-03 23:12:37
TXN202600009595,ACC102876,2400.66,DEPOSIT,2026-06-25 13:40:00
TXN202600009596,ACC108923,3242.59,DEPOSIT,2026-09-23 16:25:49
TXN202600009597,ACC101685,2279.56,DEPOSIT,2026-11-08 13:15:56
TXN202600009598,ACC100998,1803.65,WITHDRAWAL,2026-10-23 23:32:00
TXN202600009599,ACC108202,1561.27,WITHDRAWAL,2026-10-02 20:08:00
TXN202600009600,ACC108280,1528.30,DEPOSIT,2026-10-13 19:46:44
TXN202600009601,ACC103940,4028.79,DEPOSIT,2026-12-04 11:49:10
TXN202600009602,ACC102968,2623.04,DEPOSIT,2026-02-13 18:41:05
TXN202600009603,ACC104095,3509.46,DEPOSIT,2026-01-23 16:30:21
TXN202600009604,ACC104787,2046.07,DEPOSIT,2026-04-08 08:18:28
TXN202600009605,ACC108297,3811.33,DEPOSIT,2026-05-12 10:33:05
TXN202600009606,ACC104986,4149.97,DEPOSIT,2026-01-16 21:24:23
TXN202600009607,ACC106056,1560.13,DEPOSIT,2026-05-06 20:06:23
TXN202600009608,ACC103781,892.65,WITHDRAWAL,2026-10-15 09:52:24
TXN202600009609,ACC106327,4811.88,DEPOSIT,2026-04-08 21:01:48
TXN202600009610,ACC100181,1774.95,WITHDRAWAL,2026-03-25 22:12:55
TXN202600009611,ACC101729,668.90,WITHDRAWAL,2026-12-14 10:19:41
TXN202600009612,ACC106182,831.23,WITHDRAWAL,2026-01-27 02:09:29
TXN202600009613,ACC101607,390.49,REVERSAL,2026-09-06 01:21:08
TXN202600009614,ACC102225,1734.22,WITHDRAWAL,2026-07-19 07:22:34
TXN202600009615,ACC101581,1768.97,DEPOSIT,2026-12-22 03:40:53
TXN202600009616,ACC100145,1841.54,WITHDRAWAL,2026-01-11 17:34:07
TXN202600009617,ACC109490,159.02,REVERSAL,2026-05-13 04:50:56
TXN202600009618,ACC107292,301.77,REVERSAL,2026-05-20 04:03:13
TXN202600009619,ACC106893,665.10,DEPOSIT,2026-04-24 17:21:40
TXN202600009620,ACC100466,3695.69,DEPOSIT,2026-03-01 23:46:38
TXN202600009621,ACC108899,648.52,DEPOSIT,2026-06-26 07:18:26
TXN202600009622,ACC102626,127.09,REVERSAL,2026-01-08 16:12:40
TXN202600009623,ACC106453,3047.31,DEPOSIT,2026-08-03 20:29:47
TXN202600009624,ACC105720,3584.88,DEPOSIT,2026-12-21 04:15:06
TXN202600009625,ACC109447,349.82,WITHDRAWAL,2026-12-16 04:09:31
TXN202600009626,ACC108564,122.23,WITHDRAWAL,2026-06-11 19:13:59
TXN202600009627,ACC100524,808.60,WITHDRAWAL,2026-01-23 10:44:50
TXN202600009628,ACC100581,2457.06,DEPOSIT,2026-04-02 06:21:38
TXN202600009629,ACC104862,2005.11,WITHDRAWAL,2026-09-02 16:59:46
TXN202600009630,ACC108451,2434.19,DEPOSIT,2026-07-20 14:32:51
TXN202600009631,ACC106122,2147.46,DEPOSIT,2026-01-01 12:20:09
TXN202600009632,ACC106618,1174.58,DEPOSIT,2026-07-01 18:00:22
TXN202600009633,ACC100312,4484.21,DEPOSIT,2026-01-01 09:08:36
TXN202600009634,ACC100083,2818.51,DEPOSIT,2026-09-10 12:20:53
TXN202600009635,ACC103577,1978.56,DEPOSIT,2026-03-09 07:13:05
TXN202600009636,ACC102461,2697.16,DEPOSIT,2026-04-03 01:57:40
TXN202600009637,ACC104906,1550.07,DEPOSIT,2026-11-24 01:46:37
TXN202600009638,ACC103418,1243.82,WITHDRAWAL,2026-07-16 11:09:49
TXN202600009639,ACC102006,2038.16,WITHDRAWAL,2026-09-02 01:02:07
TXN202600009640,ACC107909,3684.65,DEPOSIT,2026-12-21 20:49:54
TXN202600009641,ACC104745,1708.73,WITHDRAWAL,2026-06-24 08:36:02
TXN202600009642,ACC102256,578.48,WITHDRAWAL,2026-12-26 08:36:12
TXN202600009643,ACC105023,975.35,DEPOSIT,2026-07-14 23:11:12
TXN202600009644,ACC100747,189.82,WITHDRAWAL,2026-07-25 07:35:05
TXN202600009645,ACC109020,409.28,WITHDRAWAL,2026-08-04 21:06:28
TXN202600009646,ACC102894,2026.56,DEPOSIT,2026-03-08 22:05:10
TXN202600009647,ACC103317,825.09,REVERSAL,2026-10-16 05:07:42
TXN202600009648,ACC101576,1382.26,WITHDRAWAL,2026-03-19 02:03:55
TXN202600009649,ACC100812,2689.15,DEPOSIT,2026-06-19 22:05:11
TXN202600009650,ACC104481,1188.11,WITHDRAWAL,2026-02-03 00:18:40
TXN202600009651,ACC106073,1010.83,WITHDRAWAL,2026-06-04 14:41:21
TXN202600009652,ACC109243,4441.71,DEPOSIT,2026-02-06 19:02:42
TXN202600009653,ACC104948,1890.05,DEPOSIT,2026-05-22 19:01:16
TXN202600009654,ACC101366,1444.31,WITHDRAWAL,2026-06-07 10:15:43
TXN202600009655,ACC105776,379.21,WITHDRAWAL,2026-06-07 07:48:42
TXN202600009656,ACC107713,4150.50,DEPOSIT,2026-03-03 04:58:26
TXN202600009657,ACC109074,3510.71,DEPOSIT,2026-10-24 15:06:29
TXN202600009658,ACC101757,878.73,REVERSAL,2026-05-17 03:21:55
TXN202600009659,ACC109952,2985.25,DEPOSIT,2026-08-01 00:57:51
TXN202600009660,ACC107148,1239.59,WITHDRAWAL,2026-09-06 19:32:51
TXN202600009661,ACC105254,4936.41,DEPOSIT,2026-10-07 14:46:24
TXN202600009662,ACC106872,443.61,REVERSAL,2026-12-01 13:17:32
TXN202600009663,ACC107810,1427.59,WITHDRAWAL,2026-02-23 10:05:41
TXN202600009664,ACC100847,975.99,REVERSAL,2026-02-14 12:40:12
TXN202600009665,ACC105744,372.53,REVERSAL,2026-02-27 07:27:28
TXN202600009666,ACC107163,4005.20,DEPOSIT,2026-12-11 11:32:07
TXN202600009667,ACC104080,1636.78,DEPOSIT,2026-05-19 17:21:48
TXN202600009668,ACC100253,1441.20,WITHDRAWAL,2026-05-19 00:41:36
TXN202600009669,ACC109923,4190.16,DEPOSIT,2026-07-19 19:31:34
TXN202600009670,ACC100842,1304.94,DEPOSIT,2026-08-19 09:30:41
TXN202600009671,ACC108022,919.15,DEPOSIT,2026-09-05 03:48:05
TXN202600009672,ACC103215,3550.66,DEPOSIT,2026-01-19 09:55:48
TXN202600009673,ACC100230,1544.12,DEPOSIT,2026-07-06 19:05:12
TXN202600009674,ACC109088,3718.91,DEPOSIT,2026-12-14 23:04:43
TXN202600009675,ACC102018,908.87,WITHDRAWAL,2026-03-18 22:53:35
TXN202600009676,ACC102525,725.53,DEPOSIT,2026-03-11 19:06:50
TXN202600009677,ACC106047,721.86,DEPOSIT,2026-02-07 06:39:57
TXN202600009678,ACC101460,445.99,REVERSAL,2026-04-24 22:28:40
TXN202600009679,ACC102438,1568.66,WITHDRAWAL,2026-01-27 22:43:45
TXN202600009680,ACC103426,3839.36,DEPOSIT,2026-10-21 05:31:15
TXN202600009681,ACC105016,871.18,DEPOSIT,2026-01-18 08:23:58
TXN202600009682,ACC101939,2955.38,DEPOSIT,2026-07-17 17:34:21
TXN202600009683,ACC106578,4883.65,DEPOSIT,2026-05-16 20:58:13
TXN202600009684,ACC103834,859.34,DEPOSIT,2026-10-17 21:15:25
TXN202600009685,ACC109148,4920.94,DEPOSIT,2026-07-12 19:11:59
TXN202600009686,ACC104587,1291.35,WITHDRAWAL,2026-11-18 04:02:28
TXN202600009687,ACC104716,3878.23,DEPOSIT,2026-05-22 00:09:00
TXN202600009688,ACC102260,252.55,WITHDRAWAL,2026-12-17 15:56:06
TXN202600009689,ACC102217,2841.41,DEPOSIT,2026-02-12 18:35:55
TXN202600009690,ACC108059,3086.24,DEPOSIT,2026-07-23 08:02:56
TXN202600009691,ACC105290,615.85,DEPOSIT,2026-08-15 15:11:55
TXN202600009692,ACC108226,939.34,WITHDRAWAL,2026-12-20 22:29:11
TXN202600009693,ACC105037,2853.36,DEPOSIT,2026-01-05 16:12:31
TXN202600009694,ACC100869,3108.40,DEPOSIT,2026-08-04 13:18:42
TXN202600009695,ACC109379,2059.19,DEPOSIT,2026-07-18 21:16:39
TXN202600009696,ACC108453,1529.47,WITHDRAWAL,2026-07-04 16:19:49
TXN202600009697,ACC109530,928.03,WITHDRAWAL,2026-09-24 13:37:43
TXN202600009698,ACC102350,4441.70,DEPOSIT,2026-10-06 14:43:07
TXN202600009699,ACC100244,1774.94,WITHDRAWAL,2026-04-21 04:43:53
TXN202600009700,ACC100196,2701.94,DEPOSIT,2026-04-01 14:23:59
TXN202600009701,ACC109283,4312.67,DEPOSIT,2026-06-13 00:07:11
TXN202600009702,ACC102571,1352.71,WITHDRAWAL,2026-05-25 16:59:27
TXN202600009703,ACC105910,3648.30,DEPOSIT,2026-06-21 10:03:38
TXN202600009704,ACC109236,1493.23,WITHDRAWAL,2026-03-02 09:24:41
TXN202600009705,ACC106238,4939.28,DEPOSIT,2026-02-06 14:25:19
TXN202600009706,ACC107411,1256.59,WITHDRAWAL,2026-08-01 10:37:59
TXN202600009707,ACC106410,1482.29,WITHDRAWAL,2026-11-26 23:04:40
TXN202600009708,ACC107326,4726.97,DEPOSIT,2026-04-07 22:00:46
TXN202600009709,ACC103378,3129.10,DEPOSIT,2026-03-13 17:50:10
TXN202600009710,ACC108545,1305.78,WITHDRAWAL,2026-08-18 22:19:51
TXN202600009711,ACC106544,4117.54,DEPOSIT,2026-04-14 20:32:35
TXN202600009712,ACC104493,941.62,WITHDRAWAL,2026-04-27 10:48:42
TXN202600009713,ACC100952,383.64,WITHDRAWAL,2026-04-24 17:28:54
TXN202600009714,ACC104257,645.95,WITHDRAWAL,2026-03-18 06:21:52
TXN202600009715,ACC105912,1036.99,DEPOSIT,2026-04-12 12:08:00
TXN202600009716,ACC104671,3594.00,DEPOSIT,2026-08-17 14:30:36
TXN202600009717,ACC108124,289.37,WITHDRAWAL,2026-03-20 23:49:50
TXN202600009718,ACC103551,3839.35,DEPOSIT,2026-12-12 23:53:14
TXN202600009719,ACC109177,730.00,REVERSAL,2026-05-02 14:38:44
TXN202600009720,ACC100482,3057.97,DEPOSIT,2026-03-05 20:32:53
TXN202600009721,ACC101003,258.74,REVERSAL,2026-05-05 20:59:03
TXN202600009722,ACC106493,694.31,DEPOSIT,2026-01-20 17:46:19
TXN202600009723,ACC104056,3404.67,DEPOSIT,2026-04-05 09:34:14
TXN202600009724,ACC105542,2020.90,DEPOSIT,2026-12-02 16:04:43
TXN202600009725,ACC108115,3638.56,DEPOSIT,2026-11-06 05:49:47
TXN202600009726,ACC108747,1227.18,WITHDRAWAL,2026-11-11 21:31:22
TXN202600009727,ACC109118,1696.91,DEPOSIT,2026-04-05 06:27:52
TXN202600009728,ACC100110,168.89,WITHDRAWAL,2026-05-07 15:59:38
TXN202600009729,ACC103351,1508.93,DEPOSIT,2026-10-03 10:29:04
TXN202600009730,ACC105662,1842.53,WITHDRAWAL,2026-04-01 05:51:28
TXN202600009731,ACC106549,1859.99,DEPOSIT,2026-04-07 17:17:05
TXN202600009732,ACC109792,195.89,WITHDRAWAL,2026-05-07 19:08:18
TXN202600009733,ACC105770,4732.79,DEPOSIT,2026-12-20 02:34:09
TXN202600009734,ACC104779,1706.33,DEPOSIT,2026-05-18 23:40:02
TXN202600009735,ACC106552,4762.21,DEPOSIT,2026-08-25 07:55:18
TXN202600009736,ACC101906,1219.35,WITHDRAWAL,2026-06-03 04:15:54
TXN202600009737,ACC104034,2880.05,DEPOSIT,2026-01-04 16:25:30
TXN202600009738,ACC106507,2421.65,DEPOSIT,2026-12-23 18:54:49
TXN202600009739,ACC105400,2583.10,DEPOSIT,2026-07-14 17:32:04
TXN202600009740,ACC100557,1221.95,DEPOSIT,2026-03-04 15:32:42
TXN202600009741,ACC101668,1691.67,DEPOSIT,2026-10-13 01:37:32
TXN202600009742,ACC105319,1548.90,DEPOSIT,2026-03-04 23:34:11
TXN202600009743,ACC101763,1110.45,DEPOSIT,2026-04-17 23:26:23
TXN202600009744,ACC106747,109.77,WITHDRAWAL,2026-11-03 03:32:57
TXN202600009745,ACC104299,997.93,REVERSAL,2026-08-12 02:25:11
TXN202600009746,ACC108298,2709.99,DEPOSIT,2026-10-02 00:29:40
TXN202600009747,ACC108540,3972.62,DEPOSIT,2026-11-08 22:51:45
TXN202600009748,ACC109402,1254.43,DEPOSIT,2026-11-07 06:48:23
TXN202600009749,ACC108771,1413.58,WITHDRAWAL,2026-10-15 14:13:30
TXN202600009750,ACC107108,2704.40,DEPOSIT,2026-09-08 19:04:14
TXN202600009751,ACC103848,768.64,DEPOSIT,2026-01-26 02:01:15
TXN202600009752,ACC101577,2561.17,DEPOSIT,2026-08-27 12:02:20
TXN202600009753,ACC107831,1305.89,DEPOSIT,2026-06-20 06:31:47
TXN202600009754,ACC107954,617.26,REVERSAL,2026-02-16 16:43:08
TXN202600009755,ACC108700,1431.94,DEPOSIT,2026-09-19 04:11:35
TXN202600009756,ACC105624,4200.78,DEPOSIT,2026-10-13 00:41:10
TXN202600009757,ACC107913,1132.61,DEPOSIT,2026-12-21 23:21:51
TXN202600009758,ACC101353,1893.72,DEPOSIT,2026-07-12 22:00:03
TXN202600009759,ACC101506,2177.89,DEPOSIT,2026-07-08 04:20:59
TXN202600009760,ACC109257,1332.66,WITHDRAWAL,2026-01-27 01:34:23
TXN202600009761,ACC108776,961.35,REVERSAL,2026-10-15 07:21:05
TXN202600009762,ACC100218,894.38,DEPOSIT,2026-09-07 02:19:03
TXN202600009763,ACC103811,1228.90,WITHDRAWAL,2026-04-26 23:01:48
TXN202600009764,ACC101474,1027.20,WITHDRAWAL,2026-07-11 06:15:28
TXN202600009765,ACC107177,1418.29,DEPOSIT,2026-04-13 07:12:39
TXN202600009766,ACC106492,379.04,REVERSAL,2026-02-10 07:29:07
TXN202600009767,ACC108875,1786.82,WITHDRAWAL,2026-03-17 02:36:32
TXN202600009768,ACC100058,1104.62,DEPOSIT,2026-11-08 17:33:03
TXN202600009769,ACC100688,3408.93,DEPOSIT,2026-01-25 18:52:39
TXN202600009770,ACC103639,1691.54,DEPOSIT,2026-12-13 07:07:56
TXN202600009771,ACC100202,4514.79,DEPOSIT,2026-09-07 05:28:42
TXN202600009772,ACC102522,4426.03,DEPOSIT,2026-04-26 23:35:17
TXN202600009773,ACC100197,2788.49,DEPOSIT,2026-12-22 11:43:31
TXN202600009774,ACC100628,2713.17,DEPOSIT,2026-06-06 00:05:46
TXN202600009775,ACC101279,1552.32,DEPOSIT,2026-09-28 17:50:50
TXN202600009776,ACC106843,1859.59,WITHDRAWAL,2026-07-12 22:37:48
TXN202600009777,ACC104177,1991.63,WITHDRAWAL,2026-12-06 03:20:21
TXN202600009778,ACC109072,924.53,DEPOSIT,2026-02-14 23:41:54
TXN202600009779,ACC104189,1434.38,WITHDRAWAL,2026-04-28 01:43:53
TXN202600009780,ACC103212,550.97,WITHDRAWAL,2026-04-09 21:48:33
TXN202600009781,ACC107280,1058.09,WITHDRAWAL,2026-07-27 09:29:19
TXN202600009782,ACC100888,3823.35,DEPOSIT,2026-01-16 00:15:16
TXN202600009783,ACC103927,4014.24,DEPOSIT,2026-05-14 20:04:41
TXN202600009784,ACC106538,676.01,WITHDRAWAL,2026-06-25 07:18:06
TXN202600009785,ACC102351,2867.60,DEPOSIT,2026-10-18 23:45:11
TXN202600009786,ACC105164,1624.71,WITHDRAWAL,2026-12-07 10:28:50
TXN202600009787,ACC102565,3850.25,DEPOSIT,2026-10-01 08:00:26
TXN202600009788,ACC102312,2022.19,WITHDRAWAL,2026-01-26 15:12:45
TXN202600009789,ACC101485,1345.64,WITHDRAWAL,2026-03-26 03:57:20
TXN202600009790,ACC107246,4191.39,DEPOSIT,2026-09-09 16:33:39
TXN202600009791,ACC106735,4713.02,DEPOSIT,2026-10-23 00:54:34
TXN202600009792,ACC108134,614.06,WITHDRAWAL,2026-06-13 05:10:51
TXN202600009793,ACC105676,875.39,REVERSAL,2026-01-14 11:32:39
TXN202600009794,ACC103698,261.12,REVERSAL,2026-03-11 03:59:28
TXN202600009795,ACC107534,832.48,WITHDRAWAL,2026-12-12 15:30:33
TXN202600009796,ACC109195,3316.12,DEPOSIT,2026-07-20 16:15:14
TXN202600009797,ACC106318,3532.99,DEPOSIT,2026-07-01 16:09:18
TXN202600009798,ACC100717,2153.46,DEPOSIT,2026-09-14 08:54:58
TXN202600009799,ACC107983,1747.75,DEPOSIT,2026-06-13 11:26:29
TXN202600009800,ACC107293,1734.31,DEPOSIT,2026-10-15 09:52:07
TXN202600009801,ACC107049,1907.62,DEPOSIT,2026-05-03 19:14:40
TXN202600009802,ACC103111,4403.19,DEPOSIT,2026-11-18 08:36:33
TXN202600009803,ACC103953,1630.36,WITHDRAWAL,2026-02-11 10:03:07
TXN202600009804,ACC101925,575.53,DEPOSIT,2026-06-01 06:39:20
TXN202600009805,ACC105493,1923.57,WITHDRAWAL,2026-08-26 10:04:42
TXN202600009806,ACC103386,4058.52,DEPOSIT,2026-05-10 18:28:14
TXN202600009807,ACC105716,1599.67,WITHDRAWAL,2026-02-03 23:26:47
TXN202600009808,ACC108430,1532.93,WITHDRAWAL,2026-10-22 03:37:42
TXN202600009809,ACC106075,4616.74,DEPOSIT,2026-02-26 03:35:23
TXN202600009810,ACC100162,4041.06,DEPOSIT,2026-12-20 10:33:21
TXN202600009811,ACC108010,1165.98,DEPOSIT,2026-05-25 14:49:04
TXN202600009812,ACC100052,473.88,WITHDRAWAL,2026-11-04 10:06:15
TXN202600009813,ACC103797,1624.96,DEPOSIT,2026-07-18 15:16:04
TXN202600009814,ACC101197,345.43,REVERSAL,2026-04-19 13:18:15
TXN202600009815,ACC101416,3429.34,DEPOSIT,2026-03-07 03:53:41
TXN202600009816,ACC100886,2812.66,DEPOSIT,2026-01-24 12:45:24
TXN202600009817,ACC104066,2060.18,WITHDRAWAL,2026-09-01 01:34:24
TXN202600009818,ACC103531,4861.71,DEPOSIT,2026-12-17 10:05:18
TXN202600009819,ACC100547,920.19,DEPOSIT,2026-05-12 06:19:36
TXN202600009820,ACC103014,1080.67,DEPOSIT,2026-02-20 21:42:48
TXN202600009821,ACC106305,4754.75,DEPOSIT,2026-05-21 12:43:49
TXN202600009822,ACC109724,3807.99,DEPOSIT,2026-08-09 10:22:51
TXN202600009823,ACC102772,126.76,WITHDRAWAL,2026-05-15 18:17:11
TXN202600009824,ACC102837,3295.19,DEPOSIT,2026-09-12 04:33:59
TXN202600009825,ACC102499,526.23,DEPOSIT,2026-10-20 15:07:13
TXN202600009826,ACC107750,793.54,WITHDRAWAL,2026-11-11 08:35:10
TXN202600009827,ACC105286,3425.52,DEPOSIT,2026-02-23 09:16:01
TXN202600009828,ACC106058,305.25,REVERSAL,2026-08-18 00:46:56
TXN202600009829,ACC100203,146.76,WITHDRAWAL,2026-12-06 12:57:18
TXN202600009830,ACC107310,3814.56,DEPOSIT,2026-09-13 18:47:58
TXN202600009831,ACC107717,1855.13,DEPOSIT,2026-01-22 09:21:29
TXN202600009832,ACC101114,4930.31,DEPOSIT,2026-07-03 12:33:15
TXN202600009833,ACC103918,898.57,REVERSAL,2026-11-20 04:15:29
TXN202600009834,ACC106235,902.74,WITHDRAWAL,2026-09-21 21:53:04
TXN202600009835,ACC106878,3516.89,DEPOSIT,2026-05-16 17:18:19
TXN202600009836,ACC100286,1377.07,WITHDRAWAL,2026-06-21 19:05:22
TXN202600009837,ACC104516,866.24,REVERSAL,2026-07-25 04:44:34
TXN202600009838,ACC101400,2045.20,WITHDRAWAL,2026-11-25 04:04:11
TXN202600009839,ACC107139,3095.69,DEPOSIT,2026-08-22 20:16:55
TXN202600009840,ACC102658,4769.65,DEPOSIT,2026-10-21 03:23:27
TXN202600009841,ACC104871,2262.10,DEPOSIT,2026-11-04 03:48:49
TXN202600009842,ACC106833,127.22,WITHDRAWAL,2026-03-26 10:17:06
TXN202600009843,ACC100709,426.99,WITHDRAWAL,2026-11-14 04:47:05
TXN202600009844,ACC101137,1364.44,WITHDRAWAL,2026-03-01 06:42:56
TXN202600009845,ACC100561,1831.05,WITHDRAWAL,2026-02-06 09:50:58
TXN202600009846,ACC106978,312.78,REVERSAL,2026-07-14 03:26:56
TXN202600009847,ACC106778,2976.52,DEPOSIT,2026-05-03 00:27:52
TXN202600009848,ACC109388,1823.27,DEPOSIT,2026-03-09 20:25:46
TXN202600009849,ACC101137,4513.65,DEPOSIT,2026-02-07 09:11:30
TXN202600009850,ACC104813,1097.36,REVERSAL,2026-05-27 22:02:43
TXN202600009851,ACC105126,804.66,REVERSAL,2026-03-07 22:47:33
TXN202600009852,ACC106690,4704.24,DEPOSIT,2026-01-07 10:09:51
TXN202600009853,ACC108084,870.76,DEPOSIT,2026-01-22 08:13:04
TXN202600009854,ACC103810,561.40,WITHDRAWAL,2026-10-24 21:20:34
TXN202600009855,ACC101300,269.59,REVERSAL,2026-09-26 17:57:46
TXN202600009856,ACC106583,787.63,WITHDRAWAL,2026-02-23 05:18:15
TXN202600009857,ACC107453,3783.10,DEPOSIT,2026-06-11 03:40:24
TXN202600009858,ACC104790,834.47,DEPOSIT,2026-12-27 10:23:22
TXN202600009859,ACC103228,1332.72,DEPOSIT,2026-12-17 04:19:32
TXN202600009860,ACC104623,4606.71,DEPOSIT,2026-08-09 15:35:33
TXN202600009861,ACC106334,2821.19,DEPOSIT,2026-04-06 12:05:10
TXN202600009862,ACC103231,693.51,WITHDRAWAL,2026-04-10 04:01:28
TXN202600009863,ACC101547,3483.81,DEPOSIT,2026-06-02 12:14:11
TXN202600009864,ACC105809,4264.36,DEPOSIT,2026-09-12 01:25:18
TXN202600009865,ACC100894,641.46,DEPOSIT,2026-11-06 21:03:47
TXN202600009866,ACC104915,684.45,WITHDRAWAL,2026-12-20 08:22:32
TXN202600009867,ACC105888,2467.15,DEPOSIT,2026-08-28 10:50:09
TXN202600009868,ACC101734,2559.96,DEPOSIT,2026-11-15 22:38:21
TXN202600009869,ACC105235,4215.30,DEPOSIT,2026-09-25 10:23:18
TXN202600009870,ACC103006,4258.36,DEPOSIT,2026-09-16 08:03:19
TXN202600009871,ACC103019,1375.55,DEPOSIT,2026-06-26 06:38:22
TXN202600009872,ACC102440,2755.78,DEPOSIT,2026-07-22 14:23:13
TXN202600009873,ACC106887,917.36,DEPOSIT,2026-02-24 03:13:13
TXN202600009874,ACC102875,1132.43,DEPOSIT,2026-09-18 22:21:45
TXN202600009875,ACC103229,2845.58,DEPOSIT,2026-09-26 04:59:17
TXN202600009876,ACC106117,1758.37,DEPOSIT,2026-05-15 16:56:02
TXN202600009877,ACC107445,535.99,DEPOSIT,2026-04-13 07:35:45
TXN202600009878,ACC108231,1060.22,DEPOSIT,2026-06-11 17:45:19
TXN202600009879,ACC102589,2930.87,DEPOSIT,2026-11-07 10:42:13
TXN202600009880,ACC106972,2882.30,DEPOSIT,2026-05-06 14:32:19
TXN202600009881,ACC104810,1259.17,DEPOSIT,2026-10-27 02:46:40
TXN202600009882,ACC100627,4404.80,DEPOSIT,2026-01-27 23:56:34
TXN202600009883,ACC102367,1516.05,WITHDRAWAL,2026-03-21 00:04:13
TXN202600009884,ACC102877,2364.03,DEPOSIT,2026-05-23 21:35:28
TXN202600009885,ACC109382,3070.88,DEPOSIT,2026-04-13 07:02:54
TXN202600009886,ACC108752,1264.74,DEPOSIT,2026-12-14 16:21:18
TXN202600009887,ACC101596,995.62,WITHDRAWAL,2026-10-14 14:19:32
TXN202600009888,ACC106586,2224.28,DEPOSIT,2026-08-12 18:34:46
TXN202600009889,ACC100474,764.64,DEPOSIT,2026-01-08 06:32:55
TXN202600009890,ACC106659,3892.39,DEPOSIT,2026-08-05 01:04:40
TXN202600009891,ACC104366,2490.88,DEPOSIT,2026-02-16 01:51:01
TXN202600009892,ACC107178,532.72,DEPOSIT,2026-12-01 05:54:34
TXN202600009893,ACC107353,1443.63,DEPOSIT,2026-11-20 07:11:23
TXN202600009894,ACC107232,354.51,WITHDRAWAL,2026-07-03 06:58:51
TXN202600009895,ACC107907,1278.12,WITHDRAWAL,2026-07-23 14:35:15
TXN202600009896,ACC105170,3349.94,DEPOSIT,2026-09-06 00:31:53
TXN202600009897,ACC108025,513.36,WITHDRAWAL,2026-03-15 05:54:14
TXN202600009898,ACC104384,2041.12,DEPOSIT,2026-01-18 15:27:38
TXN202600009899,ACC108871,4207.16,DEPOSIT,2026-08-13 20:12:38
TXN202600009900,ACC103835,1481.66,WITHDRAWAL,2026-07-17 01:25:46
TXN202600009901,ACC105152,1950.14,DEPOSIT,2026-10-03 20:09:31
TXN202600009902,ACC107596,4577.88,DEPOSIT,2026-11-02 11:47:47
TXN202600009903,ACC109355,1688.60,DEPOSIT,2026-09-17 06:38:40
TXN202600009904,ACC101953,3948.79,DEPOSIT,2026-10-19 12:29:22
TXN202600009905,ACC109193,675.91,WITHDRAWAL,2026-04-23 10:17:32
TXN202600009906,ACC101889,4485.55,DEPOSIT,2026-07-26 07:38:41
TXN202600009907,ACC107763,875.85,WITHDRAWAL,2026-12-23 14:00:15
TXN202600009908,ACC100687,1037.34,DEPOSIT,2026-01-09 01:44:10
TXN202600009909,ACC104623,2050.66,WITHDRAWAL,2026-08-14 00:07:52
TXN202600009910,ACC106157,4249.12,DEPOSIT,2026-05-15 00:41:15
TXN202600009911,ACC102433,1712.52,DEPOSIT,2026-03-20 19:50:29
TXN202600009912,ACC103382,1191.66,DEPOSIT,2026-10-13 11:37:56
TXN202600009913,ACC109102,2790.37,DEPOSIT,2026-01-21 18:33:27
TXN202600009914,ACC107934,2778.72,DEPOSIT,2026-05-11 20:41:11
TXN202600009915,ACC108956,1514.06,DEPOSIT,2026-03-04 03:38:59
TXN202600009916,ACC109605,2668.88,DEPOSIT,2026-03-24 22:39:46
TXN202600009917,ACC103719,411.41,WITHDRAWAL,2026-02-07 03:54:26
TXN202600009918,ACC105895,2756.16,DEPOSIT,2026-09-27 21:15:23
TXN202600009919,ACC101005,3147.77,DEPOSIT,2026-08-17 17:05:45
TXN202600009920,ACC106448,3303.43,DEPOSIT,2026-04-22 00:35:13
TXN202600009921,ACC105418,899.62,DEPOSIT,2026-02-20 01:24:16
TXN202600009922,ACC100411,4241.54,DEPOSIT,2026-07-22 21:16:39
TXN202600009923,ACC101502,3748.95,DEPOSIT,2026-06-15 23:20:53
TXN202600009924,ACC108811,212.44,WITHDRAWAL,2026-11-15 17:36:18
TXN202600009925,ACC100107,924.47,WITHDRAWAL,2026-09-24 06:33:28
TXN202600009926,ACC103697,1346.70,DEPOSIT,2026-01-03 02:48:04
TXN202600009927,ACC106427,4168.69,DEPOSIT,2026-08-19 13:38:23
TXN202600009928,ACC109901,1959.92,DEPOSIT,2026-10-22 11:22:16
TXN202600009929,ACC103775,3413.48,DEPOSIT,2026-05-18 21:24:33
TXN202600009930,ACC104016,299.72,WITHDRAWAL,2026-03-12 18:53:01
TXN202600009931,ACC104355,1013.17,WITHDRAWAL,2026-12-02 16:30:29
TXN202600009932,ACC105567,343.21,WITHDRAWAL,2026-11-13 18:05:08
TXN202600009933,ACC103709,567.27,WITHDRAWAL,2026-09-12 01:27:17
TXN202600009934,ACC100019,1034.80,WITHDRAWAL,2026-08-14 00:18:42
TXN202600009935,ACC100117,1045.21,WITHDRAWAL,2026-09-09 11:19:20
TXN202600009936,ACC106363,1764.54,WITHDRAWAL,2026-07-26 20:06:30
TXN202600009937,ACC106319,2626.78,DEPOSIT,2026-12-15 09:56:05
TXN202600009938,ACC101364,2099.19,WITHDRAWAL,2026-04-25 21:50:43
TXN202600009939,ACC102501,681.73,DEPOSIT,2026-07-08 17:41:45
TXN202600009940,ACC106880,1694.88,WITHDRAWAL,2026-06-25 01:02:07
TXN202600009941,ACC102640,3920.42,DEPOSIT,2026-06-25 21:58:40
TXN202600009942,ACC106098,4535.74,DEPOSIT,2026-07-23 16:13:53
TXN202600009943,ACC108134,3344.18,DEPOSIT,2026-03-13 08:55:00
TXN202600009944,ACC101450,3530.87,DEPOSIT,2026-12-25 11:00:49
TXN202600009945,ACC104350,4496.32,DEPOSIT,2026-10-21 10:35:15
TXN202600009946,ACC109900,3818.11,DEPOSIT,2026-08-05 22:07:45
TXN202600009947,ACC108143,1968.36,WITHDRAWAL,2026-12-03 16:05:32
TXN202600009948,ACC101548,3301.41,DEPOSIT,2026-03-06 15:57:11
TXN202600009949,ACC107895,3543.35,DEPOSIT,2026-10-10 17:17:58
TXN202600009950,ACC106645,4588.78,DEPOSIT,2026-10-11 01:09:19
TXN202600009951,ACC105240,2744.70,DEPOSIT,2026-10-21 17:01:52
TXN202600009952,ACC103911,3763.05,DEPOSIT,2026-10-05 02:34:27
TXN202600009953,ACC103853,1381.17,DEPOSIT,2026-06-05 12:39:12
TXN202600009954,ACC106096,926.74,DEPOSIT,2026-02-15 13:29:39
TXN202600009955,ACC107307,2875.52,DEPOSIT,2026-05-18 00:35:19
TXN202600009956,ACC105858,4742.34,DEPOSIT,2026-07-05 12:07:23
TXN202600009957,ACC100228,2226.35,DEPOSIT,2026-08-26 09:34:47
TXN202600009958,ACC107395,664.66,WITHDRAWAL,2026-11-02 14:06:47
TXN202600009959,ACC101573,4415.91,DEPOSIT,2026-02-20 17:58:29
TXN202600009960,ACC107698,1269.25,DEPOSIT,2026-01-18 08:24:42
TXN202600009961,ACC100256,4618.00,DEPOSIT,2026-01-15 04:14:57
TXN202600009962,ACC100949,2639.91,DEPOSIT,2026-08-28 11:55:42
TXN202600009963,ACC109380,135.58,WITHDRAWAL,2026-01-11 06:30:07
TXN202600009964,ACC106320,2402.74,DEPOSIT,2026-02-10 01:48:41
TXN202600009965,ACC100873,1698.17,WITHDRAWAL,2026-06-22 01:47:35
TXN202600009966,ACC106577,929.14,REVERSAL,2026-05-26 05:46:46
TXN202600009967,ACC104888,1355.61,WITHDRAWAL,2026-09-01 06:41:30
TXN202600009968,ACC101400,4820.78,DEPOSIT,2026-05-01 06:56:23
TXN202600009969,ACC108552,681.56,WITHDRAWAL,2026-08-14 07:19:10
TXN202600009970,ACC105779,1382.49,DEPOSIT,2026-01-19 08:03:39
TXN202600009971,ACC106228,1833.08,WITHDRAWAL,2026-08-05 06:52:20
TXN202600009972,ACC105206,1621.00,DEPOSIT,2026-09-10 07:15:23
TXN202600009973,ACC106089,857.25,WITHDRAWAL,2026-11-02 06:04:04
TXN202600009974,ACC101399,432.31,WITHDRAWAL,2026-01-10 08:16:25
TXN202600009975,ACC109660,3533.62,DEPOSIT,2026-03-06 20:18:45
TXN202600009976,ACC108040,2016.55,WITHDRAWAL,2026-12-22 05:37:45
TXN202600009977,ACC102361,687.04,WITHDRAWAL,2026-02-15 17:44:27
TXN202600009978,ACC104031,2866.73,DEPOSIT,2026-03-19 20:04:33
TXN202600009979,ACC104950,1862.49,WITHDRAWAL,2026-01-22 14:21:03
TXN202600009980,ACC107057,4276.34,DEPOSIT,2026-12-17 06:57:16
TXN202600009981,ACC107926,1456.90,DEPOSIT,2026-09-04 04:47:06
TXN202600009982,ACC109467,3694.22,DEPOSIT,2026-07-07 23:07:28
TXN202600009983,ACC100539,2046.90,WITHDRAWAL,2026-12-05 07:45:42
TXN202600009984,ACC102369,564.25,WITHDRAWAL,2026-09-02 14:36:21
TXN202600009985,ACC106244,1269.81,WITHDRAWAL,2026-05-17 22:20:54
TXN202600009986,ACC104369,1530.76,DEPOSIT,2026-01-06 10:29:22
TXN202600009987,ACC107205,1375.72,DEPOSIT,2026-10-13 01:06:40
TXN202600009988,ACC107151,1063.66,DEPOSIT,2026-12-01 06:21:18
TXN202600009989,ACC100324,1810.15,DEPOSIT,2026-11-14 16:58:05
TXN202600009990,ACC105492,634.63,WITHDRAWAL,2026-04-25 10:24:47
TXN202600009991,ACC101520,3231.53,DEPOSIT,2026-05-13 19:43:57
TXN202600009992,ACC106001,1222.64,DEPOSIT,2026-01-24 08:04:56
TXN202600009993,ACC106668,1263.52,DEPOSIT,2026-04-23 19:02:54
TXN202600009994,ACC101902,3254.91,DEPOSIT,2026-01-03 07:00:33
TXN202600009995,ACC103690,3579.82,DEPOSIT,2026-07-12 13:51:48
TXN202600009996,ACC104752,3773.20,DEPOSIT,2026-06-04 00:37:34
TXN202600009997,ACC109476,672.61,WITHDRAWAL,2026-02-27 22:03:06
TXN202600009998,ACC100312,4346.25,DEPOSIT,2026-01-13 03:22:16
TXN202600009999,ACC102836,513.64,DEPOSIT,2026-10-09 07:17:44
TXN202600010000,ACC105719,724.10,WITHDRAWAL,2026-01-14 12:41:39
